# Blender 4.5.1 LTS
# www.blender.org
mtllib Scorbunny.mtl
o Plane
v 1.970716 6.204168 0.516611
v 1.997069 3.645739 0.196186
v 2.112515 5.512224 1.433512
v 2.124321 5.000452 1.556672
v 1.945642 1.975299 0.174083
v 2.029010 2.141403 0.446939
v 2.076061 3.020850 0.278953
v 2.065164 2.861441 0.313837
v 2.056483 2.487106 0.451818
v 2.189065 3.650644 -0.046888
v 1.970716 6.278838 0.029220
v 1.796400 1.951679 -0.038593
v 2.243723 2.112849 0.066853
v 2.232695 3.154035 -0.010648
v 2.258591 2.889756 0.019030
v 2.327680 2.505065 0.042010
v 1.982947 1.503612 0.269447
v 1.815075 1.479993 0.075402
v 1.968036 1.115303 0.305105
v 1.799851 1.091683 0.110747
v 2.005761 0.914531 0.303566
v 1.791353 0.880103 0.108832
v 2.050360 3.295625 0.253298
v 2.236285 3.461317 -0.052634
v 2.014886 0.185886 0.163660
v 1.849733 0.305531 -0.001493
v 2.412772 0.688803 0.558956
v 2.399862 0.177254 0.546047
v 2.843303 0.652289 1.055052
v 2.849040 0.227149 1.060790
v 2.641635 0.737489 0.747505
v 2.628726 0.177254 0.734595
v 2.213983 0.680689 0.417507
v 2.210587 0.177254 0.367612
v 2.911188 0.570682 1.083811
v 2.905450 0.341455 1.078073
v 2.762159 0.729374 0.907408
v 2.760724 0.176240 0.905973
v 2.272007 0.570682 0.351553
v 2.468318 0.570682 0.495358
v 2.901555 0.570682 0.947267
v 2.834490 0.570682 0.834058
v 1.813081 0.566369 -0.022602
v 2.098536 0.570682 0.213744
v 2.696513 0.570682 0.683238
v 2.267028 0.341455 0.346574
v 2.463373 0.341455 0.490413
v 2.904098 0.341455 0.949809
v 2.833976 0.341455 0.833545
v 1.814461 0.374011 -0.021222
v 2.088457 0.341455 0.203666
v 2.691941 0.341455 0.678665
v 2.046137 6.261896 0.143456
v 2.046137 6.244265 0.289134
v 2.118974 3.661428 0.069582
v 1.921306 1.967426 0.077778
v 1.869757 1.959552 0.008689
v 2.123801 2.131885 0.334923
v 2.181261 2.122367 0.200888
v 2.141703 3.079408 0.168715
v 2.179490 3.125276 0.075649
v 2.142781 2.869586 0.229150
v 2.199972 2.884321 0.123452
v 2.163964 2.492615 0.330868
v 2.261747 2.498571 0.184062
v 1.958612 1.495739 0.173143
v 1.898292 1.487866 0.112823
v 1.940923 1.107430 0.206023
v 1.877825 1.099556 0.142926
v 1.973430 0.906658 0.204464
v 1.895808 0.898785 0.126843
v 2.144960 3.342596 0.166046
v 2.183024 3.405739 0.042208
v 1.958631 0.189727 0.107406
v 1.901173 0.210592 0.049947
v 2.029839 0.570682 0.108059
v 1.942647 0.570682 0.020867
v 2.001504 0.341455 0.120996
v 1.916692 0.341455 0.036184
v 1.913800 8.890259 0.910380
v 1.913800 8.993074 0.442938
v 2.000870 8.975876 0.529667
v 2.000870 8.957976 0.726962
v 2.194301 7.788784 0.134990
v 2.194301 7.735250 0.863354
v 2.107232 7.815460 -0.098764
v 2.107231 7.580492 1.158646
v 1.867025 9.194563 0.687161
v 2.164579 8.191821 0.218001
v 2.097131 8.613309 0.314258
v 2.077509 8.230759 0.019921
v 2.010061 8.644227 0.192212
v 2.097131 8.581131 0.842280
v 2.164579 8.089138 0.879855
v 2.010061 8.459391 1.086412
v 2.077509 7.997982 1.163561
v 2.199585 7.261066 0.761902
v 2.112515 7.113535 1.054983
v 2.199585 7.300062 0.112679
v 2.112515 7.337531 -0.100641
v 2.185114 6.755859 0.551106
v 2.098044 6.637923 0.793693
v 2.185114 6.787032 0.142679
v 2.098044 6.816985 -0.035842
v 2.106225 6.484458 0.377638
v 2.031171 6.405946 0.597941
v 2.106225 6.505211 0.163587
v 2.031171 6.525150 -0.004757
v 2.112515 5.568629 1.577293
v 2.112515 5.031712 1.737700
v 2.112515 5.638070 1.669921
v 2.112515 5.097613 1.913877
v 2.112515 5.730890 1.884216
v 2.112515 5.299711 2.159909
v 2.190021 5.314984 1.501053
v 2.190021 5.359659 1.626711
v 2.190021 5.429815 1.751442
v 2.190021 5.452140 1.815323
v 2.112515 5.483703 2.233536
v 2.112515 5.530256 2.092994
v 2.112515 5.582598 2.243578
v 2.112515 5.610952 1.856484
v 2.112515 5.724704 1.791650
v 2.189896 1.768510 1.464788
v 2.184869 1.854058 1.560645
v 2.003410 3.068562 0.589758
v 2.040595 2.955220 0.888870
v 2.076329 2.678091 1.127213
v 2.173004 2.496714 1.304636
v 2.205263 2.171272 1.516874
v 2.224354 1.868857 1.264384
v 2.191204 2.208143 1.062289
v 2.088894 2.466967 0.951135
v 2.043258 2.753176 0.783162
v 1.997464 2.891969 0.559763
v 2.188453 2.344426 1.417703
v 2.208531 2.026729 1.154260
v 2.173090 1.997120 1.570629
v 2.186467 1.783257 1.381991
v 2.084630 3.566136 0.343923
v 2.100239 3.323431 0.308925
v 2.217916 3.371358 0.005228
v 2.185703 3.339444 0.103081
v 2.170352 3.626377 0.001093
v 2.236869 3.516492 -0.053820
v 1.991138 6.296592 0.674486
v 1.973804 7.019106 1.320605
v 2.074604 6.717845 1.192485
v 2.020887 6.438580 0.887313
v 2.020887 6.418752 0.730271
v 2.112515 6.727312 0.918463
v 2.112515 6.838009 1.000596
v 2.112515 6.688391 1.025060
v 2.074604 6.952717 1.157794
v 2.069310 3.218855 0.295800
v 2.083873 3.148652 0.283814
v 2.088072 3.082762 0.273735
v 2.148359 3.191656 0.187521
v 2.204988 1.804928 1.517308
v 2.050884 3.038665 0.575986
v 2.066031 2.983985 0.566050
v 2.047465 2.930111 0.557010
v 2.085133 2.906767 0.889177
v 2.102324 2.845197 0.860472
v 2.087815 2.787202 0.817594
v 2.118201 2.642261 1.089994
v 2.137752 2.580705 1.033229
v 2.125698 2.519996 0.978342
v 2.217177 2.434478 1.259420
v 2.239566 2.349996 1.179703
v 2.228045 2.263160 1.100873
v 2.246837 2.089961 1.480902
v 2.269524 2.000777 1.396828
v 2.258263 1.909975 1.314812
v 2.231523 2.269859 1.377238
v 2.254545 2.175386 1.288266
v 2.243595 2.079743 1.202061
v 2.233701 1.933958 1.509048
v 2.255786 1.863243 1.481574
v 2.240256 1.828912 1.404287
v 1.944321 2.723360 0.768288
v 1.929038 2.873781 0.551637
v 2.017681 5.633947 1.485806
v 2.017681 4.905365 1.539033
v 1.693092 0.570682 -0.026608
v 1.879140 8.993074 0.422393
v 2.017681 5.726288 1.608980
v 2.078790 2.343958 1.451601
v 2.100936 2.000858 1.160312
v 1.906018 0.163463 0.186318
v 2.017681 5.788362 1.946289
v 2.013997 7.815460 -0.119309
v 2.057611 2.027046 1.614197
v 1.837546 0.188327 0.117847
v 2.013997 7.580492 1.180914
v 2.074888 1.749937 1.336673
v 1.992279 3.302448 0.353650
v 1.879140 8.890259 0.932648
v 1.943502 3.279563 0.277750
v 1.964687 1.503612 0.328306
v 1.993275 8.230759 -0.000624
v 1.957147 1.115303 0.371335
v 2.017681 5.511946 1.854677
v 1.981075 0.914531 0.395263
v 1.938988 6.307221 0.743360
v 1.946252 8.459391 1.108680
v 1.991250 6.708225 1.208430
v 1.909225 6.188507 0.566075
v 2.017681 6.881454 1.028940
v 2.017681 5.629498 2.171570
v 2.345714 0.729016 0.626014
v 2.785540 0.692503 1.112814
v 2.332804 0.158885 0.613105
v 2.554420 0.777702 0.834720
v 1.972297 2.845560 0.393828
v 1.940435 3.092350 0.585434
v 1.963141 2.991377 0.879244
v 1.998378 2.700314 1.146987
v 2.856571 0.341455 1.202437
v 1.918821 6.278838 0.011423
v 2.791122 0.203513 1.118707
v 2.084810 2.193201 1.066684
v 1.991985 2.449943 0.925211
v 2.016745 5.586766 1.391715
v 2.017681 4.919971 1.699111
v 1.699775 0.363632 -0.016733
v 1.946252 8.644227 0.171667
v 2.064861 2.502622 1.330947
v 2.017681 5.007605 1.933385
v 2.115299 1.835813 1.277065
v 1.973055 0.158885 0.253356
v 2.017681 5.787929 1.779547
v 2.017681 7.337531 -0.122609
v 2.094306 2.161268 1.554335
v 2.017681 5.276348 2.260551
v 1.993275 7.997982 1.185829
v 2.050174 1.676360 1.499775
v 1.993264 3.545736 0.393348
v 1.846530 9.209751 0.691496
v 1.936010 1.975299 0.241570
v 1.747726 0.259848 0.028026
v 1.757720 1.479993 0.064950
v 2.017681 5.636665 1.909412
v 1.736573 1.091683 0.094372
v 1.953799 6.430287 0.901057
v 1.726332 0.886044 0.093040
v 1.920974 7.041662 1.339951
v 1.991249 6.979182 1.167084
v 1.924207 2.141403 0.529287
v 2.017681 7.113535 1.077251
v 1.947233 2.483888 0.536342
v 2.017681 5.521015 2.358458
v 2.170122 0.720902 0.485836
v 2.017681 5.664551 2.361443
v 2.007592 6.816985 -0.056387
v 2.152262 0.158885 0.432562
v 2.694633 0.769588 0.974934
v 2.541510 0.158885 0.821811
v 2.044031 1.778641 1.618394
v 1.933755 2.951977 0.291130
v 2.693199 0.157871 0.973499
v 1.960969 6.525150 -0.022467
v 2.862309 0.570682 1.208175
v 2.046828 1.707691 1.571529
v 2.126740 3.572108 0.293690
v 2.146871 3.338592 0.268091
v 2.274163 3.518944 -0.019359
v 2.273424 3.464189 -0.019287
v 2.236901 3.409830 0.075972
v 2.170030 3.600722 0.200353
v 2.192380 3.363218 0.194681
v 2.223836 3.578785 0.087696
v 1.999499 2.054338 0.383281
v 2.099329 2.023736 0.026461
v 2.072876 2.033937 0.151373
v 2.051899 2.044137 0.276285
v 1.897525 2.054338 0.443966
v 2.649225 4.392388 0.765366
v 2.194883 5.599845 1.346557
v 2.351788 3.824949 0.380443
v 2.536654 4.094151 0.621064
v 2.456425 4.311171 1.047548
v 2.184268 4.278101 1.276343
v 2.739166 4.320730 0.350772
v 2.883434 5.342712 0.079859
v 2.881354 5.000452 0.330688
v 2.786333 4.663844 0.611811
v 2.610673 4.663842 1.042177
v 2.510086 5.000452 1.271545
v 2.356453 5.337062 1.370950
v 2.756324 5.673665 0.244243
v 2.611717 5.705078 0.714763
v 2.405004 5.673669 1.104967
v 1.945119 5.644301 1.358870
v 2.079559 6.140553 0.714760
v 2.150784 5.881701 1.104965
v 2.281339 6.199224 0.287503
v 2.367792 5.970283 0.761125
v 2.561110 5.970281 0.287505
v 2.594136 5.370896 1.053843
v 2.734273 5.000058 0.871934
v 2.787453 5.370893 0.587534
v 2.227911 5.000452 1.527467
v 2.055006 4.630007 1.527465
v 2.367798 4.630006 1.346555
v 2.873906 4.630009 0.106595
v 2.596391 4.019141 0.112792
v 1.921631 4.008336 1.071558
v 2.064648 3.742985 0.589757
v 2.287477 3.994261 0.880782
v 1.915118 5.780325 1.244473
v 1.915118 6.012043 0.970675
v 1.915118 4.645944 1.531171
v 1.920123 4.191560 1.264535
v 1.917873 4.308274 1.365422
v 1.925558 3.765978 0.654018
v 1.922790 3.943082 0.979966
v 1.917132 4.369265 1.402093
v 1.915118 5.953911 1.063284
v 2.166353 8.129097 0.554659
v 2.195481 7.777210 0.338288
v 2.195481 7.759962 0.645409
v 2.197847 7.154535 0.197890
v 2.197847 7.131254 0.585495
v 2.197226 7.512675 0.122643
v 2.110156 7.550963 -0.106957
v 2.197226 7.472826 0.807208
v 2.110156 7.322067 1.101277
v 2.016036 7.322067 1.123544
v 2.016036 7.550963 -0.128290
v 2.199300 7.407158 0.656497
v 2.199300 7.432736 0.218219
v 2.023951 0.680689 0.140172
v 2.082265 0.680689 0.248372
v 1.805442 0.680689 0.010069
v 1.933578 0.680689 0.051323
v 1.692186 0.695456 -0.003301
v 2.169365 5.511592 1.394421
v 2.106225 6.492268 0.297091
v 2.185114 6.778705 0.219617
v 2.185114 6.764775 0.421740
v 2.124414 7.778079 0.338360
v 2.124414 7.760830 0.645481
v 2.126780 7.155403 0.197962
v 2.126780 7.132122 0.585566
v 2.128233 7.408027 0.656568
v 2.128233 7.433605 0.218290
v 2.095286 8.129966 0.554730
v 2.114047 6.779572 0.219688
v 2.114047 6.765643 0.421811
v 2.084285 6.496797 0.273830
v 2.360413 3.812937 0.066084
v 2.859054 4.815428 0.330688
v 2.835319 5.342712 0.330688
v 2.900651 4.815428 -0.018399
v 2.886799 4.711710 -0.077599
v 2.683107 5.135284 0.938780
v 2.842739 5.125509 0.425647
v 2.702640 5.000450 0.928795
v 2.746627 5.454858 0.611475
v 2.708409 4.930553 0.908077
v 2.851429 5.000452 0.440826
v 2.673991 5.370895 0.858199
v 2.784189 5.402639 0.544991
v 2.774303 4.741251 0.671860
v 2.802440 5.362070 0.502091
v 2.828307 5.243370 0.446033
v 2.734416 4.764368 0.778717
v 2.711110 4.844742 0.867564
v 2.685520 5.243370 0.923589
v 2.847963 4.963411 0.446033
v 2.826170 4.844742 0.502058
v 2.798997 4.765450 0.585906
v 2.678927 5.441331 0.783716
v 2.709230 5.469175 0.684811
v 1.984374 3.014003 0.326923
v 1.999419 3.166978 0.342732
v 2.014887 3.058839 0.326706
v 2.025304 3.099150 0.332400
v 2.022960 3.141917 0.340088
v 1.933051 3.194758 0.343380
v 1.947524 2.977407 0.338560
v 2.780658 4.310571 -0.178761
v 2.873906 4.630009 -0.177572
v 2.756461 4.308356 0.107548
v 2.789326 4.375188 0.106991
v 2.774201 4.343791 0.039735
v 1.627972 6.203552 0.516611
v 1.624164 3.661140 0.200342
v 1.486172 5.512224 1.433512
v 1.474367 5.000452 1.556672
v 1.765275 1.975299 0.354449
v 1.569678 2.141403 0.446939
v 1.565138 3.010333 0.298651
v 1.540536 2.866900 0.328771
v 1.541195 2.487343 0.453385
v 1.427322 3.679202 -0.026515
v 1.627972 6.278838 0.029220
v 1.552600 1.951679 0.205207
v 1.354966 2.112849 0.066853
v 1.364920 3.149287 0.005773
v 1.336257 2.885808 0.034994
v 1.269171 2.506740 0.067499
v 1.802581 1.503612 0.449813
v 1.608536 1.479993 0.281941
v 1.787670 1.115303 0.485471
v 1.593312 1.091683 0.317286
v 1.786131 0.914531 0.523196
v 1.591396 0.880103 0.308788
v 1.597018 3.264025 0.274258
v 1.370559 3.429351 -0.026604
v 1.646225 0.185886 0.532321
v 1.481072 0.305531 0.367168
v 2.041521 0.688803 0.930207
v 2.028611 0.177254 0.917297
v 2.537617 0.652289 1.360737
v 2.543355 0.227149 1.366475
v 2.230070 0.737489 1.159071
v 2.217160 0.177254 1.146161
v 1.900072 0.680689 0.731418
v 1.850177 0.177254 0.728022
v 2.566375 0.570682 1.428623
v 2.560638 0.341455 1.422885
v 2.389973 0.729374 1.279594
v 2.388538 0.176240 1.278159
v 1.834118 0.570682 0.789442
v 1.977922 0.570682 0.985754
v 2.429832 0.570682 1.418990
v 2.316623 0.570682 1.351925
v 1.459963 0.566369 0.330516
v 1.696309 0.570682 0.615971
v 2.165803 0.570682 1.213949
v 1.829139 0.341455 0.784463
v 1.972977 0.341455 0.980809
v 2.432374 0.341455 1.421533
v 2.316109 0.341455 1.351411
v 1.461343 0.374011 0.331896
v 1.686231 0.341455 0.605892
v 2.161230 0.341455 1.209376
v 1.552551 6.261896 0.143456
v 1.552551 6.244265 0.289134
v 1.491129 3.672804 0.075024
v 1.668971 1.967426 0.330113
v 1.599882 1.959552 0.278564
v 1.474887 2.131885 0.334923
v 1.417428 2.122367 0.200888
v 1.480360 3.059298 0.183485
v 1.427716 3.106051 0.084785
v 1.458127 2.876616 0.248542
v 1.396436 2.885765 0.141345
v 1.432876 2.495020 0.338422
v 1.334732 2.503185 0.204617
v 1.706277 1.495739 0.425478
v 1.645957 1.487866 0.365158
v 1.688588 1.107430 0.458358
v 1.625490 1.099556 0.395261
v 1.687029 0.906658 0.490865
v 1.609408 0.898785 0.413244
v 1.487734 3.303045 0.195484
v 1.434038 3.380272 0.074064
v 1.589971 0.189727 0.476066
v 1.532512 0.210592 0.418608
v 1.590624 0.570682 0.547274
v 1.503432 0.570682 0.460082
v 1.603561 0.341455 0.518939
v 1.518749 0.341455 0.434127
v 1.684888 8.890259 0.910380
v 1.684888 8.993074 0.442938
v 1.597818 8.975876 0.529667
v 1.597818 8.957976 0.726962
v 1.404386 7.776156 0.134990
v 1.404386 7.735250 0.863354
v 1.491456 7.815460 -0.098764
v 1.491456 7.580492 1.158646
v 1.731662 9.194563 0.687161
v 1.434108 8.191821 0.218001
v 1.501557 8.613309 0.314258
v 1.521178 8.230759 0.019921
v 1.588627 8.644227 0.192212
v 1.501557 8.581131 0.842280
v 1.434108 8.095291 0.879855
v 1.588627 8.459391 1.086412
v 1.521178 7.997982 1.163561
v 1.399102 7.261066 0.761902
v 1.486172 7.113535 1.054983
v 1.399102 7.300062 0.125607
v 1.486172 7.337531 -0.100641
v 1.413573 6.755859 0.551106
v 1.500643 6.637923 0.793693
v 1.413573 6.787032 0.142679
v 1.500643 6.816985 -0.035842
v 1.492462 6.484458 0.377638
v 1.567517 6.405946 0.597941
v 1.492462 6.505211 0.163587
v 1.567517 6.525150 -0.004757
v 1.486172 5.568629 1.577293
v 1.486172 5.031712 1.737700
v 1.486172 5.638070 1.669921
v 1.486172 5.097613 1.913877
v 1.486172 5.730890 1.884216
v 1.486172 5.299711 2.159909
v 1.486172 5.314984 1.501053
v 1.486172 5.359659 1.626711
v 1.486172 5.429815 1.751442
v 1.486172 5.452140 1.815323
v 1.486172 5.483703 2.233536
v 1.486172 5.530256 2.092994
v 1.486172 5.582598 2.243578
v 1.486172 5.610952 1.856484
v 1.486172 5.724704 1.791650
v 1.747497 1.734530 1.471177
v 1.742179 1.820056 1.567039
v 1.693996 3.071392 0.606325
v 1.688444 2.959593 0.900323
v 1.706536 2.657750 1.135455
v 1.655015 2.456928 1.312117
v 1.679603 2.130897 1.524466
v 1.699590 1.828551 1.271963
v 1.674065 2.168422 1.069758
v 1.719495 2.438593 0.956470
v 1.689525 2.728875 0.796569
v 1.688011 2.886005 0.575564
v 1.666591 2.304342 1.425240
v 1.687617 1.986718 1.161783
v 1.732109 1.963249 1.576998
v 1.746080 1.749432 1.388352
v 1.564831 3.547793 0.374091
v 1.547596 3.292359 0.335000
v 1.373329 3.348307 0.032675
v 1.438087 3.303562 0.132408
v 1.607550 6.296592 0.674486
v 1.624883 7.019106 1.320605
v 1.524084 6.717845 1.192485
v 1.577801 6.438580 0.887313
v 1.577801 6.418752 0.730271
v 1.486172 6.727312 0.918463
v 1.486172 6.838009 1.000596
v 1.486172 6.688391 1.025060
v 1.524084 6.952717 1.157794
v 1.866784 2.732755 0.744857
v 1.892797 2.441839 0.910055
v 1.840418 2.859357 0.539132
v 1.799344 5.651332 1.485806
v 1.799344 5.620598 1.393174
v 1.799344 4.873250 1.564903
v 1.799344 4.887856 1.724980
v 1.547851 0.570682 0.065286
v 1.556130 0.363632 0.073565
v 1.799344 8.993074 0.375092
v 1.799344 8.644227 0.124366
v 1.799344 5.743672 1.608980
v 1.909705 2.327917 1.474869
v 1.894957 2.495790 1.346519
v 1.799344 4.975490 1.959254
v 1.933466 1.958907 1.157608
v 1.948697 1.783836 1.281133
v 1.787451 0.163463 0.304886
v 1.854488 0.158885 0.371923
v 1.799344 5.811231 1.958124
v 1.799344 5.805314 1.779547
v 1.799344 7.815460 -0.166609
v 1.799344 7.337531 -0.173187
v 1.937953 1.990805 1.637943
v 1.926146 2.134363 1.583884
v 1.718979 0.188327 0.236414
v 1.799344 5.244233 2.286421
v 1.799344 7.580492 1.232181
v 1.799344 7.997982 1.237095
v 1.956118 1.701052 1.354707
v 1.962475 1.646808 1.506427
v 1.827842 3.283793 0.375100
v 1.827866 3.534932 0.417533
v 1.819165 3.595236 0.275031
v 1.799344 8.890259 0.983914
v 1.799344 9.244720 0.701478
v 1.827872 3.275684 0.300816
v 1.931139 1.503612 0.398005
v 1.904180 1.975299 0.312987
v 1.606952 0.259848 0.124387
v 1.712199 1.904938 -0.042416
v 1.659472 1.479993 0.126338
v 1.799344 8.230759 -0.047925
v 1.919098 1.115303 0.436533
v 1.799344 5.523371 1.880477
v 1.799344 5.636665 1.926497
v 1.638325 1.091683 0.155760
v 1.942575 0.914531 0.460010
v 1.799344 6.285073 0.780068
v 1.799344 6.411196 0.932700
v 1.799344 8.459391 1.159947
v 1.632539 0.886044 0.149974
v 1.799344 6.686078 1.245137
v 1.799344 7.093592 1.384492
v 1.799344 7.040112 1.188470
v 1.799344 6.184516 0.615204
v 1.799344 2.141403 0.571604
v 1.799344 6.981477 1.094196
v 1.799344 7.113535 1.128517
v 1.799427 2.482263 0.583785
v 1.799344 5.660921 2.171570
v 1.799344 5.488900 2.384327
v 2.227147 0.749203 0.744582
v 2.072755 0.741089 0.590190
v 1.799344 5.691348 2.381611
v 1.799344 6.816985 -0.103688
v 2.033695 0.158885 0.551130
v 2.690460 0.712689 1.207895
v 2.576066 0.789774 1.093501
v 2.214237 0.158885 0.731672
v 2.422943 0.158885 0.940378
v 2.435853 0.797889 0.953288
v 1.955744 1.758769 1.635763
v 1.805598 2.838463 0.420079
v 1.817469 2.914416 0.364976
v 2.574631 0.157871 1.092066
v 1.799344 6.525150 -0.063241
v 1.848655 3.112408 0.578875
v 1.865888 3.012363 0.874648
v 1.877264 2.713435 1.153839
v 2.787359 0.341455 1.304794
v 2.793097 0.570682 1.310532
v 1.799344 6.278838 -0.029549
v 2.696198 0.203513 1.213632
v 1.916352 2.163171 1.059010
v 1.570478 3.186574 0.317886
v 1.567275 3.121248 0.303829
v 1.557287 3.068325 0.295539
v 1.483187 3.156449 0.206392
v 1.731276 1.768543 1.524150
v 1.643140 3.040217 0.596455
v 1.624278 2.982371 0.587633
v 1.639313 2.924368 0.576767
v 1.641409 2.907197 0.900502
v 1.623256 2.832056 0.878116
v 1.641454 2.761745 0.836221
v 1.674889 2.617783 1.101007
v 1.665037 2.552018 1.046001
v 1.682169 2.487610 0.986733
v 1.625989 2.389069 1.267958
v 1.617210 2.302194 1.188691
v 1.636858 2.217752 1.109411
v 1.655649 2.044552 1.489440
v 1.647169 1.952974 1.405817
v 1.667075 1.864566 1.323351
v 1.640335 2.224450 1.385776
v 1.632189 2.127584 1.297254
v 1.652407 2.034334 1.210599
v 1.689171 1.892133 1.516913
v 1.680089 1.819025 1.489889
v 1.695727 1.787088 1.412152
v 1.960903 1.681915 1.584278
v 1.792990 2.711923 0.773015
v 1.754432 2.868300 0.560108
v 1.581007 5.633947 1.485806
v 1.581007 4.905365 1.539033
v 1.455957 0.570682 0.210527
v 1.719547 8.993074 0.422393
v 1.581007 5.726288 1.608980
v 1.739555 2.317902 1.456500
v 1.761701 1.974802 1.165211
v 1.668883 0.163463 0.423453
v 1.581007 5.788362 1.946289
v 1.584690 7.815460 -0.119309
v 1.813532 2.008299 1.617723
v 1.600412 0.188327 0.354981
v 1.584691 7.580492 1.180914
v 1.830808 1.731190 1.340198
v 1.661312 3.281364 0.368398
v 1.719547 8.890259 0.932648
v 1.709445 3.261310 0.289007
v 1.861440 1.503612 0.431553
v 1.599320 1.904938 -0.016352
v 1.605412 8.230759 -0.000624
v 1.853900 1.115303 0.474582
v 1.581007 5.511946 1.854677
v 1.877828 0.914531 0.498510
v 1.659700 6.307221 0.743360
v 1.652436 8.459391 1.108680
v 1.607438 6.708225 1.208430
v 1.689463 6.180527 0.566075
v 1.581007 6.881454 1.028940
v 1.581007 5.629498 2.171570
v 2.108579 0.729016 0.863149
v 2.595336 0.692503 1.303018
v 2.095670 0.158885 0.850239
v 2.317285 0.777702 1.071855
v 1.637261 2.848142 0.402530
v 1.757990 3.096094 0.598436
v 1.767857 2.994907 0.887326
v 1.758671 2.687443 1.152135
v 2.685002 0.341455 1.374006
v 1.679867 6.278838 0.011423
v 2.601438 0.203513 1.308392
v 1.745575 2.167145 1.071584
v 1.794011 2.434737 0.928070
v 1.581943 5.586766 1.391715
v 1.581007 4.919971 1.699111
v 1.465832 0.363632 0.217210
v 1.652436 8.644227 0.171667
v 1.725626 2.476566 1.335846
v 1.581007 5.007605 1.933385
v 1.776064 1.809757 1.281965
v 1.735921 0.158885 0.490490
v 1.581007 5.787929 1.779547
v 1.581007 7.337531 -0.122609
v 1.755071 2.135212 1.559234
v 1.581007 5.276348 2.260551
v 1.605412 7.997982 1.185829
v 1.851596 1.674461 1.494249
v 1.660302 3.539039 0.410258
v 1.752157 9.209751 0.691496
v 1.832763 1.975299 0.344817
v 1.510591 0.259848 0.265161
v 1.598084 1.479993 0.224585
v 1.581007 5.636665 1.909412
v 1.576937 1.091683 0.254008
v 1.644888 6.430287 0.901057
v 1.575605 0.886044 0.243767
v 1.677714 7.041662 1.339951
v 1.607438 6.979182 1.167084
v 1.674482 2.141403 0.529287
v 1.581007 7.113535 1.077251
v 1.651194 2.484017 0.537349
v 1.581007 5.521015 2.358458
v 1.968401 0.720902 0.687557
v 1.581007 5.664551 2.361443
v 1.591096 6.816985 -0.056387
v 1.915127 0.158885 0.669697
v 2.457499 0.769588 1.212068
v 2.304376 0.158885 1.058945
v 1.845453 1.776742 1.612867
v 1.697986 2.939077 0.291356
v 2.456064 0.157871 1.210634
v 1.637719 6.525150 -0.022467
v 2.690739 0.570682 1.379744
v 1.851669 1.706055 1.565953
v 1.517494 3.556060 0.327977
v 1.495431 3.303812 0.298877
v 1.319024 3.654476 0.008288
v 1.320663 3.443824 0.007963
v 1.369025 3.396846 0.112001
v 1.461110 3.594505 0.233837
v 1.440606 3.329500 0.229268
v 1.371314 3.641319 0.084354
v 1.590297 2.054338 0.383281
v 1.401482 2.023736 0.026461
v 1.439916 2.033937 0.151373
v 1.504777 2.044137 0.276285
v 1.799344 2.054338 0.478951
v 1.701163 2.054338 0.443966
v 0.951120 4.401060 0.761120
v 1.403805 5.599844 1.346557
v 1.256734 3.841913 0.381632
v 1.068422 4.110203 0.617769
v 1.146368 4.320795 1.045429
v 1.419754 4.283250 1.276005
v 0.860909 4.327237 0.345834
v 0.715255 5.342712 0.079859
v 0.717334 5.000452 0.330688
v 0.812355 4.663844 0.611811
v 0.988014 4.663842 1.042177
v 1.088602 5.000452 1.271545
v 1.242235 5.337062 1.370950
v 0.842364 5.673665 0.244243
v 0.986971 5.705077 0.714763
v 1.193684 5.673669 1.104967
v 1.653568 5.644301 1.358870
v 1.519129 6.140553 0.714760
v 1.447903 5.881701 1.104965
v 1.317348 6.199223 0.287503
v 1.230896 5.970283 0.761125
v 1.037578 5.970281 0.287505
v 1.004552 5.370896 1.053843
v 0.864665 5.000450 0.872933
v 0.811235 5.370893 0.587534
v 1.370777 5.000452 1.527467
v 1.543682 4.630006 1.527465
v 1.230890 4.630006 1.346555
v 0.724782 4.630008 0.106595
v 1.004555 4.030623 0.106596
v 1.689975 4.009526 1.072413
v 1.552038 3.753365 0.593168
v 1.322519 4.001965 0.883284
v 1.683570 5.780325 1.244473
v 1.683570 6.012043 0.970675
v 1.683570 4.645944 1.531171
v 1.688379 4.193038 1.264856
v 1.686134 4.309536 1.365407
v 1.693386 3.770989 0.655616
v 1.690893 3.945843 0.980779
v 1.685390 4.370481 1.401960
v 1.683570 5.953911 1.063284
v 1.799344 5.787340 1.260164
v 1.806008 3.999034 1.073552
v 1.799344 6.021142 0.971345
v 1.799344 4.642755 1.536883
v 1.804275 4.185081 1.267864
v 1.802204 4.301646 1.369883
v 1.810869 3.749352 0.653744
v 1.806992 3.934327 0.980977
v 1.801363 4.363705 1.406694
v 1.799344 5.962487 1.064788
v 1.432335 8.129097 0.554659
v 1.403206 7.737085 0.338288
v 1.403206 7.719837 0.645409
v 1.400840 7.154535 0.197890
v 1.400840 7.131254 0.585495
v 1.401462 7.512675 0.122643
v 1.488532 7.550963 -0.106957
v 1.401462 7.472826 0.807208
v 1.488532 7.322067 1.101277
v 1.799344 7.322067 1.174811
v 1.799344 7.550963 -0.177404
v 1.582652 7.322067 1.123544
v 1.582652 7.550963 -0.128290
v 1.399388 7.407158 0.656497
v 1.399388 7.432736 0.218219
v 1.622737 0.680689 0.541386
v 1.730937 0.680689 0.599700
v 1.492634 0.680689 0.322877
v 1.533888 0.680689 0.451014
v 1.561239 0.695456 0.078674
v 1.479264 0.695456 0.209621
v 1.429323 5.511592 1.394421
v 1.492462 6.492268 0.297091
v 1.413573 6.778705 0.219617
v 1.413573 6.764775 0.421740
v 1.241743 3.824346 0.067890
v 0.739634 4.815428 0.330688
v 0.763369 5.342712 0.330688
v 0.698038 4.815428 -0.018399
v 0.711889 4.711710 -0.077599
v 0.915581 5.135284 0.938780
v 0.755949 5.125508 0.425647
v 0.896048 5.000450 0.928795
v 0.852061 5.454858 0.611475
v 0.890279 4.930553 0.908077
v 0.747259 5.000452 0.440826
v 0.924697 5.370895 0.858199
v 0.814499 5.402639 0.544991
v 0.824384 4.741251 0.671860
v 0.796248 5.362070 0.502091
v 0.770381 5.243370 0.446033
v 0.866138 4.765450 0.783716
v 0.887578 4.844741 0.867564
v 0.913168 5.243370 0.923589
v 0.750725 4.963410 0.446033
v 0.772518 4.844741 0.502058
v 0.799690 4.765450 0.585906
v 0.919761 5.441331 0.783716
v 0.889458 5.469174 0.684811
v 1.669512 2.997996 0.337043
v 1.665467 3.160282 0.362608
v 1.834790 3.203280 0.358138
v 1.825416 2.928160 0.367238
v 1.641951 3.046684 0.343778
v 1.634787 3.090158 0.353246
v 1.640144 3.133375 0.361821
v 1.733922 3.192783 0.356225
v 1.704537 2.967183 0.346453
v 0.818032 4.311198 -0.177572
v 0.724782 4.630008 -0.177572
v 0.843337 4.312857 0.102296
v 0.809929 4.377438 0.104219
v 0.825038 4.345867 0.036842
v 1.347913 2.216975 -0.024808
v 1.033432 2.216974 0.077375
v 1.207270 2.498260 0.077375
v 0.892789 2.498260 -0.024808
v 1.069262 2.090101 -0.032899
v 1.254108 2.090101 -0.092960
v 1.203019 2.192282 0.064281
v 0.903928 2.192282 -0.032899
v 1.120351 2.357617 0.124344
v 1.320364 2.357617 0.041299
v 0.821260 2.357617 -0.092960
v 0.935503 2.357617 0.064282
v 1.336775 2.522952 -0.032899
v 1.037683 2.522953 0.064281
v 1.171440 2.625133 -0.032899
v 0.986594 2.625133 -0.092960
v 2.713735 5.370894 0.763388
v 2.775259 5.370894 0.616622
v 2.758719 5.171677 0.741016
v 2.785451 5.357016 0.598226
v 2.801008 5.271067 0.556263
v 2.798873 5.199644 0.579681
v 2.785174 5.155974 0.641966
v 2.764918 5.156830 0.720177
v 2.790807 5.343719 0.580319
v 2.719551 5.396869 0.725907
v 2.755147 5.392486 0.644975
v 2.734388 5.203385 0.786308
v 2.719403 5.277834 0.812428
v 2.708075 5.352641 0.790189
v 2.841320 5.000452 0.464707
v 2.800665 5.099138 0.594076
v 2.752574 5.088463 0.782460
v 2.830982 5.045541 0.499073
v 2.077133 1.697174 1.489046
v 2.071452 1.798313 1.605714
v 2.074808 1.728622 1.559435
v 1.884416 1.692048 1.575813
v 1.881978 1.659977 1.503525
v 1.876910 1.762943 1.623459
v 2.871140 0.341455 1.165370
v 2.807444 0.680655 1.090911
v 2.632364 0.158376 0.883258
v 2.875935 0.570682 1.173507
v 2.817197 0.211826 1.092633
v 2.708513 0.162037 0.958185
v 2.356026 0.158442 1.140001
v 2.660314 0.570682 1.391702
v 2.648212 0.341455 1.388466
v 2.574309 0.681129 1.324046
v 2.571893 0.212932 1.337937
v 2.442978 0.161431 1.223720
v 2.915887 4.788900 -0.062173
v 2.896996 4.657929 -0.174605
v 2.906103 4.715639 -0.103989
v 2.769105 4.314517 -0.179424
v 2.862367 4.633990 -0.177996
v 2.744859 4.312609 0.106854
v 2.777830 4.379008 0.106793
v 2.762734 4.347511 0.039703
v 2.239113 3.651690 -0.189759
v 1.970716 6.204168 -0.888842
v 1.991379 3.654374 -0.573605
v 2.112515 5.512224 -1.805743
v 2.124321 5.000452 -1.928903
v 2.093604 1.979118 -0.186115
v 1.945642 1.975299 -0.546313
v 2.029010 2.141403 -0.819169
v 2.293900 2.122791 -0.186115
v 2.383616 2.514634 -0.183945
v 2.296606 2.874130 -0.184649
v 2.269250 3.148949 -0.183418
v 2.092404 3.051389 -0.659194
v 2.078815 2.873802 -0.689076
v 2.061968 2.489786 -0.824523
v 2.186774 3.656405 -0.331728
v 1.970716 6.278838 -0.401451
v 1.796400 1.951679 -0.333638
v 2.243723 2.112849 -0.439084
v 2.238726 3.162805 -0.361521
v 2.263860 2.894053 -0.390078
v 2.331555 2.507526 -0.412819
v 1.982947 1.503612 -0.641678
v 1.815075 1.479993 -0.447633
v 1.968036 1.115303 -0.677335
v 1.799851 1.091683 -0.482977
v 2.005761 0.914531 -0.675796
v 1.791353 0.880103 -0.481062
v 2.260273 3.428530 -0.185056
v 2.052536 3.319225 -0.632200
v 2.236692 3.469135 -0.325257
v 2.014886 0.185886 -0.535891
v 1.849733 0.305531 -0.370738
v 2.412772 0.688803 -0.931187
v 2.399862 0.177254 -0.918277
v 2.843303 0.652289 -1.427283
v 2.849040 0.227149 -1.433020
v 2.641635 0.737489 -1.119736
v 2.628726 0.177254 -1.106826
v 2.213983 0.680689 -0.789737
v 2.210587 0.177254 -0.739843
v 2.911188 0.570682 -1.456041
v 2.905450 0.341455 -1.450304
v 2.762159 0.729374 -1.279639
v 2.760724 0.176240 -1.278204
v 2.272007 0.570682 -0.723783
v 2.468318 0.570682 -0.867588
v 2.901555 0.570682 -1.319498
v 2.834490 0.570682 -1.206289
v 1.813081 0.566369 -0.349629
v 2.098536 0.570682 -0.585975
v 2.696513 0.570682 -1.055469
v 2.267028 0.341455 -0.718805
v 2.463373 0.341455 -0.862643
v 2.904098 0.341455 -1.322040
v 2.833976 0.341455 -1.205775
v 1.814461 0.374011 -0.351009
v 2.088457 0.341455 -0.575897
v 2.691941 0.341455 -1.050896
v 2.046137 6.261896 -0.515687
v 2.046137 6.244265 -0.661365
v 2.115230 3.669076 -0.447790
v 1.921306 1.967426 -0.450009
v 1.869757 1.959552 -0.380920
v 2.123801 2.131885 -0.707153
v 2.181261 2.122367 -0.573119
v 2.155982 3.101321 -0.545150
v 2.189873 3.142289 -0.451024
v 2.154652 2.880442 -0.603027
v 2.209034 2.890471 -0.493850
v 2.169097 2.495631 -0.703414
v 2.266488 2.501899 -0.556494
v 1.958612 1.495739 -0.545374
v 1.898292 1.487866 -0.485054
v 1.940923 1.107430 -0.578254
v 1.877825 1.099556 -0.515156
v 1.973430 0.906658 -0.576695
v 1.895808 0.898785 -0.499073
v 2.147558 3.360815 -0.545009
v 2.184240 3.419604 -0.420450
v 1.958631 0.189727 -0.479636
v 1.901173 0.210592 -0.422178
v 2.029839 0.570682 -0.480289
v 1.942647 0.570682 -0.393098
v 2.001504 0.341455 -0.493227
v 1.916692 0.341455 -0.408415
v 1.913800 8.890259 -1.282611
v 1.913800 8.993074 -0.815169
v 2.000870 8.975876 -0.901898
v 2.000870 8.957976 -1.099193
v 2.194301 7.788784 -0.507221
v 2.194301 7.735250 -1.235584
v 2.107232 7.815460 -0.273467
v 2.107231 7.580492 -1.530877
v 1.867025 9.194563 -1.059391
v 2.164579 8.191821 -0.590232
v 2.097131 8.613309 -0.686489
v 2.077509 8.230759 -0.392152
v 2.010061 8.644227 -0.564442
v 2.097131 8.581131 -1.214511
v 2.164579 8.089138 -1.252085
v 2.010061 8.459391 -1.458643
v 2.077509 7.997982 -1.535792
v 2.199585 7.261066 -1.134133
v 2.112515 7.113535 -1.427214
v 2.199585 7.300062 -0.484910
v 2.112515 7.337531 -0.271590
v 2.185114 6.755859 -0.923337
v 2.098044 6.637923 -1.165924
v 2.185114 6.787032 -0.514910
v 2.098044 6.816985 -0.336389
v 2.106225 6.484458 -0.749869
v 2.031171 6.405946 -0.970172
v 2.106225 6.505211 -0.535818
v 2.031171 6.525150 -0.367474
v 2.112515 5.568629 -1.949524
v 2.112515 5.031712 -2.109931
v 2.112515 5.638070 -2.042152
v 2.112515 5.097613 -2.286108
v 2.112515 5.730890 -2.256446
v 2.112516 5.299711 -2.532140
v 2.190021 5.314984 -1.873284
v 2.190021 5.359659 -1.998942
v 2.190021 5.429815 -2.123673
v 2.190021 5.452140 -2.187553
v 2.112515 5.483703 -2.605767
v 2.112515 5.530256 -2.465225
v 2.112515 5.582598 -2.615808
v 2.112515 5.610952 -2.228714
v 2.112515 5.724704 -2.163881
v 2.131607 1.849661 -1.964250
v 2.132164 1.945770 -2.049662
v 2.012941 3.099780 -0.969018
v 2.056037 2.986778 -1.266134
v 2.084002 2.719995 -1.523923
v 2.166939 2.554120 -1.721960
v 2.175111 2.253687 -1.970297
v 2.174039 1.923744 -1.754179
v 2.165905 2.239121 -1.514329
v 2.082663 2.489990 -1.373094
v 2.059835 2.760206 -1.171754
v 2.020762 2.919412 -0.938152
v 2.171049 2.415086 -1.851833
v 2.169936 2.068675 -1.626588
v 2.130464 2.089503 -2.043126
v 2.129631 1.855027 -1.880275
v 2.077583 3.581905 -0.723944
v 2.102238 3.342595 -0.688141
v 2.220330 3.383828 -0.382360
v 2.188665 3.358428 -0.481834
v 2.167421 3.634338 -0.379868
v 2.236037 3.524506 -0.325584
v 1.991138 6.296592 -1.046717
v 1.973804 7.019106 -1.692836
v 2.074604 6.717845 -1.564716
v 2.020887 6.438580 -1.259544
v 2.020887 6.418752 -1.102502
v 2.112515 6.727312 -1.290694
v 2.112515 6.838009 -1.372827
v 2.112515 6.688391 -1.397291
v 2.074604 6.952717 -1.530025
v 2.074115 3.248865 -0.675665
v 2.092702 3.180280 -0.664221
v 2.100860 3.114659 -0.654305
v 2.157497 3.213094 -0.565261
v 2.148976 1.890718 -2.012469
v 2.063413 3.072013 -0.955385
v 2.082843 3.017179 -0.945421
v 2.068233 2.961100 -0.936063
v 2.104462 2.934038 -1.266497
v 2.122949 2.862706 -1.240573
v 2.106361 2.797047 -1.202846
v 2.123669 2.677588 -1.491381
v 2.139027 2.608710 -1.442318
v 2.122986 2.543098 -1.394554
v 2.206829 2.484192 -1.684704
v 2.223587 2.389781 -1.615429
v 2.206350 2.295499 -1.546865
v 2.211017 2.166096 -1.944365
v 2.227762 2.066505 -1.871301
v 2.210519 1.967910 -1.800027
v 2.208944 2.333559 -1.820688
v 2.225674 2.228144 -1.743365
v 2.208421 2.124248 -1.668486
v 2.186764 2.015639 -1.989932
v 2.203937 1.940879 -1.970982
v 2.186399 1.899083 -1.897916
v 1.958477 2.733724 -1.159551
v 1.953167 2.898138 -0.929526
v 2.017681 5.633947 -1.858037
v 2.017681 4.905365 -1.911264
v 1.693092 0.570682 -0.345623
v 1.879140 8.993074 -0.794624
v 2.017681 5.726288 -1.981211
v 2.061462 2.426134 -1.884144
v 2.060755 2.051216 -1.634158
v 1.906018 0.163463 -0.558549
v 2.017681 5.788362 -2.318519
v 2.013997 7.815460 -0.252922
v 2.017175 2.132185 -2.081505
v 1.837546 0.188327 -0.490077
v 2.013997 7.580492 -1.553145
v 2.016200 1.824578 -1.837611
v 1.993324 3.324885 -0.731522
v 1.879140 8.890259 -1.304878
v 1.945072 3.302691 -0.655799
v 1.964687 1.503612 -0.700537
v 1.993275 8.230759 -0.371607
v 1.957147 1.115303 -0.743566
v 2.017681 5.511946 -2.226908
v 1.981075 0.914531 -0.767494
v 1.938988 6.307221 -1.115591
v 1.946251 8.459391 -1.480911
v 1.991250 6.708225 -1.580661
v 1.909225 6.188507 -0.938306
v 1.796400 1.951679 -0.185395
v 2.017681 6.881454 -1.401171
v 2.017681 5.629498 -2.543801
v 2.345714 0.729016 -0.998245
v 2.785540 0.692503 -1.485045
v 2.332804 0.158885 -0.985335
v 2.554420 0.777702 -1.206951
v 1.986967 2.856498 -0.768911
v 1.947129 3.120145 -0.964785
v 1.974722 3.021244 -1.256660
v 2.007359 2.748898 -1.540294
v 2.856571 0.341455 -1.574668
v 1.918821 6.278838 -0.383654
v 2.791122 0.203513 -1.490938
v 2.058702 2.232218 -1.519023
v 1.984922 2.476892 -1.348029
v 2.016745 5.586766 -1.763946
v 2.017681 4.919971 -2.071342
v 1.699775 0.363632 -0.355497
v 1.946252 8.644227 -0.543897
v 2.059355 2.570512 -1.746027
v 2.017681 5.007605 -2.305616
v 2.062863 1.900038 -1.769133
v 1.973055 0.158885 -0.625586
v 2.017681 5.787929 -2.151778
v 2.017681 7.337531 -0.249621
v 2.063543 2.255784 -2.007218
v 2.017681 5.276348 -2.632782
v 1.993275 7.997982 -1.558059
v 1.985560 1.772071 -2.007702
v 1.985267 3.563941 -0.770128
v 1.846530 9.209751 -1.063727
v 1.936010 1.975299 -0.613801
v 1.747726 0.259848 -0.400257
v 1.757720 1.479993 -0.437181
v 2.017681 5.636665 -2.281642
v 1.736573 1.091683 -0.466603
v 1.953799 6.430287 -1.273288
v 1.726332 0.886044 -0.465271
v 1.920974 7.041662 -1.712182
v 1.991249 6.979182 -1.539315
v 1.924207 2.141403 -0.901517
v 2.017681 7.113535 -1.449482
v 1.952961 2.486130 -0.909060
v 2.017681 5.521015 -2.730689
v 2.170122 0.720902 -0.858066
v 2.017681 5.664551 -2.733674
v 2.007592 6.816985 -0.315844
v 2.152262 0.158885 -0.804793
v 2.694633 0.769588 -1.347164
v 2.541510 0.158885 -1.194041
v 1.986074 1.887447 -2.113804
v 1.953281 2.972492 -0.668924
v 2.693199 0.157871 -1.345730
v 1.960969 6.525150 -0.349764
v 2.862309 0.570682 -1.580405
v 1.984084 1.811573 -2.075368
v 2.120164 3.588178 -0.674362
v 2.149101 3.357097 -0.647536
v 2.272824 3.530297 -0.360785
v 2.273480 3.475439 -0.359498
v 2.237910 3.425857 -0.454871
v 2.164569 3.614515 -0.581530
v 2.194358 3.381595 -0.574035
v 2.220085 3.592776 -0.467905
v 1.999499 2.054338 -0.755512
v 2.165019 2.004716 -0.186115
v 2.099329 2.023736 -0.398692
v 2.072876 2.033937 -0.523604
v 2.051899 2.044137 -0.648515
v 1.897525 2.054338 -0.816196
v 2.648368 4.392863 -1.138465
v 2.194883 5.599845 -1.718788
v 2.820474 5.599839 -0.186115
v 1.915118 6.340716 -0.186115
v 2.349058 3.830492 -0.755230
v 2.534430 4.097786 -0.994596
v 2.455302 4.312103 -1.420542
v 2.183304 4.278672 -1.649100
v 2.776169 4.294855 -0.187879
v 2.738120 4.321559 -0.724269
v 2.883434 5.342712 -0.452089
v 2.881354 5.000452 -0.702919
v 2.786333 4.663844 -0.984042
v 2.610673 4.663842 -1.414408
v 2.510086 5.000452 -1.643776
v 2.356453 5.337062 -1.743181
v 2.756324 5.673665 -0.616474
v 2.611717 5.705078 -1.086994
v 2.405004 5.673669 -1.477198
v 1.945119 5.644301 -1.731101
v 2.079559 6.140553 -1.086991
v 2.150784 5.881701 -1.477196
v 2.677767 5.881696 -0.186115
v 2.447272 6.140550 -0.186115
v 2.169334 6.297760 -0.186115
v 2.281339 6.199224 -0.659733
v 2.367792 5.970283 -1.133355
v 2.561110 5.970281 -0.659735
v 2.594136 5.370896 -1.426073
v 2.734273 5.000058 -1.244165
v 2.787453 5.370893 -0.959765
v 2.227911 5.000452 -1.899698
v 2.055006 4.630007 -1.899695
v 2.367798 4.630006 -1.718786
v 2.927338 5.000452 -0.186115
v 2.873906 4.630009 -0.478826
v 2.594625 4.021667 -0.489249
v 2.368388 3.796372 -0.188983
v 1.919856 4.010106 -1.444360
v 2.061957 3.748559 -0.963580
v 2.285496 3.997658 -1.254088
v 1.915118 5.780325 -1.616704
v 1.915118 6.012043 -1.342906
v 1.915118 4.645944 -1.903402
v 1.918638 4.192339 -1.637271
v 1.917035 4.308408 -1.738004
v 1.922686 3.770244 -1.027460
v 1.920744 3.945328 -1.352908
v 1.916510 4.369205 -1.774631
v 1.915118 5.953911 -1.435515
v 2.873906 4.630009 -0.186115
v 2.594677 4.026034 -0.188178
v 2.883434 5.342712 -0.186115
v 2.166353 8.129097 -0.926889
v 2.195481 7.777210 -0.710519
v 2.195481 7.759962 -1.017640
v 2.197847 7.154535 -0.570121
v 2.197847 7.131254 -0.957726
v 2.197226 7.512675 -0.494873
v 2.110156 7.550963 -0.265274
v 2.197226 7.472826 -1.179439
v 2.110156 7.322067 -1.473508
v 2.016036 7.322067 -1.495775
v 2.016036 7.550963 -0.243941
v 2.199300 7.407158 -1.028727
v 2.199300 7.432736 -0.590450
v 2.023951 0.680689 -0.512403
v 2.082265 0.680689 -0.620603
v 1.805442 0.680689 -0.382300
v 1.933578 0.680689 -0.423554
v 1.692186 0.695456 -0.368930
v 2.169365 5.511592 -1.766652
v 2.106225 6.492268 -0.669322
v 2.185114 6.778705 -0.591847
v 2.185114 6.764775 -0.793971
v 2.124414 7.778079 -0.710590
v 2.124414 7.760830 -1.017711
v 2.126780 7.155403 -0.570193
v 2.126780 7.132122 -0.957797
v 2.128233 7.408027 -1.028799
v 2.128233 7.433605 -0.590521
v 2.095286 8.129966 -0.926961
v 2.114047 6.779572 -0.591919
v 2.114047 6.765643 -0.794042
v 2.084285 6.496797 -0.646061
v 2.359080 3.815518 -0.443410
v 2.233590 3.572536 -0.189951
v 2.859054 4.815428 -0.702918
v 2.835319 5.342712 -0.702918
v 2.900651 4.815428 -0.186115
v 2.900651 4.815428 -0.353831
v 2.886799 4.711710 -0.294632
v 2.683107 5.135284 -1.311011
v 2.842739 5.125509 -0.797878
v 2.702640 5.000450 -1.301026
v 2.746627 5.454858 -0.983705
v 2.708409 4.930553 -1.280307
v 2.851429 5.000452 -0.813057
v 2.673991 5.370895 -1.230430
v 2.784189 5.402639 -0.917222
v 2.774303 4.741251 -1.044091
v 2.802440 5.362070 -0.874322
v 2.828307 5.243370 -0.818263
v 2.734416 4.764368 -1.150948
v 2.711110 4.844742 -1.239795
v 2.685520 5.243370 -1.295820
v 2.847963 4.963411 -0.818263
v 2.826170 4.844742 -0.874288
v 2.798997 4.765450 -0.958136
v 2.678927 5.441331 -1.155947
v 2.709230 5.469175 -1.057042
v 2.000840 3.042243 -0.706645
v 2.005656 3.197012 -0.722641
v 2.028443 3.089226 -0.706893
v 2.036126 3.130504 -0.712766
v 2.030907 3.173199 -0.720365
v 1.937276 3.221018 -0.722283
v 1.966193 3.003281 -0.717744
v 2.780570 4.310667 -0.196743
v 2.873906 4.630009 -0.194659
v 2.755317 4.309394 -0.481332
v 2.788726 4.375531 -0.480382
v 2.773559 4.344176 -0.413339
v 1.365351 3.692350 -0.185604
v 1.627972 6.203552 -0.888842
v 1.619232 3.663106 -0.572944
v 1.486172 5.512224 -1.805743
v 1.474367 5.000452 -1.928903
v 1.505084 1.964269 -0.186115
v 1.765275 1.975299 -0.726679
v 1.569678 2.141403 -0.819169
v 1.304789 2.095102 -0.186115
v 1.214350 2.508768 -0.186115
v 1.300267 2.861485 -0.186115
v 1.327299 3.137372 -0.186062
v 1.582991 3.012580 -0.671890
v 1.553748 2.867384 -0.701397
v 1.546838 2.487441 -0.825714
v 1.425903 3.678784 -0.345354
v 1.627972 6.278838 -0.401451
v 1.552600 1.951679 -0.577437
v 1.354966 2.112849 -0.439084
v 1.370245 3.145739 -0.377007
v 1.339744 2.884507 -0.406915
v 1.269171 2.506740 -0.439730
v 1.802581 1.503612 -0.822044
v 1.608536 1.479993 -0.654172
v 1.787670 1.115303 -0.857701
v 1.593312 1.091683 -0.689516
v 1.786131 0.914531 -0.895427
v 1.591396 0.880103 -0.681019
v 1.327975 3.451653 -0.185124
v 1.599072 3.267853 -0.647487
v 1.368741 3.429028 -0.341516
v 1.646225 0.185886 -0.904552
v 1.481072 0.305531 -0.739399
v 2.041521 0.688803 -1.302438
v 2.028611 0.177254 -1.289528
v 2.537617 0.652289 -1.732968
v 2.543355 0.227149 -1.738706
v 2.230070 0.737489 -1.531301
v 2.217160 0.177254 -1.518391
v 1.900072 0.680689 -1.103649
v 1.850177 0.177254 -1.100253
v 2.566375 0.570682 -1.800854
v 2.560638 0.341455 -1.795116
v 2.389973 0.729374 -1.651825
v 2.388538 0.176240 -1.650390
v 1.834118 0.570682 -1.161672
v 1.977922 0.570682 -1.357984
v 2.429832 0.570682 -1.791221
v 2.316623 0.570682 -1.724156
v 1.459963 0.566369 -0.702746
v 1.696309 0.570682 -0.988201
v 2.165803 0.570682 -1.586179
v 1.829139 0.341455 -1.156694
v 1.972977 0.341455 -1.353039
v 2.432374 0.341455 -1.793763
v 2.316109 0.341455 -1.723642
v 1.461343 0.374011 -0.704127
v 1.686231 0.341455 -0.978123
v 2.161230 0.341455 -1.581607
v 1.552551 6.261896 -0.515687
v 1.552551 6.244265 -0.661365
v 1.488265 3.672489 -0.446990
v 1.668971 1.967426 -0.702344
v 1.599882 1.959552 -0.650795
v 1.474887 2.131885 -0.707153
v 1.417428 2.122367 -0.573119
v 1.496223 3.056439 -0.555369
v 1.440197 3.101128 -0.455949
v 1.468807 2.875373 -0.620663
v 1.403687 2.884000 -0.513233
v 1.437331 2.494590 -0.710607
v 1.336739 2.502752 -0.576722
v 1.706277 1.495739 -0.797709
v 1.645957 1.487866 -0.737390
v 1.688588 1.107430 -0.830589
v 1.625490 1.099556 -0.767491
v 1.687029 0.906658 -0.863095
v 1.609408 0.898785 -0.785474
v 1.489269 3.299662 -0.566983
v 1.433257 3.376622 -0.444883
v 1.589971 0.189727 -0.848297
v 1.532512 0.210592 -0.790839
v 1.590624 0.570682 -0.919504
v 1.503432 0.570682 -0.832313
v 1.603561 0.341455 -0.891169
v 1.518749 0.341455 -0.806358
v 1.684888 8.890259 -1.282611
v 1.684888 8.993074 -0.815169
v 1.597818 8.975876 -0.901898
v 1.597818 8.957976 -1.099193
v 1.404386 7.776156 -0.507221
v 1.404386 7.735250 -1.235584
v 1.491456 7.815460 -0.273467
v 1.491456 7.580492 -1.530877
v 1.731662 9.194563 -1.059391
v 1.434108 8.191821 -0.590232
v 1.501557 8.613309 -0.686489
v 1.521178 8.230759 -0.392152
v 1.588627 8.644227 -0.564442
v 1.501557 8.581131 -1.214511
v 1.434108 8.095291 -1.252085
v 1.588627 8.459391 -1.458643
v 1.521178 7.997982 -1.535792
v 1.399102 7.261066 -1.134133
v 1.486172 7.113535 -1.427214
v 1.399102 7.300062 -0.497838
v 1.486172 7.337531 -0.271590
v 1.413573 6.755859 -0.923337
v 1.500643 6.637923 -1.165924
v 1.413573 6.787032 -0.514910
v 1.500643 6.816985 -0.336389
v 1.492462 6.484458 -0.749869
v 1.567517 6.405946 -0.970172
v 1.492462 6.505211 -0.535818
v 1.567517 6.525150 -0.367474
v 1.486172 5.568629 -1.949524
v 1.486172 5.031712 -2.109931
v 1.486172 5.638070 -2.042152
v 1.486172 5.097613 -2.286108
v 1.486172 5.730890 -2.256446
v 1.486172 5.299711 -2.532140
v 1.486172 5.314984 -1.873284
v 1.486172 5.359659 -1.998942
v 1.486172 5.429815 -2.123673
v 1.486172 5.452140 -2.187553
v 1.486172 5.483703 -2.605767
v 1.486172 5.530256 -2.465225
v 1.486172 5.582598 -2.615808
v 1.486172 5.610952 -2.228714
v 1.486172 5.724704 -2.163881
v 1.687887 1.847496 -1.968754
v 1.688152 1.943603 -2.054169
v 1.702348 3.082624 -0.981578
v 1.701444 2.976733 -1.274190
v 1.713421 2.722119 -1.529718
v 1.647404 2.551584 -1.727234
v 1.647881 2.251114 -1.975650
v 1.647708 1.921175 -1.759523
v 1.647222 2.236589 -1.519595
v 1.712161 2.488182 -1.376855
v 1.706412 2.754489 -1.182075
v 1.710262 2.897180 -0.950454
v 1.647629 2.412531 -1.857147
v 1.647467 2.066125 -1.631892
v 1.688166 2.087345 -2.047616
v 1.687929 1.852872 -1.884759
v 1.555541 3.549488 -0.746431
v 1.548491 3.293449 -0.707478
v 1.375004 3.339370 -0.402965
v 1.440661 3.296958 -0.503179
v 1.607550 6.296592 -1.046717
v 1.624883 7.019106 -1.692836
v 1.524084 6.717845 -1.564716
v 1.577801 6.438580 -1.259544
v 1.577801 6.418752 -1.102502
v 1.486172 6.727312 -1.290694
v 1.486172 6.838009 -1.372827
v 1.486172 6.688391 -1.397291
v 1.524084 6.952717 -1.530025
v 1.882441 2.745402 -1.133765
v 1.885484 2.474024 -1.332615
v 1.865055 2.879508 -0.916337
v 1.799344 5.651332 -1.858037
v 1.799344 5.620598 -1.765405
v 1.799344 4.873250 -1.937134
v 1.799344 4.887856 -2.097211
v 1.547851 0.570682 -0.437517
v 1.556130 0.363632 -0.445796
v 1.799344 8.993074 -0.747323
v 1.799344 8.644227 -0.496597
v 1.799344 5.743672 -1.981211
v 1.891555 2.424666 -1.906902
v 1.889319 2.577346 -1.760081
v 1.799344 4.975490 -2.331485
v 1.890756 2.020983 -1.634089
v 1.892989 1.860586 -1.776945
v 1.787451 0.163463 -0.677116
v 1.854488 0.158885 -0.744154
v 1.799344 5.811231 -2.330354
v 1.799344 5.805314 -2.151778
v 1.799344 7.815460 -0.205622
v 1.799344 7.337531 -0.199044
v 1.895142 2.107315 -2.107678
v 1.893761 2.244206 -2.037466
v 1.718979 0.188327 -0.608645
v 1.799344 5.244233 -2.658651
v 1.799344 7.580492 -1.604411
v 1.799344 7.997982 -1.609326
v 1.894189 1.786462 -1.859562
v 1.895963 1.749648 -2.016543
v 1.829112 3.299483 -0.751291
v 1.819514 3.547427 -0.792771
v 1.811099 3.605293 -0.649691
v 1.799344 8.890259 -1.356145
v 1.799344 9.244720 -1.073709
v 1.828922 3.293258 -0.677465
v 1.931139 1.503612 -0.770236
v 1.904180 1.975299 -0.685218
v 1.606952 0.259848 -0.496618
v 1.712199 1.904938 -0.329815
v 1.659472 1.479993 -0.498569
v 1.799344 8.230759 -0.324306
v 1.919098 1.115303 -0.808763
v 1.799344 5.523371 -2.252708
v 1.799344 5.636665 -2.298728
v 1.638325 1.091683 -0.527991
v 1.942575 0.914531 -0.832241
v 1.799344 6.285073 -1.152299
v 1.799344 6.411196 -1.304930
v 1.799344 8.459391 -1.532177
v 1.632539 0.886044 -0.522204
v 1.799344 6.686078 -1.617368
v 1.799344 7.093592 -1.756723
v 1.799344 7.040112 -1.560701
v 1.799344 6.184516 -0.987435
v 1.735838 1.940646 -0.186115
v 1.799344 2.141403 -0.943834
v 1.799344 6.981477 -1.466427
v 1.799344 7.113535 -1.500748
v 1.805265 2.483782 -0.956405
v 1.799344 5.660921 -2.543801
v 1.799344 5.488900 -2.756558
v 2.227147 0.749203 -1.116812
v 2.072755 0.741089 -0.962420
v 1.799344 5.691348 -2.753841
v 1.799344 6.816985 -0.268543
v 2.033695 0.158885 -0.923360
v 2.690460 0.712689 -1.580126
v 2.576066 0.789774 -1.465732
v 2.214237 0.158885 -1.103903
v 2.422943 0.158885 -1.312609
v 2.435853 0.797889 -1.325518
v 1.896521 1.875885 -2.132182
v 1.821012 2.845821 -0.794413
v 1.838440 2.929172 -0.741391
v 2.574631 0.157871 -1.464297
v 1.799344 6.525150 -0.308990
v 1.854330 3.133955 -0.956637
v 1.875149 3.036837 -1.251399
v 1.887096 2.769601 -1.544276
v 2.787359 0.341455 -1.677025
v 2.793097 0.570682 -1.682763
v 1.799344 6.278838 -0.342682
v 2.696198 0.203513 -1.585863
v 1.888584 2.213299 -1.512645
v 1.576241 3.188873 -0.690839
v 1.577718 3.123355 -0.676847
v 1.571571 3.069942 -0.668528
v 1.493345 3.153031 -0.577994
v 1.673849 1.888399 -2.017292
v 1.653885 3.048077 -0.970925
v 1.639121 2.989079 -0.961921
v 1.658341 2.932247 -0.951343
v 1.657569 2.924901 -1.274197
v 1.642652 2.853183 -1.253632
v 1.660331 2.788867 -1.217131
v 1.679721 2.680925 -1.499226
v 1.666002 2.611601 -1.451602
v 1.678524 2.542083 -1.400601
v 1.613875 2.481297 -1.690724
v 1.599372 2.386735 -1.621766
v 1.613397 2.292605 -1.552884
v 1.618064 2.163202 -1.950384
v 1.603548 2.063459 -1.877638
v 1.617566 1.965015 -1.806047
v 1.615991 2.330665 -1.826708
v 1.601460 2.225097 -1.749702
v 1.615468 2.121354 -1.674505
v 1.640609 2.012973 -1.995476
v 1.626521 1.938060 -1.976844
v 1.640244 1.896418 -1.903460
v 1.896493 1.793467 -2.089860
v 1.807176 2.731980 -1.163164
v 1.777895 2.883598 -0.936213
v 1.581007 5.633947 -1.858037
v 1.581007 4.905365 -1.911264
v 1.455957 0.570682 -0.582757
v 1.719547 8.993074 -0.794624
v 1.581007 5.726288 -1.981211
v 1.721215 2.424474 -1.887598
v 1.720507 2.049555 -1.637612
v 1.668883 0.163463 -0.795684
v 1.581007 5.788362 -2.318519
v 1.584690 7.815460 -0.252922
v 1.772367 2.130990 -2.083991
v 1.600412 0.188327 -0.727212
v 1.584690 7.580492 -1.553145
v 1.771392 1.823383 -1.840096
v 1.662432 3.288686 -0.742474
v 1.719547 8.890259 -1.304878
v 1.711174 3.272245 -0.664010
v 1.861440 1.503612 -0.803784
v 1.599320 1.904938 -0.355879
v 1.605412 8.230759 -0.371607
v 1.853900 1.115303 -0.846813
v 1.581007 5.511946 -2.226908
v 1.877828 0.914531 -0.870741
v 1.659700 6.307221 -1.115591
v 1.652436 8.459391 -1.480911
v 1.607438 6.708225 -1.580661
v 1.689463 6.180527 -0.938306
v 1.631665 1.946608 -0.186115
v 1.581007 6.881454 -1.401171
v 1.581007 5.629498 -2.543801
v 2.108579 0.729016 -1.235380
v 2.595336 0.692503 -1.675249
v 2.095670 0.158885 -1.222470
v 2.317285 0.777702 -1.444086
v 1.651851 2.851114 -0.775800
v 1.764654 3.111581 -0.974709
v 1.778299 3.014342 -1.262527
v 1.767066 2.750127 -1.543888
v 2.685002 0.341455 -1.746237
v 1.679867 6.278838 -0.383654
v 2.601438 0.203513 -1.680622
v 1.718455 2.230557 -1.522477
v 1.786357 2.475923 -1.350045
v 1.581943 5.586766 -1.763946
v 1.581007 4.919971 -2.071342
v 1.465832 0.363632 -0.589440
v 1.652436 8.644227 -0.543897
v 1.719108 2.568851 -1.749481
v 1.581007 5.007605 -2.305616
v 1.722615 1.898378 -1.772587
v 1.735921 0.158885 -0.862721
v 1.581007 5.787929 -2.151778
v 1.581007 7.337531 -0.249621
v 1.723296 2.254123 -2.010672
v 1.581007 5.276348 -2.632782
v 1.605412 7.997982 -1.558059
v 1.787372 1.783370 -1.999863
v 1.651655 3.544755 -0.783690
v 1.752157 9.209751 -1.063727
v 1.832763 1.975299 -0.717048
v 1.510591 0.259848 -0.637391
v 1.598084 1.479993 -0.596817
v 1.581007 5.636665 -2.281642
v 1.576937 1.091683 -0.626238
v 1.644888 6.430287 -1.273288
v 1.575605 0.886044 -0.615998
v 1.677714 7.041662 -1.712182
v 1.607438 6.979182 -1.539315
v 1.674482 2.141403 -0.901517
v 1.581007 7.113535 -1.449482
v 1.657004 2.484741 -0.909816
v 1.581007 5.521015 -2.730689
v 1.968401 0.720902 -1.059788
v 1.581007 5.664551 -2.733674
v 1.591096 6.816985 -0.315844
v 1.915127 0.158885 -1.041928
v 2.457499 0.769588 -1.584299
v 2.304376 0.158885 -1.431176
v 1.787886 1.898746 -2.105965
v 1.719269 2.948591 -0.666490
v 2.456064 0.157871 -1.582864
v 1.637719 6.525150 -0.349764
v 2.690739 0.570682 -1.751974
v 1.789326 1.822889 -2.067494
v 1.508468 3.555711 -0.699760
v 1.496197 3.302096 -0.670618
v 1.316014 3.652627 -0.379004
v 1.319105 3.441836 -0.376822
v 1.368020 3.391807 -0.482316
v 1.453385 3.592395 -0.605110
v 1.441004 3.324790 -0.600262
v 1.367093 3.639093 -0.455276
v 1.590297 2.054338 -0.755512
v 1.363329 2.004716 -0.186115
v 1.401482 2.023736 -0.398692
v 1.439916 2.033937 -0.523604
v 1.504777 2.044137 -0.648515
v 1.799344 2.054338 -0.851181
v 1.701163 2.054338 -0.816196
v 0.951120 4.401060 -1.133350
v 1.403804 5.599844 -1.718788
v 0.778214 5.599839 -0.186115
v 1.683570 6.340716 -0.186115
v 1.255081 3.840806 -0.753553
v 1.067541 4.109497 -0.989878
v 1.145880 4.320356 -1.417709
v 1.419034 4.282870 -1.648360
v 0.822528 4.295827 -0.186115
v 0.860909 4.327237 -0.718065
v 0.715255 5.342712 -0.452089
v 0.717334 5.000452 -0.702919
v 0.812355 4.663844 -0.984042
v 0.988014 4.663842 -1.414408
v 1.088602 5.000452 -1.643776
v 1.242235 5.337062 -1.743181
v 0.842364 5.673665 -0.616474
v 0.986971 5.705077 -1.086994
v 1.193684 5.673669 -1.477198
v 1.653568 5.644301 -1.731101
v 1.519129 6.140553 -1.086991
v 1.447903 5.881701 -1.477196
v 0.920921 5.881695 -0.186115
v 1.151416 6.140550 -0.186115
v 1.429354 6.297759 -0.186115
v 1.317348 6.199223 -0.659733
v 1.230896 5.970283 -1.133355
v 1.037578 5.970281 -0.659735
v 1.004552 5.370896 -1.426073
v 0.864665 5.000450 -1.245164
v 0.811235 5.370893 -0.959765
v 1.370777 5.000452 -1.899698
v 1.543682 4.630006 -1.899695
v 1.230890 4.630006 -1.718786
v 0.671350 5.000452 -0.186115
v 0.724782 4.630008 -0.478826
v 1.004555 4.030623 -0.478826
v 1.230894 3.801682 -0.186115
v 1.688230 4.010320 -1.444947
v 1.549703 3.753800 -0.965537
v 1.320849 4.001326 -1.255399
v 1.683570 5.780325 -1.616704
v 1.683570 6.012043 -1.342906
v 1.683570 4.645944 -1.903402
v 1.686948 4.193230 -1.637401
v 1.685351 4.309402 -1.737878
v 1.690683 3.772835 -1.028371
v 1.688935 3.946858 -1.353356
v 1.684826 4.370248 -1.774411
v 1.683570 5.953911 -1.435515
v 0.724782 4.630008 -0.186115
v 1.004556 4.030623 -0.186115
v 0.715255 5.342712 -0.186115
v 1.799344 6.352772 -0.186115
v 1.799344 5.787340 -1.632395
v 1.804225 4.000361 -1.446231
v 1.799344 6.021142 -1.343576
v 1.799344 4.642755 -1.909114
v 1.802830 4.185566 -1.640501
v 1.801338 4.301678 -1.742415
v 1.807778 3.752884 -1.026941
v 1.804992 3.935991 -1.353742
v 1.800741 4.363571 -1.779191
v 1.799344 5.962487 -1.437019
v 1.432335 8.129097 -0.926889
v 1.403206 7.737085 -0.710519
v 1.403206 7.719837 -1.017640
v 1.400840 7.154535 -0.570121
v 1.400840 7.131254 -0.957726
v 1.401462 7.512675 -0.494873
v 1.488532 7.550963 -0.265274
v 1.401462 7.472826 -1.179439
v 1.488532 7.322067 -1.473508
v 1.799344 7.322067 -1.547042
v 1.799344 7.550963 -0.194826
v 1.582652 7.322067 -1.495775
v 1.582652 7.550963 -0.243941
v 1.399388 7.407158 -1.028727
v 1.399388 7.432736 -0.590450
v 1.622737 0.680689 -0.913617
v 1.730937 0.680689 -0.971931
v 1.492634 0.680689 -0.695108
v 1.533888 0.680689 -0.823244
v 1.561239 0.695456 -0.450904
v 1.479264 0.695456 -0.581851
v 1.429323 5.511592 -1.766652
v 1.492462 6.492268 -0.669322
v 1.413573 6.778705 -0.591847
v 1.413573 6.764775 -0.793971
v 1.241054 3.824007 -0.439816
v 0.739634 4.815428 -0.702918
v 0.763369 5.342712 -0.702918
v 0.698038 4.815428 -0.186115
v 0.698038 4.815428 -0.353831
v 0.711889 4.711710 -0.294632
v 0.915581 5.135284 -1.311011
v 0.755949 5.125508 -0.797878
v 0.896048 5.000450 -1.301026
v 0.852061 5.454858 -0.983705
v 0.890279 4.930553 -1.280307
v 0.747259 5.000452 -0.813057
v 0.924697 5.370895 -1.230430
v 0.814499 5.402639 -0.917222
v 0.824384 4.741251 -1.044091
v 0.796248 5.362070 -0.874322
v 0.770381 5.243370 -0.818263
v 0.866138 4.765450 -1.155947
v 0.887578 4.844741 -1.239795
v 0.913168 5.243370 -1.295820
v 0.750725 4.963410 -0.818263
v 0.772518 4.844741 -0.874288
v 0.799690 4.765450 -0.958136
v 0.919761 5.441331 -1.155947
v 0.889458 5.469174 -1.057042
v 1.687439 3.007413 -0.712085
v 1.672017 3.169104 -0.737212
v 1.838103 3.223429 -0.735490
v 1.847003 2.946644 -0.744643
v 1.656541 3.054156 -0.718250
v 1.646301 3.097058 -0.727496
v 1.648583 3.140548 -0.736061
v 1.738221 3.206144 -0.731906
v 1.724296 2.978710 -0.722070
v 0.818032 4.311198 -0.194659
v 0.724782 4.630008 -0.194659
v 0.843337 4.312857 -0.474527
v 0.809929 4.377438 -0.476450
v 0.825038 4.345867 -0.409072
v 1.297727 3.666584 -0.185418
v 1.280891 3.480258 -0.185022
v 1.120351 2.043135 -0.186115
v 1.347913 2.216975 -0.347423
v 1.033432 2.216974 -0.449606
v 0.839070 2.216976 -0.186115
v 1.207270 2.498260 -0.449606
v 0.892789 2.498260 -0.347423
v 1.120351 2.672100 -0.186115
v 1.069262 2.090101 -0.339331
v 1.254108 2.090101 -0.279270
v 1.203019 2.192282 -0.436512
v 1.387865 2.192283 -0.186115
v 0.955018 2.090102 -0.186115
v 0.903928 2.192282 -0.339332
v 1.120351 2.357617 -0.496574
v 1.320364 2.357617 -0.413529
v 0.821260 2.357617 -0.279271
v 0.935503 2.357617 -0.436513
v 1.336775 2.522952 -0.339332
v 1.037683 2.522953 -0.436512
v 0.852837 2.522952 -0.186115
v 0.986594 2.625133 -0.186115
v 1.171440 2.625133 -0.339331
v 1.285684 2.625133 -0.186115
v 0.986594 2.625133 -0.279270
v 0.821260 2.357617 -0.186115
v 1.254108 2.090101 -0.186115
v 2.713735 5.370894 -1.135619
v 2.775259 5.370894 -0.988853
v 2.758719 5.171677 -1.113246
v 2.785451 5.357016 -0.970457
v 2.801008 5.271067 -0.928494
v 2.798873 5.199644 -0.951912
v 2.785174 5.155974 -1.014196
v 2.764918 5.156830 -1.092408
v 2.790807 5.343719 -0.952550
v 2.719551 5.396869 -1.098137
v 2.755147 5.392486 -1.017206
v 2.734388 5.203385 -1.158539
v 2.719403 5.277834 -1.184659
v 2.708075 5.352641 -1.162419
v 2.841320 5.000452 -0.836937
v 2.800665 5.099138 -0.966307
v 2.752574 5.088463 -1.154691
v 2.830982 5.045541 -0.871304
v 2.013973 1.789592 -1.995019
v 2.014876 1.903581 -2.099320
v 2.013530 1.828983 -2.061331
v 1.820954 1.807860 -2.079309
v 1.816610 1.767965 -2.011120
v 1.818239 1.884096 -2.118465
v 2.871140 0.341455 -1.537601
v 2.807444 0.680655 -1.463142
v 2.632364 0.158376 -1.255489
v 2.875935 0.570682 -1.545737
v 2.817197 0.211826 -1.464863
v 2.708513 0.162037 -1.330416
v 2.356026 0.158442 -1.512232
v 2.660314 0.570682 -1.763933
v 2.648212 0.341455 -1.760696
v 2.574309 0.681129 -1.696277
v 2.571893 0.212932 -1.710167
v 2.442978 0.161431 -1.595950
v 2.915887 4.788900 -0.186115
v 2.896996 4.657929 -0.186115
v 2.915887 4.788900 -0.310058
v 2.896996 4.657929 -0.197626
v 2.906103 4.715639 -0.268242
v 2.769060 4.314555 -0.196148
v 2.764609 4.298997 -0.187823
v 2.862367 4.633990 -0.186115
v 2.862367 4.633990 -0.194235
v 2.743778 4.313544 -0.480597
v 2.777184 4.379383 -0.480237
v 2.762010 4.347981 -0.413366
vn 0.8659 0.2218 0.4484
vn 0.5413 -0.0887 0.8362
vn 0.7060 0.6105 0.3589
vn 0.6376 -0.3008 0.7092
vn 0.8432 -0.5311 0.0841
vn 0.6309 -0.3749 0.6793
vn 0.6630 -0.0042 0.7486
vn 0.5674 0.2996 0.7670
vn 0.6769 0.0902 0.7305
vn 0.9022 -0.3123 0.2976
vn 0.5271 0.7458 -0.4074
vn 0.3021 -0.8264 -0.4752
vn 0.7962 -0.5365 0.2799
vn 0.9428 0.0596 0.3279
vn 0.9216 0.1687 0.3496
vn 0.9462 0.0064 0.3236
vn 0.9998 0.0203 -0.0067
vn 0.2593 -0.1574 -0.9529
vn 0.9976 0.0662 -0.0192
vn 0.2791 -0.0333 -0.9597
vn 0.9197 0.3635 -0.1482
vn 0.2254 0.2371 -0.9450
vn 0.5304 -0.3538 0.7704
vn 0.9798 -0.1438 -0.1388
vn 0.4960 -0.6750 -0.5462
vn 0.2313 -0.3326 -0.9143
vn 0.3515 0.7609 -0.5454
vn 0.3933 -0.7938 -0.4638
vn 0.7210 0.6917 0.0413
vn 0.7339 -0.6751 0.0747
vn 0.4316 0.7626 -0.4818
vn 0.4251 -0.7957 -0.4315
vn 0.5629 0.6886 -0.4571
vn 0.4459 -0.7418 -0.5008
vn 0.9339 0.3223 0.1551
vn 0.9511 -0.2492 0.1825
vn 0.6006 0.7602 -0.2476
vn 0.5165 -0.8145 -0.2643
vn 0.5981 0.2896 -0.7473
vn 0.5761 0.2899 -0.7643
vn 0.9156 0.3078 -0.2588
vn 0.7987 0.2831 -0.5310
vn 0.1993 0.1031 -0.9745
vn 0.7393 0.1697 -0.6517
vn 0.6665 0.2591 -0.6991
vn 0.6245 -0.1567 -0.7651
vn 0.6110 -0.2121 -0.7627
vn 0.9236 -0.2685 -0.2736
vn 0.7897 -0.2718 -0.5501
vn 0.1683 -0.1463 -0.9748
vn 0.6889 -0.1147 -0.7157
vn 0.6745 -0.2420 -0.6975
vn 0.7307 0.6786 -0.0746
vn 0.8177 0.5364 0.2089
vn 0.9227 -0.1080 0.3701
vn 0.7609 -0.5983 -0.2513
vn 0.5553 -0.7030 -0.4444
vn 0.7570 -0.4199 0.5006
vn 0.7740 -0.5126 0.3718
vn 0.8884 0.0197 0.4586
vn 0.9022 0.0444 0.4289
vn 0.8008 0.1792 0.5715
vn 0.8557 0.1765 0.4865
vn 0.8039 0.0561 0.5921
vn 0.8795 0.0241 0.4752
vn 0.8842 -0.0518 -0.4643
vn 0.6074 -0.1122 -0.7864
vn 0.8600 0.0342 -0.5091
vn 0.5323 -0.0046 -0.8465
vn 0.8141 0.2517 -0.5233
vn 0.4745 0.2374 -0.8476
vn 0.8172 -0.5044 0.2787
vn 0.8973 -0.4166 0.1459
vn 0.4346 -0.6812 -0.5891
vn 0.2814 -0.6179 -0.7342
vn 0.7577 0.0720 -0.6486
vn 0.5375 0.0868 -0.8388
vn 0.7124 -0.1188 -0.6917
vn 0.5879 -0.1072 -0.8018
vn 0.6072 0.4612 0.6469
vn 0.5029 0.6501 -0.5696
vn 0.8400 0.4923 -0.2282
vn 0.8747 0.4086 0.2607
vn 0.9801 0.0676 -0.1864
vn 0.9865 0.0333 0.1602
vn 0.6403 0.1403 -0.7552
vn 0.6796 -0.0661 0.7306
vn 0.6328 0.7717 0.0638
vn 0.9679 0.1650 -0.1897
vn 0.9188 0.3101 -0.2444
vn 0.6261 0.3058 -0.7173
vn 0.5673 0.4726 -0.6745
vn 0.9333 0.2558 0.2520
vn 0.9742 0.1220 0.1901
vn 0.6452 0.2863 0.7083
vn 0.6681 0.1125 0.7356
vn 0.9895 -0.0506 0.1353
vn 0.7044 -0.1692 0.6894
vn 0.9781 -0.0169 -0.2073
vn 0.6403 -0.0541 -0.7662
vn 0.9750 -0.1961 0.1042
vn 0.9466 -0.2859 0.1490
vn 0.9604 -0.1586 -0.2290
vn 0.6347 -0.1598 -0.7560
vn 0.9493 -0.3049 0.0771
vn 0.9294 -0.3400 0.1436
vn 0.9369 -0.2545 -0.2399
vn 0.5996 -0.2224 -0.7688
vn 0.8591 0.4430 -0.2564
vn 0.8651 -0.4769 0.1554
vn 0.8575 0.4597 -0.2310
vn 0.8530 -0.4468 0.2695
vn 0.8272 0.3313 0.4539
vn 0.8679 -0.2914 0.4024
vn 0.8631 0.1948 0.4660
vn 0.9986 0.0460 -0.0265
vn 0.9978 0.0662 0.0018
vn 0.9743 0.1601 0.1586
vn 0.9105 -0.0841 0.4049
vn 0.8397 0.5403 -0.0554
vn 0.8933 0.4139 0.1753
vn 0.7776 -0.0359 0.6277
vn 0.8311 0.5440 -0.1155
vn 0.6298 -0.7751 0.0504
vn 0.5777 -0.1733 0.7976
vn 0.4963 0.8210 0.2821
vn 0.5004 0.7358 0.4562
vn 0.5288 0.6492 0.5467
vn 0.6043 0.6123 0.5098
vn 0.6168 0.3345 0.7125
vn 0.5699 -0.5674 -0.5944
vn 0.5149 -0.2896 -0.8068
vn 0.4819 -0.2890 -0.8272
vn 0.5297 -0.5470 -0.6482
vn 0.4989 -0.7260 -0.4733
vn 0.6009 0.4804 0.6389
vn 0.5219 -0.3997 -0.7536
vn 0.5346 0.0833 0.8410
vn 0.5419 -0.7708 -0.3350
vn 0.4557 0.4892 0.7436
vn 0.5515 -0.5927 0.5870
vn 0.9183 0.1231 0.3763
vn 0.8651 0.1916 0.4635
vn 0.7978 0.5644 0.2122
vn 0.9449 0.2842 -0.1625
vn 0.7578 -0.5877 0.2835
vn 0.5824 0.5144 0.6294
vn 0.6826 -0.3661 0.6325
vn 0.6931 -0.6261 0.3574
vn 0.9501 -0.3050 0.0649
vn 0.9959 -0.0890 -0.0173
vn 0.9869 0.1170 0.1111
vn 0.9607 -0.2243 0.1635
vn 0.7810 0.6231 -0.0437
vn 0.5589 0.2757 0.7820
vn 0.7581 -0.0272 0.6515
vn 0.7698 -0.1305 0.6248
vn 0.8903 -0.0161 0.4550
vn 0.7093 -0.5062 0.4906
vn 0.8573 0.5029 0.1101
vn 0.9899 0.0082 -0.1412
vn 0.8259 -0.4375 -0.3558
vn 0.8488 0.4566 0.2665
vn 0.9937 0.0964 -0.0564
vn 0.8882 -0.2467 -0.3876
vn 0.8881 0.4224 0.1813
vn 0.9700 0.1872 -0.1549
vn 0.8629 -0.0385 -0.5040
vn 0.9248 0.3541 0.1390
vn 0.9763 0.1760 -0.1259
vn 0.8987 -0.0112 -0.4385
vn 0.9010 0.1269 0.4149
vn 0.9974 0.0074 0.0721
vn 0.9397 -0.2592 -0.2232
vn 0.9414 0.2355 0.2413
vn 0.9969 0.0765 -0.0163
vn 0.9466 -0.0990 -0.3069
vn 0.8355 0.0061 0.5494
vn 0.9179 -0.2472 0.3105
vn 0.8672 -0.4902 -0.0874
vn 0.2372 -0.6241 -0.7444
vn 0.2717 -0.8326 -0.4826
vn 0.4374 0.7845 -0.4396
vn 0.2167 -0.5421 0.8119
vn -0.2519 0.0787 -0.9645
vn 0.3426 0.6715 -0.6570
vn 0.4050 0.7929 -0.4554
vn 0.1491 0.5523 0.8202
vn 0.1002 -0.5010 -0.8596
vn -0.0132 -0.9824 -0.1865
vn 0.3657 0.5817 0.7265
vn 0.2190 0.1573 -0.9630
vn 0.2367 0.1888 0.9531
vn -0.1542 -0.9076 -0.3904
vn 0.2361 -0.1059 0.9660
vn 0.2935 -0.7836 -0.5475
vn 0.2870 -0.6562 0.6979
vn 0.4329 0.4789 0.7637
vn 0.2777 -0.3361 0.9000
vn 0.9399 0.0653 0.3351
vn 0.2318 0.3357 -0.9130
vn 0.9292 0.0877 0.3591
vn 0.4536 0.5867 0.6709
vn 0.8168 0.4780 0.3231
vn 0.3183 -0.7904 0.5234
vn 0.3338 0.2898 0.8970
vn 0.2187 -0.5460 0.8087
vn 0.4712 0.2039 0.8581
vn 0.4879 0.7215 0.4913
vn 0.3116 0.9158 -0.2533
vn 0.0984 0.9590 -0.2659
vn 0.5558 0.7890 0.2620
vn 0.0626 -0.9958 -0.0665
vn 0.1236 0.9710 -0.2045
vn 0.3238 0.4401 0.8376
vn 0.2580 0.9075 0.3314
vn 0.2415 0.8252 0.5105
vn 0.1820 0.6858 0.7046
vn 0.8100 -0.3327 0.4828
vn 0.2042 0.7620 -0.6146
vn 0.4751 -0.8287 0.2958
vn 0.1136 -0.4244 -0.8983
vn 0.1926 -0.4404 -0.8769
vn 0.3451 0.8683 0.3562
vn 0.4416 -0.8747 0.1997
vn -0.2968 -0.2687 -0.9164
vn 0.2809 0.4942 -0.8227
vn 0.1597 0.6575 0.7363
vn 0.4389 -0.7830 0.4408
vn 0.1996 -0.6482 -0.7348
vn 0.0710 -0.9917 -0.1068
vn 0.3511 0.9166 -0.1912
vn 0.2229 -0.0756 -0.9719
vn 0.2054 0.4008 0.8928
vn 0.4495 -0.5130 0.7313
vn 0.2645 0.0911 0.9601
vn 0.4683 -0.8825 0.0444
vn 0.2032 0.4273 0.8810
vn 0.5456 0.8345 0.0767
vn 0.7979 -0.4547 0.3959
vn -0.2475 -0.6752 -0.6949
vn -0.1432 -0.1555 -0.9774
vn 0.2179 -0.2662 0.9390
vn -0.1630 -0.0257 -0.9863
vn 0.2552 -0.7566 0.6021
vn -0.1481 0.2619 -0.9537
vn 0.4725 0.5825 0.6614
vn 0.2529 0.8889 -0.3819
vn 0.4227 -0.3836 0.8211
vn 0.2162 -0.2077 0.9540
vn 0.4358 0.1423 0.8887
vn 0.4667 -0.1557 0.8706
vn 0.4265 0.9044 -0.0140
vn 0.4821 0.6560 0.5807
vn 0.2255 -0.1371 -0.9645
vn 0.0751 -0.9939 -0.0807
vn 0.3562 0.9344 0.0050
vn 0.0564 -0.9966 -0.0593
vn 0.3920 -0.2675 0.8802
vn 0.4306 -0.0914 0.8979
vn 0.1710 -0.9847 0.0327
vn 0.2522 -0.1589 -0.9545
vn 0.8222 0.3460 0.4520
vn 0.4728 -0.6621 0.5814
vn 0.6534 0.5036 0.5652
vn 0.7501 -0.5399 0.3820
vn 0.9369 0.3024 -0.1752
vn 0.8836 -0.3910 -0.2576
vn 0.8265 -0.5611 0.0455
vn 0.6885 0.5971 0.4117
vn 0.8262 -0.5316 0.1865
vn 0.8573 0.4809 0.1836
vn 0.4760 -0.7693 0.4262
vn 0.3950 -0.9053 0.1563
vn 0.4503 -0.8831 0.1322
vn 0.5283 -0.8172 0.2306
vn 0.3648 -0.7519 0.5491
vn 0.8575 -0.3746 0.3527
vn 0.3844 0.5415 0.7477
vn 0.5694 -0.7965 0.2034
vn 0.7509 -0.5890 0.2988
vn 0.6999 -0.4776 0.5311
vn 0.3965 -0.5785 0.7128
vn 0.8974 -0.4039 0.1779
vn 0.9771 0.1913 0.0931
vn 0.9851 0.0058 0.1719
vn 0.9435 -0.1896 0.2716
vn 0.8446 -0.2184 0.4889
vn 0.7800 -0.0010 0.6258
vn 0.6542 0.2747 0.7046
vn 0.8964 0.4158 0.1535
vn 0.8110 0.4762 0.3399
vn 0.6556 0.5187 0.5487
vn 0.1084 0.6311 0.7681
vn 0.1924 0.9036 0.3828
vn 0.3227 0.7258 0.6075
vn 0.4254 0.8841 0.1934
vn 0.5767 0.7198 0.3865
vn 0.7367 0.6517 0.1803
vn 0.8272 0.2639 0.4960
vn 0.9261 0.0054 0.3772
vn 0.9378 0.2242 0.2651
vn 0.4797 -0.0201 0.8772
vn 0.2133 -0.2890 0.9333
vn 0.6323 -0.2860 0.7200
vn 0.9743 -0.2052 0.0927
vn 0.7759 -0.6259 0.0781
vn 0.1559 -0.7701 0.6186
vn 0.2302 -0.9131 0.3365
vn 0.4806 -0.7315 0.4836
vn 0.1153 0.6860 0.7184
vn 0.1050 0.8662 0.4885
vn 0.0463 -0.2444 0.9686
vn 0.1278 -0.6885 0.7138
vn 0.1347 -0.5867 0.7985
vn 0.1504 -0.8980 0.4135
vn 0.1228 -0.8486 0.5145
vn 0.1207 -0.4847 0.8663
vn 0.1167 0.7870 0.6058
vn 0.9932 -0.1140 -0.0235
vn 0.7440 -0.2526 0.6186
vn 0.7433 -0.0514 -0.6670
vn 0.7308 -0.0242 0.6821
vn 0.7356 0.2068 -0.6451
vn 0.9829 0.0139 -0.1838
vn 0.6510 0.0129 -0.7590
vn 0.9907 -0.0193 0.1346
vn 0.6922 -0.1486 0.7062
vn 0.2252 -0.2097 0.9515
vn 0.2208 0.0060 -0.9753
vn 0.7428 0.0783 -0.6649
vn 0.7401 -0.1319 0.6594
vn 0.7693 0.2916 -0.5684
vn 0.7655 0.3706 -0.5259
vn 0.1934 0.3314 -0.9235
vn 0.4757 0.3231 -0.8181
vn -0.2022 0.3346 -0.9204
vn 0.4035 0.4520 0.7955
vn 0.9950 -0.0491 -0.0871
vn 0.7333 -0.0331 0.6791
vn 0.7797 0.1420 -0.6098
vn 0.6793 -0.2964 0.6713
vn 0.6778 -0.0756 -0.7314
vn 0.6900 -0.0184 0.7236
vn 0.6882 0.2289 -0.6885
vn 0.6749 0.0823 -0.7333
vn 0.6765 -0.1489 0.7212
vn 0.5805 -0.8045 -0.1258
vn 0.6469 0.0792 0.7585
vn 0.7454 0.2376 -0.6229
vn 0.5038 0.7420 0.4423
vn 0.6147 -0.7839 0.0875
vn 0.9840 -0.1044 0.1441
vn 0.9642 0.1963 0.1785
vn 0.9911 -0.0782 0.1081
vn 0.9097 -0.3289 0.2537
vn 0.8892 0.1102 0.4441
vn 0.9702 0.0946 0.2232
vn 0.8728 0.0089 0.4880
vn 0.8870 0.3501 0.3013
vn 0.8952 -0.1102 0.4319
vn 0.9571 0.0175 0.2892
vn 0.8954 0.2573 0.3633
vn 0.9264 0.3249 0.1905
vn 0.9429 -0.0974 0.3186
vn 0.9655 0.1929 0.1747
vn 0.9755 0.1144 0.1880
vn 0.9158 -0.1474 0.3736
vn 0.8943 0.1431 0.4239
vn 0.9599 -0.0467 0.2766
vn 0.9640 -0.0480 0.2615
vn 0.8741 0.3213 0.3644
vn 0.6395 -0.7513 0.1630
vn 0.3531 0.6875 0.6346
vn 0.8752 -0.3489 0.3350
vn 0.9316 -0.0587 0.3587
vn 0.7452 0.3680 0.5561
vn 0.2025 0.7524 0.6269
vn 0.4631 -0.8854 0.0395
vn 0.3772 -0.7688 -0.5163
vn 0.6917 -0.6831 -0.2343
vn 0.9604 -0.1166 -0.2529
vn 0.8212 -0.5678 -0.0569
vn 0.3758 -0.8912 0.2540
vn -0.8612 0.2163 0.4600
vn -0.5147 -0.1672 0.8409
vn -0.7555 0.4788 0.4472
vn -0.6502 -0.2135 0.7292
vn -0.1437 -0.3747 0.9159
vn -0.6204 -0.3518 0.7010
vn -0.5540 0.0743 0.8292
vn -0.5120 0.3451 0.7866
vn -0.6608 0.0841 0.7458
vn -0.8994 0.1649 0.4048
vn -0.5350 0.7310 -0.4237
vn -0.8339 -0.4931 0.2480
vn -0.8833 -0.3548 0.3064
vn -0.9257 0.0527 0.3746
vn -0.9182 0.1841 0.3507
vn -0.9468 0.0032 0.3217
vn -0.0114 0.1442 0.9895
vn -0.9644 0.0105 0.2641
vn -0.0318 0.1327 0.9906
vn -0.9596 0.0460 0.2778
vn -0.1482 0.3635 0.9197
vn -0.9450 0.2371 0.2254
vn -0.4236 -0.3210 0.8471
vn -0.8224 -0.5616 0.0906
vn -0.5462 -0.6750 0.4960
vn -0.9143 -0.3326 0.2313
vn -0.5454 0.7609 0.3515
vn -0.4638 -0.7938 0.3933
vn 0.0417 0.6918 0.7209
vn 0.0736 -0.6735 0.7355
vn -0.4818 0.7626 0.4316
vn -0.4315 -0.7957 0.4251
vn -0.4571 0.6886 0.5629
vn -0.5008 -0.7418 0.4459
vn 0.1554 0.3223 0.9338
vn 0.1812 -0.2482 0.9516
vn -0.2475 0.7603 0.6006
vn -0.2642 -0.8146 0.5163
vn -0.7473 0.2896 0.5981
vn -0.7643 0.2899 0.5761
vn -0.2588 0.3078 0.9156
vn -0.5310 0.2831 0.7987
vn -0.9745 0.1031 0.1993
vn -0.6517 0.1697 0.7393
vn -0.6991 0.2591 0.6665
vn -0.7651 -0.1567 0.6245
vn -0.7627 -0.2121 0.6110
vn -0.2736 -0.2685 0.9236
vn -0.5501 -0.2718 0.7897
vn -0.9748 -0.1463 0.1683
vn -0.7157 -0.1147 0.6889
vn -0.6975 -0.2420 0.6745
vn -0.7205 0.6877 -0.0897
vn -0.8169 0.5371 0.2103
vn -0.7965 0.0177 0.6044
vn -0.4922 -0.3228 0.8084
vn -0.7389 -0.3350 0.5846
vn -0.7624 -0.3279 0.5579
vn -0.8404 -0.3324 0.4281
vn -0.8274 0.1022 0.5522
vn -0.8442 0.0792 0.5302
vn -0.7500 0.2460 0.6140
vn -0.8232 0.2206 0.5231
vn -0.7876 0.0469 0.6144
vn -0.8714 0.0164 0.4903
vn -0.4748 0.1158 0.8724
vn -0.8003 0.0633 0.5963
vn -0.5154 0.1225 0.8482
vn -0.8468 0.0860 0.5250
vn -0.5233 0.2517 0.8141
vn -0.8476 0.2374 0.4745
vn -0.7963 -0.4753 0.3741
vn -0.8816 -0.3682 0.2952
vn -0.5891 -0.6812 0.4346
vn -0.7342 -0.6179 0.2814
vn -0.6486 0.0720 0.7577
vn -0.8388 0.0868 0.5375
vn -0.6917 -0.1189 0.7124
vn -0.8018 -0.1072 0.5879
vn -0.6072 0.4612 0.6469
vn -0.5029 0.6501 -0.5696
vn -0.8400 0.4923 -0.2282
vn -0.8747 0.4086 0.2607
vn -0.9808 0.0659 -0.1837
vn -0.9868 0.0339 0.1585
vn -0.6410 0.1409 -0.7545
vn -0.6796 -0.0662 0.7306
vn -0.6328 0.7716 0.0638
vn -0.9684 0.1629 -0.1887
vn -0.9187 0.3102 -0.2446
vn -0.6270 0.3051 -0.7168
vn -0.5673 0.4726 -0.6745
vn -0.9332 0.2561 0.2522
vn -0.9744 0.1215 0.1890
vn -0.6445 0.2866 0.7088
vn -0.6678 0.1121 0.7358
vn -0.9895 -0.0506 0.1353
vn -0.7044 -0.1692 0.6894
vn -0.9803 -0.0171 -0.1968
vn -0.6440 -0.0564 -0.7629
vn -0.9750 -0.1961 0.1042
vn -0.9466 -0.2859 0.1490
vn -0.9608 -0.1572 -0.2282
vn -0.6378 -0.1582 -0.7537
vn -0.9493 -0.3048 0.0771
vn -0.9295 -0.3398 0.1437
vn -0.9369 -0.2545 -0.2399
vn -0.5996 -0.2224 -0.7688
vn -0.9403 0.2902 -0.1779
vn -0.9124 -0.3898 0.1250
vn -0.9237 0.3263 -0.2010
vn -0.8996 -0.3728 0.2274
vn -0.8272 0.3313 0.4539
vn -0.8988 -0.2781 0.3388
vn -0.8528 0.1597 0.4972
vn -0.9999 0.0066 0.0079
vn -1.0000 -0.0000 -0.0000
vn -0.9908 0.0974 0.0937
vn -0.9263 -0.0986 0.3636
vn -0.8779 0.4574 -0.1418
vn -0.8933 0.4139 0.1753
vn -0.8219 -0.1636 0.5456
vn -0.8675 0.4826 -0.1204
vn -0.5881 -0.8066 0.0585
vn -0.6018 -0.2444 0.7603
vn -0.4760 0.8157 0.3287
vn -0.5045 0.6933 0.5145
vn -0.6212 0.5289 0.5782
vn -0.7361 0.4612 0.4954
vn -0.7084 0.2077 0.6746
vn -0.5422 -0.6262 -0.5602
vn -0.5362 -0.3589 -0.7640
vn -0.5223 -0.3548 -0.7755
vn -0.5463 -0.5927 -0.5918
vn -0.5316 -0.7403 -0.4115
vn -0.7172 0.3451 0.6055
vn -0.5138 -0.4657 -0.7205
vn -0.6000 -0.0184 0.7998
vn -0.5155 -0.8070 -0.2882
vn -0.4097 0.4130 0.8134
vn -0.4426 -0.6117 0.6557
vn -0.8629 0.1762 0.4738
vn -0.7964 0.1702 0.5803
vn -0.7703 -0.5729 0.2802
vn -0.5824 0.5144 0.6294
vn -0.6826 -0.3661 0.6325
vn -0.6931 -0.6261 0.3574
vn -0.9502 -0.3049 0.0650
vn -0.9959 -0.0890 -0.0173
vn -0.9869 0.1170 0.1111
vn -0.9607 -0.2243 0.1635
vn -0.7810 0.6231 -0.0437
vn 0.0212 -0.7172 -0.6965
vn 0.0203 -0.4744 -0.8801
vn 0.0161 -0.8838 -0.4677
vn -0.0000 0.8665 -0.4992
vn -0.0000 0.9660 0.2586
vn -0.0000 -0.7018 0.7124
vn -0.0000 -0.9734 0.2292
vn -0.7063 0.0473 -0.7063
vn -0.6735 -0.3045 -0.6735
vn -0.0000 0.6827 -0.7307
vn -0.0000 0.4931 -0.8699
vn -0.0000 0.8816 -0.4720
vn -0.0297 0.5447 0.8381
vn -0.0338 0.6376 0.7696
vn -0.0000 -0.8650 0.5018
vn 0.0269 -0.5122 -0.8585
vn 0.0359 -0.6150 -0.7877
vn -0.1055 -0.9888 -0.1055
vn -0.0171 -0.9997 -0.0171
vn -0.0000 0.6538 0.7567
vn -0.0000 0.9836 -0.1801
vn -0.0000 0.1576 -0.9875
vn -0.0000 -0.0764 -0.9971
vn 0.0033 0.1541 0.9881
vn -0.0194 0.4223 0.9062
vn -0.2477 -0.9366 -0.2477
vn -0.0000 -0.5965 0.8026
vn -0.0000 -0.1097 0.9940
vn -0.0000 0.0857 0.9963
vn 0.0571 -0.8403 -0.5391
vn 0.0797 -0.9959 0.0433
vn 0.0762 -0.6918 0.7180
vn 0.0463 0.4299 0.9017
vn 0.0196 0.1340 0.9908
vn -0.0000 0.4986 0.8669
vn -0.0000 0.9878 0.1557
vn 0.0928 -0.3931 0.9148
vn 0.7030 0.1105 0.7026
vn 0.5981 -0.4040 0.6922
vn -0.4809 -0.7331 -0.4809
vn -0.1140 -0.7414 -0.6613
vn -0.5573 -0.1707 -0.8126
vn -0.0000 0.3359 -0.9419
vn 0.6967 0.1127 0.7084
vn -0.0000 0.7252 0.6885
vn -0.0000 -0.2977 0.9547
vn -0.7117 0.0112 -0.7024
vn 0.6132 0.4979 0.6132
vn 0.0049 -0.8154 0.5788
vn -0.0000 -0.7686 0.6397
vn -0.0000 0.2859 0.9583
vn -0.6810 0.2692 -0.6810
vn -0.0000 -0.5564 0.8309
vn -0.0000 0.6975 0.7166
vn -0.0000 0.9249 -0.3801
vn -0.0068 0.1067 0.9943
vn 0.0011 -0.3900 0.9208
vn -0.0000 0.8104 0.5859
vn -0.0000 -0.2185 0.9758
vn 0.0077 0.1694 0.9855
vn -0.0000 0.9619 -0.2735
vn -0.0000 -0.2033 0.9791
vn -0.0736 0.9946 -0.0736
vn 0.2459 0.9376 0.2459
vn -0.0000 0.7643 0.6449
vn -0.0000 -0.1380 -0.9904
vn -0.0000 -1.0000 -0.0000
vn 0.4056 0.8191 0.4056
vn 0.1712 0.9703 0.1712
vn -0.0017 -1.0000 -0.0017
vn -0.0430 0.9982 -0.0430
vn 0.0405 -0.3059 0.9512
vn 0.0105 0.5432 0.8395
vn -0.0523 0.1726 0.9836
vn 0.0898 -0.9919 0.0898
vn -0.0000 -0.1522 -0.9883
vn 0.0334 0.9344 0.3545
vn 0.0259 0.8525 0.5221
vn -0.0114 0.6737 0.7389
vn 0.6628 -0.3482 0.6629
vn 0.6619 0.3517 0.6619
vn -0.0000 0.8663 -0.4996
vn 0.3779 -0.8452 0.3779
vn 0.0214 -0.4472 -0.8942
vn -0.5559 0.2183 0.8021
vn -0.6790 -0.0773 0.7301
vn -0.6841 -0.0989 0.7226
vn -0.8387 -0.0265 0.5440
vn -0.6799 -0.5644 0.4682
vn -0.8371 0.5056 0.2089
vn -0.9997 0.0223 -0.0089
vn -0.8744 -0.4247 -0.2344
vn -0.8504 0.3793 0.3646
vn -0.9966 -0.0130 0.0813
vn -0.9016 -0.3434 -0.2629
vn -0.9324 0.2469 0.2640
vn -0.9989 0.0081 -0.0471
vn -0.9007 -0.1833 -0.3938
vn -0.9745 0.1674 0.1496
vn -0.9967 0.0095 -0.0809
vn -0.9219 -0.1388 -0.3618
vn -0.9197 -0.0220 0.3920
vn -0.9870 -0.1342 0.0879
vn -0.9167 -0.3619 -0.1696
vn -0.9704 0.0653 0.2326
vn -0.9970 -0.0766 0.0128
vn -0.9454 -0.2208 -0.2397
vn -0.8517 -0.1163 0.5110
vn -0.8875 -0.3480 0.3021
vn -0.8254 -0.5616 -0.0573
vn 0.0728 -0.7646 0.6404
vn -0.2167 -0.6441 -0.7336
vn -0.2575 -0.8534 -0.4533
vn -0.4374 0.7845 -0.4396
vn -0.2167 -0.5421 0.8119
vn -0.9645 0.0787 -0.2519
vn -0.3426 0.6715 -0.6570
vn -0.4050 0.7929 -0.4554
vn -0.2669 0.5130 0.8158
vn -0.0568 -0.5142 -0.8558
vn -0.1865 -0.9824 -0.0132
vn -0.3657 0.5817 0.7265
vn -0.2190 0.1573 -0.9630
vn -0.2833 0.1433 0.9483
vn -0.3904 -0.9076 -0.1542
vn -0.2361 -0.1059 0.9660
vn -0.2274 -0.8150 -0.5330
vn -0.1446 -0.6647 0.7330
vn -0.4329 0.4789 0.7637
vn -0.1393 -0.2946 0.9454
vn 0.3343 0.1404 0.9320
vn -0.5894 -0.7356 -0.3337
vn -0.2318 0.3357 -0.9130
vn 0.3515 0.1250 0.9278
vn -0.5652 0.5123 0.6467
vn 0.3231 0.4780 0.8168
vn -0.3202 -0.7866 0.5280
vn -0.3338 0.2898 0.8970
vn -0.2187 -0.5460 0.8087
vn -0.4624 0.2620 0.8471
vn -0.4879 0.7215 0.4913
vn -0.3256 0.9095 -0.2585
vn -0.2659 0.9590 0.0984
vn 0.2621 0.7891 0.5556
vn -0.0665 -0.9958 0.0626
vn -0.2045 0.9710 0.1236
vn -0.2722 0.4675 0.8410
vn -0.2168 0.9102 0.3528
vn -0.2150 0.8113 0.5436
vn -0.2466 0.6452 0.7231
vn 0.4841 -0.3328 0.8093
vn -0.3182 0.7259 -0.6098
vn 0.2971 -0.8287 0.4744
vn -0.0903 -0.4371 -0.8949
vn -0.1796 -0.4624 -0.8683
vn -0.3451 0.8683 0.3562
vn -0.4416 -0.8747 0.1997
vn -0.9164 -0.2687 -0.2968
vn -0.2809 0.4942 -0.8227
vn -0.2929 0.6119 0.7347
vn -0.4389 -0.7830 0.4408
vn -0.1653 -0.6810 -0.7134
vn -0.1068 -0.9917 0.0710
vn -0.3511 0.9166 -0.1912
vn -0.2229 -0.0756 -0.9719
vn -0.3047 0.3454 0.8876
vn -0.4495 -0.5130 0.7313
vn -0.2645 0.0911 0.9601
vn -0.4523 -0.8911 0.0377
vn -0.1209 0.4140 0.9022
vn -0.5456 0.8345 0.0767
vn 0.1644 -0.4183 0.8933
vn -0.6949 -0.6752 -0.2475
vn -0.9548 -0.0830 -0.2854
vn -0.2291 -0.2768 0.9332
vn -0.9890 0.0279 -0.1452
vn -0.2552 -0.7566 0.6021
vn -0.9537 0.2619 -0.1481
vn -0.4725 0.5825 0.6614
vn -0.2529 0.8889 -0.3819
vn -0.4185 -0.3819 0.8240
vn -0.2162 -0.2077 0.9540
vn -0.4221 0.1397 0.8957
vn -0.4667 -0.1557 0.8706
vn -0.0140 0.9044 0.4265
vn -0.4821 0.6560 0.5807
vn -0.2255 -0.1371 -0.9645
vn -0.0807 -0.9939 0.0751
vn 0.0050 0.9344 0.3562
vn -0.0588 -0.9967 0.0559
vn -0.4422 -0.2966 0.8465
vn -0.3248 0.0318 0.9452
vn 0.0314 -0.9847 0.1714
vn -0.2522 -0.1589 -0.9545
vn 0.4522 0.3461 0.8220
vn -0.5013 -0.6710 0.5463
vn -0.6138 0.4459 0.6515
vn -0.6822 -0.5608 0.4691
vn -0.7401 0.5881 0.3262
vn -0.8514 -0.5004 0.1572
vn -0.8351 -0.5124 0.2001
vn -0.6277 0.5465 0.5543
vn -0.7991 -0.5399 0.2646
vn -0.6219 0.6099 0.4913
vn -0.4386 -0.6682 0.6009
vn -0.6637 -0.7213 0.1980
vn -0.7253 -0.5769 0.3758
vn -0.6330 -0.5890 0.5023
vn 0.0475 -0.7872 0.6148
vn -0.2279 -0.7579 0.6112
vn -0.8502 -0.3925 0.3509
vn -0.3844 0.5415 0.7477
vn -0.5680 -0.7971 0.2050
vn -0.7450 -0.5973 0.2970
vn -0.6989 -0.4884 0.5225
vn -0.4005 -0.5834 0.7066
vn -0.8911 -0.4176 0.1777
vn -0.9771 0.1913 0.0931
vn -0.9851 0.0058 0.1719
vn -0.9418 -0.1972 0.2723
vn -0.8428 -0.2282 0.4874
vn -0.7800 -0.0010 0.6258
vn -0.6189 0.2709 0.7373
vn -0.8964 0.4158 0.1535
vn -0.8110 0.4762 0.3399
vn -0.6556 0.5187 0.5487
vn -0.1084 0.6311 0.7681
vn -0.1814 0.9068 0.3804
vn -0.3227 0.7258 0.6075
vn -0.4254 0.8841 0.1934
vn -0.5767 0.7198 0.3865
vn -0.7367 0.6517 0.1803
vn -0.8272 0.2639 0.4960
vn -0.9255 0.0060 0.3786
vn -0.9388 0.2244 0.2613
vn -0.4719 0.0063 0.8816
vn -0.2143 -0.2922 0.9320
vn -0.6319 -0.2940 0.7171
vn -0.9734 -0.2086 0.0947
vn -0.7689 -0.6325 0.0936
vn -0.1631 -0.7719 0.6144
vn -0.2401 -0.9140 0.3271
vn -0.4853 -0.7345 0.4743
vn -0.1153 0.6860 0.7184
vn -0.1100 0.8675 0.4851
vn -0.0467 -0.2452 0.9683
vn -0.1345 -0.6885 0.7126
vn -0.1412 -0.5890 0.7957
vn -0.1712 -0.8992 0.4026
vn -0.1377 -0.8503 0.5080
vn -0.1253 -0.4876 0.8641
vn -0.1167 0.7870 0.6058
vn -0.0000 0.6790 0.7341
vn -0.0038 -0.7746 0.6325
vn -0.0077 0.8840 0.4674
vn -0.0008 -0.2645 0.9644
vn -0.0027 -0.6911 0.7228
vn -0.0032 -0.5879 0.8089
vn -0.0160 -0.9134 0.4066
vn -0.0085 -0.8488 0.5286
vn -0.0023 -0.4693 0.8831
vn -0.0000 0.7951 0.6065
vn -0.9940 0.1086 0.0113
vn -0.9992 0.0404 0.0020
vn -0.9991 0.0420 0.0048
vn -0.9997 -0.0227 -0.0096
vn -0.9997 -0.0223 0.0028
vn -0.9828 0.0114 -0.1845
vn -0.6525 0.0104 -0.7577
vn -0.9908 -0.0191 0.1342
vn -0.6922 -0.1486 0.7062
vn -0.0000 -0.2159 0.9764
vn -0.0000 0.0079 -1.0000
vn -0.2252 -0.2097 0.9515
vn -0.2208 0.0060 -0.9753
vn -1.0000 0.0045 0.0013
vn -1.0000 0.0044 -0.0009
vn -0.5684 0.2916 0.7693
vn -0.5259 0.3706 0.7655
vn -0.9235 0.3314 0.1934
vn -0.8181 0.3231 0.4757
vn -0.6724 0.3095 -0.6724
vn -0.9204 0.3346 -0.2022
vn -0.3932 0.3987 0.8285
vn -0.9672 -0.2529 -0.0242
vn -0.9878 -0.1546 -0.0175
vn -0.9883 -0.1525 -0.0093
vn -0.5959 -0.7970 0.0988
vn -0.9840 -0.1044 0.1441
vn -0.9642 0.1963 0.1785
vn -0.9925 -0.1086 0.0560
vn -0.9898 -0.1422 -0.0004
vn -0.8891 0.1123 0.4437
vn -0.9700 0.0969 0.2231
vn -0.8718 0.0083 0.4898
vn -0.8869 0.3503 0.3012
vn -0.8949 -0.1106 0.4322
vn -0.9655 0.0141 0.2599
vn -0.8952 0.2590 0.3627
vn -0.9264 0.3249 0.1905
vn -0.9425 -0.1008 0.3187
vn -0.9655 0.1929 0.1747
vn -0.9755 0.1144 0.1880
vn -0.9157 -0.1476 0.3738
vn -0.8943 0.1456 0.4232
vn -0.9636 -0.0534 0.2618
vn -0.8740 0.3217 0.3642
vn -0.6173 -0.7291 0.2956
vn -0.3426 0.7079 0.6177
vn 0.0251 0.8031 0.5954
vn 0.0939 -0.9936 0.0623
vn -0.8334 -0.3184 0.4516
vn -0.8834 -0.0494 0.4659
vn -0.6924 0.3758 0.6159
vn -0.1721 0.7773 0.6052
vn -0.4414 -0.8844 0.1516
vn -0.9467 -0.3202 0.0346
vn -0.9771 -0.2128 -0.0033
vn -0.9002 -0.4270 0.0855
vn -0.9302 -0.3585 0.0793
vn 0.5951 -0.5479 0.5879
vn -0.2764 -0.4472 0.8506
vn 0.2926 0.4248 0.8567
vn -0.7225 0.4465 0.5279
vn -0.1616 -0.8492 0.5028
vn 0.4255 -0.8504 0.3094
vn 0.2755 -0.5084 0.8159
vn -0.6872 -0.5243 0.5028
vn 0.0261 -0.0007 0.9997
vn 0.4898 -0.0161 0.8717
vn -0.9509 0.0003 0.3094
vn -0.5878 -0.0000 0.8090
vn 0.5216 0.5958 0.6107
vn -0.2629 0.5257 0.8090
vn 0.1616 0.8492 0.5028
vn -0.4255 0.8504 0.3094
vn 0.8991 0.2450 0.3627
vn 0.8980 0.2462 0.3647
vn 0.9461 0.1075 0.3055
vn 0.9439 0.1103 0.3113
vn 0.9662 0.0568 0.2516
vn 0.8707 0.3288 0.3658
vn 0.9207 0.1569 0.3574
vn 0.9598 0.0106 0.2804
vn 0.9653 0.0593 0.2544
vn 0.5706 -0.8209 0.0226
vn 0.4899 -0.2242 0.8425
vn 0.6034 -0.5905 0.5359
vn -0.3129 -0.7338 0.6030
vn -0.2974 -0.9529 0.0593
vn -0.2890 -0.3251 0.9005
vn 0.8729 -0.2926 0.3904
vn 0.6425 0.7450 0.1791
vn 0.0704 -0.9952 -0.0679
vn 0.8756 0.3362 0.3469
vn 0.5880 -0.7745 0.2333
vn 0.2576 -0.9658 -0.0284
vn -0.0671 -0.9953 0.0692
vn 0.3475 0.3364 0.8753
vn 0.3916 -0.2925 0.8724
vn 0.1795 0.7452 0.6422
vn 0.2333 -0.7741 0.5885
vn -0.0292 -0.9660 0.2569
vn 0.9711 0.0273 0.2370
vn 0.8764 -0.4567 0.1528
vn 0.8913 -0.3719 0.2595
vn 0.7845 -0.5724 -0.2385
vn 0.3880 -0.7300 -0.5626
vn 0.7806 0.3280 -0.5321
vn 0.2890 -0.8589 -0.4228
vn 0.4038 -0.8791 0.2532
vn 0.9560 -0.2932 -0.0129
vn 0.8659 0.2218 -0.4484
vn 0.5217 -0.0759 -0.8498
vn 0.7060 0.6105 -0.3589
vn 0.6376 -0.3008 -0.7092
vn 0.2008 -0.9796 -0.0000
vn 0.8432 -0.5311 -0.0841
vn 0.6296 -0.3802 -0.6776
vn 0.8539 -0.5205 0.0019
vn 1.0000 0.0039 0.0087
vn 0.9867 0.1620 0.0145
vn 0.9975 0.0692 0.0168
vn 0.6773 -0.0194 -0.7354
vn 0.5837 0.2598 -0.7692
vn 0.6806 0.0726 -0.7290
vn 0.8966 -0.3134 -0.3127
vn 0.5271 0.7458 0.4074
vn 0.3019 -0.8265 0.4751
vn 0.7956 -0.5390 -0.2765
vn 0.9527 0.0633 -0.2973
vn 0.9337 0.1608 -0.3200
vn 0.9507 0.0017 -0.3101
vn 0.9998 0.0203 0.0067
vn 0.2593 -0.1574 0.9529
vn 0.9976 0.0662 0.0192
vn 0.2791 -0.0333 0.9597
vn 0.9197 0.3635 0.1482
vn 0.2254 0.2371 0.9450
vn 0.9973 0.0722 0.0097
vn 0.5169 -0.3544 -0.7793
vn 0.9841 -0.1277 0.1234
vn 0.4960 -0.6750 0.5462
vn 0.2313 -0.3326 0.9143
vn 0.3515 0.7609 0.5454
vn 0.3933 -0.7938 0.4638
vn 0.7210 0.6917 -0.0413
vn 0.7339 -0.6751 -0.0747
vn 0.4316 0.7626 0.4818
vn 0.4251 -0.7957 0.4315
vn 0.5629 0.6886 0.4571
vn 0.4459 -0.7418 0.5008
vn 0.9339 0.3223 -0.1551
vn 0.9511 -0.2492 -0.1825
vn 0.6006 0.7602 0.2476
vn 0.5165 -0.8145 0.2643
vn 0.5981 0.2896 0.7473
vn 0.5761 0.2899 0.7643
vn 0.9156 0.3078 0.2588
vn 0.7987 0.2831 0.5310
vn 0.1993 0.1031 0.9745
vn 0.7393 0.1697 0.6517
vn 0.6665 0.2591 0.6991
vn 0.6245 -0.1567 0.7651
vn 0.6110 -0.2121 0.7627
vn 0.9236 -0.2685 0.2736
vn 0.7897 -0.2718 0.5501
vn 0.1683 -0.1463 0.9748
vn 0.6889 -0.1147 0.7157
vn 0.6745 -0.2420 0.6975
vn 0.7307 0.6786 0.0746
vn 0.8177 0.5364 -0.2089
vn 0.9231 -0.0961 -0.3723
vn 0.7609 -0.5983 0.2513
vn 0.5553 -0.7030 0.4444
vn 0.7552 -0.4250 -0.4990
vn 0.7723 -0.5167 -0.3694
vn 0.8999 0.0232 -0.4356
vn 0.9156 0.0481 -0.3992
vn 0.8219 0.1519 -0.5490
vn 0.8742 0.1591 -0.4588
vn 0.8092 0.0401 -0.5861
vn 0.8848 0.0138 -0.4658
vn 0.8842 -0.0518 0.4643
vn 0.6074 -0.1122 0.7864
vn 0.8600 0.0342 0.5091
vn 0.5323 -0.0046 0.8465
vn 0.8141 0.2517 0.5233
vn 0.4745 0.2374 0.8476
vn 0.8206 -0.4912 -0.2922
vn 0.9024 -0.4005 -0.1588
vn 0.4346 -0.6812 0.5891
vn 0.2814 -0.6179 0.7342
vn 0.7577 0.0720 0.6486
vn 0.5375 0.0868 0.8388
vn 0.7124 -0.1188 0.6917
vn 0.5879 -0.1072 0.8018
vn 0.6072 0.4612 -0.6469
vn 0.5029 0.6501 0.5696
vn 0.8400 0.4923 0.2282
vn 0.8747 0.4086 -0.2607
vn 0.9801 0.0676 0.1864
vn 0.9865 0.0333 -0.1602
vn 0.6403 0.1403 0.7552
vn 0.6796 -0.0661 -0.7306
vn 0.6328 0.7716 -0.0638
vn 0.9679 0.1650 0.1897
vn 0.9188 0.3101 0.2444
vn 0.6261 0.3058 0.7173
vn 0.5673 0.4726 0.6745
vn 0.9333 0.2558 -0.2520
vn 0.9742 0.1220 -0.1901
vn 0.6452 0.2863 -0.7083
vn 0.6681 0.1125 -0.7356
vn 0.9895 -0.0506 -0.1353
vn 0.7044 -0.1692 -0.6894
vn 0.9781 -0.0169 0.2073
vn 0.6403 -0.0541 0.7662
vn 0.9750 -0.1961 -0.1042
vn 0.9466 -0.2859 -0.1490
vn 0.9604 -0.1586 0.2290
vn 0.6347 -0.1598 0.7560
vn 0.9493 -0.3049 -0.0771
vn 0.9294 -0.3400 -0.1436
vn 0.9369 -0.2545 0.2399
vn 0.5996 -0.2224 0.7688
vn 0.8591 0.4430 0.2564
vn 0.8651 -0.4769 -0.1554
vn 0.8575 0.4597 0.2310
vn 0.8530 -0.4468 -0.2695
vn 0.8272 0.3313 -0.4539
vn 0.8679 -0.2914 -0.4024
vn 0.8631 0.1948 -0.4660
vn 0.9986 0.0460 0.0265
vn 0.9978 0.0662 -0.0018
vn 0.9743 0.1601 -0.1586
vn 0.9105 -0.0841 -0.4049
vn 0.8397 0.5403 0.0554
vn 0.8933 0.4139 -0.1753
vn 0.7776 -0.0359 -0.6277
vn 0.8311 0.5440 0.1155
vn 0.5732 -0.8062 -0.1465
vn 0.5602 -0.1205 -0.8196
vn 0.4554 0.8433 -0.2853
vn 0.4959 0.7521 -0.4341
vn 0.5637 0.6652 -0.4897
vn 0.6425 0.6239 -0.4449
vn 0.6353 0.3702 -0.6777
vn 0.5313 -0.6700 0.5185
vn 0.4971 -0.4153 0.7619
vn 0.4660 -0.4145 0.7817
vn 0.5144 -0.5915 0.6209
vn 0.5260 -0.7004 0.4825
vn 0.6302 0.5075 -0.5877
vn 0.4961 -0.5187 0.6963
vn 0.5350 0.1417 -0.8329
vn 0.4877 -0.8399 0.2380
vn 0.4358 0.5056 -0.7446
vn 0.5377 -0.6031 -0.5892
vn 0.9255 0.1364 -0.3534
vn 0.8612 0.2322 -0.4520
vn 0.7852 0.5857 -0.2009
vn 0.9396 0.2950 0.1737
vn 0.7578 -0.5877 -0.2835
vn 0.5824 0.5144 -0.6294
vn 0.6826 -0.3661 -0.6325
vn 0.6931 -0.6261 -0.3574
vn 0.9501 -0.3050 -0.0649
vn 0.9959 -0.0890 0.0173
vn 0.9869 0.1170 -0.1111
vn 0.9607 -0.2243 -0.1635
vn 0.7810 0.6231 0.0437
vn 0.5387 0.3242 -0.7776
vn 0.7534 0.0217 -0.6572
vn 0.7689 -0.0883 -0.6332
vn 0.8929 0.0189 -0.4499
vn 0.6694 -0.4947 -0.5542
vn 0.8326 0.5416 -0.1160
vn 0.9893 0.0557 0.1351
vn 0.8491 -0.3917 0.3544
vn 0.8548 0.4546 -0.2503
vn 0.9964 0.0656 0.0532
vn 0.8796 -0.2973 0.3714
vn 0.9120 0.3811 -0.1519
vn 0.9820 0.1062 0.1565
vn 0.8631 -0.1532 0.4813
vn 0.9467 0.3027 -0.1099
vn 0.9869 0.0920 0.1325
vn 0.8977 -0.1239 0.4227
vn 0.9056 0.1106 -0.4094
vn 0.9950 -0.0538 -0.0836
vn 0.9201 -0.3478 0.1800
vn 0.9545 0.1956 -0.2250
vn 0.9999 0.0046 0.0120
vn 0.9387 -0.1992 0.2813
vn 0.8312 0.0109 -0.5559
vn 0.8966 -0.2732 -0.3485
vn 0.8309 -0.5561 0.0198
vn 0.2205 -0.6754 0.7037
vn 0.3001 -0.8197 0.4879
vn 0.4374 0.7845 0.4396
vn 0.2167 -0.5421 -0.8119
vn -0.2519 0.0787 0.9645
vn 0.3426 0.6715 0.6570
vn 0.4050 0.7929 0.4554
vn 0.1838 0.6309 -0.7537
vn 0.0688 -0.6020 0.7955
vn -0.0132 -0.9824 0.1865
vn 0.3657 0.5817 -0.7265
vn 0.2190 0.1573 0.9630
vn 0.2448 0.2798 -0.9283
vn -0.1542 -0.9076 0.3904
vn 0.2361 -0.1059 -0.9660
vn 0.2401 -0.8597 0.4509
vn 0.2847 -0.6532 -0.7016
vn 0.4329 0.4789 -0.7637
vn 0.2720 -0.3380 -0.9010
vn 0.9399 0.0653 -0.3351
vn 0.2318 0.3357 0.9130
vn 0.9292 0.0877 -0.3591
vn 0.4536 0.5867 -0.6709
vn 0.8168 0.4780 -0.3231
vn 0.3183 -0.7904 -0.5234
vn 0.3338 0.2898 -0.8970
vn 0.2187 -0.5460 -0.8087
vn 0.4712 0.2039 -0.8581
vn 0.2345 -0.9721 -0.0004
vn 0.4879 0.7215 -0.4913
vn 0.3116 0.9158 0.2533
vn 0.0984 0.9590 0.2659
vn 0.5558 0.7890 -0.2620
vn 0.0626 -0.9958 0.0665
vn 0.1236 0.9710 0.2045
vn 0.3260 0.4048 -0.8543
vn 0.2012 0.9216 -0.3319
vn 0.2176 0.8473 -0.4845
vn 0.2097 0.7394 -0.6398
vn 0.8100 -0.3327 -0.4828
vn 0.2042 0.7620 0.6146
vn 0.4751 -0.8287 -0.2958
vn 0.0877 -0.5314 0.8426
vn 0.1668 -0.5508 0.8178
vn 0.3451 0.8683 -0.3562
vn 0.4416 -0.8747 -0.1997
vn -0.2968 -0.2687 0.9164
vn 0.2809 0.4942 0.8227
vn 0.2006 0.7258 -0.6580
vn 0.4389 -0.7830 -0.4408
vn 0.1569 -0.7404 0.6536
vn 0.0710 -0.9917 0.1068
vn 0.3511 0.9166 0.1912
vn 0.2229 -0.0756 0.9719
vn 0.2289 0.4852 -0.8439
vn 0.4495 -0.5130 -0.7313
vn 0.2645 0.0911 -0.9601
vn 0.4046 -0.9020 -0.1507
vn 0.1785 0.4550 -0.8724
vn 0.5456 0.8345 -0.0767
vn 0.7979 -0.4547 -0.3959
vn -0.2475 -0.6752 0.6949
vn -0.1432 -0.1555 0.9774
vn 0.2179 -0.2662 -0.9390
vn -0.1630 -0.0257 0.9863
vn 0.2552 -0.7566 -0.6021
vn -0.1481 0.2619 0.9537
vn 0.4725 0.5825 -0.6614
vn 0.2529 0.8889 0.3819
vn 0.4214 -0.3875 -0.8199
vn 0.2162 -0.2077 -0.9540
vn 0.4354 0.1290 -0.8910
vn 0.4667 -0.1557 -0.8706
vn 0.4265 0.9044 0.0140
vn 0.4821 0.6560 -0.5807
vn 0.2255 -0.1371 0.9645
vn 0.0751 -0.9939 0.0807
vn 0.3562 0.9344 -0.0050
vn 0.0564 -0.9966 0.0593
vn 0.3679 -0.1915 -0.9099
vn 0.4290 -0.0892 -0.8989
vn 0.1710 -0.9847 -0.0327
vn 0.2522 -0.1589 0.9545
vn 0.8222 0.3460 -0.4520
vn 0.4220 -0.6225 -0.6591
vn 0.6310 0.5336 -0.5631
vn 0.7434 -0.5430 -0.3904
vn 0.9287 0.3318 0.1659
vn 0.8948 -0.3723 0.2467
vn 0.8343 -0.5464 -0.0732
vn 0.6709 0.6222 -0.4034
vn 0.8282 -0.5223 -0.2031
vn 0.8427 0.5092 -0.1752
vn 0.4760 -0.7693 -0.4262
vn 0.4387 -0.8986 -0.0000
vn 0.3950 -0.9053 -0.1563
vn 0.4503 -0.8831 -0.1322
vn 0.5283 -0.8172 -0.2306
vn 0.3648 -0.7519 -0.5491
vn 0.8559 -0.3787 -0.3523
vn 0.3844 0.5415 -0.7477
vn 0.9336 0.3582 -0.0000
vn 0.0325 0.9995 -0.0000
vn 0.5650 -0.7991 -0.2055
vn 0.7480 -0.5930 -0.2982
vn 0.6989 -0.4806 -0.5297
vn 0.3964 -0.5802 -0.7115
vn 0.9536 0.3009 -0.0021
vn 0.8955 -0.4076 -0.1786
vn 0.9771 0.1913 -0.0931
vn 0.9851 0.0058 -0.1719
vn 0.9433 -0.1908 -0.2715
vn 0.8444 -0.2193 -0.4887
vn 0.7800 -0.0010 -0.6258
vn 0.6542 0.2747 -0.7046
vn 0.8964 0.4158 -0.1535
vn 0.8110 0.4762 -0.3399
vn 0.6556 0.5187 -0.5487
vn 0.1084 0.6311 -0.7681
vn 0.1924 0.9036 -0.3828
vn 0.3227 0.7258 -0.6075
vn 0.8261 0.5635 -0.0000
vn 0.6271 0.7790 -0.0000
vn 0.2847 0.9586 -0.0000
vn 0.4254 0.8841 -0.1934
vn 0.5767 0.7198 -0.3865
vn 0.7367 0.6517 -0.1803
vn 0.8272 0.2639 -0.4960
vn 0.9261 0.0054 -0.3772
vn 0.9378 0.2242 -0.2651
vn 0.4797 -0.0201 -0.8772
vn 0.2135 -0.2889 -0.9332
vn 0.6323 -0.2866 -0.7197
vn 0.9999 -0.0125 -0.0000
vn 0.9741 -0.2063 -0.0930
vn 0.7740 -0.6275 -0.0848
vn 0.6850 -0.7285 -0.0081
vn 0.1575 -0.7719 -0.6160
vn 0.2314 -0.9143 -0.3323
vn 0.4801 -0.7341 -0.4802
vn 0.1153 0.6860 -0.7184
vn 0.1050 0.8662 -0.4885
vn 0.0463 -0.2440 -0.9687
vn 0.1282 -0.6902 -0.7121
vn 0.1351 -0.5878 -0.7976
vn 0.1510 -0.9008 -0.4071
vn 0.1270 -0.8500 -0.5112
vn 0.1210 -0.4847 -0.8663
vn 0.1167 0.7870 -0.6058
vn 0.2704 -0.9628 -0.0000
vn 0.7743 -0.6328 -0.0049
vn 0.9831 0.1828 -0.0000
vn 0.9932 -0.1140 0.0235
vn 0.7440 -0.2526 -0.6186
vn 0.7433 -0.0514 0.6670
vn 0.7308 -0.0242 -0.6821
vn 0.7356 0.2068 0.6451
vn 0.9829 0.0139 0.1838
vn 0.6510 0.0129 0.7590
vn 0.9907 -0.0193 -0.1346
vn 0.6922 -0.1486 -0.7062
vn 0.2252 -0.2097 -0.9515
vn 0.2208 0.0060 0.9753
vn 0.7428 0.0783 0.6649
vn 0.7401 -0.1319 -0.6594
vn 0.7693 0.2916 0.5684
vn 0.7655 0.3706 0.5259
vn 0.1934 0.3314 0.9235
vn 0.4757 0.3231 0.8181
vn -0.2022 0.3346 0.9204
vn 0.4035 0.4520 -0.7955
vn 0.9950 -0.0491 0.0871
vn 0.7333 -0.0331 -0.6791
vn 0.7797 0.1420 0.6098
vn 0.6793 -0.2964 -0.6713
vn 0.6778 -0.0756 0.7314
vn 0.6900 -0.0184 -0.7236
vn 0.6882 0.2289 0.6885
vn 0.6749 0.0823 0.7333
vn 0.6765 -0.1489 -0.7212
vn 0.5805 -0.8045 0.1258
vn 0.6469 0.0792 -0.7585
vn 0.7454 0.2376 0.6229
vn 0.5038 0.7420 -0.4423
vn 0.6065 -0.7889 -0.0988
vn 0.9855 0.1696 0.0004
vn 0.9840 -0.1044 -0.1441
vn 0.9642 0.1963 -0.1785
vn 0.9822 0.1879 -0.0000
vn 0.9911 -0.0782 -0.1081
vn 0.9097 -0.3289 -0.2537
vn 0.8892 0.1102 -0.4441
vn 0.9702 0.0946 -0.2232
vn 0.8728 0.0089 -0.4880
vn 0.8870 0.3501 -0.3013
vn 0.8952 -0.1102 -0.4319
vn 0.9571 0.0175 -0.2892
vn 0.8954 0.2573 -0.3633
vn 0.9264 0.3249 -0.1905
vn 0.9429 -0.0974 -0.3186
vn 0.9655 0.1929 -0.1747
vn 0.9755 0.1144 -0.1880
vn 0.9158 -0.1474 -0.3736
vn 0.8943 0.1431 -0.4239
vn 0.9599 -0.0467 -0.2766
vn 0.9640 -0.0480 -0.2615
vn 0.8741 0.3213 -0.3644
vn 0.6852 -0.7054 -0.1814
vn 0.3085 0.7182 -0.6237
vn 0.8941 -0.2898 -0.3416
vn 0.9296 0.0048 -0.3686
vn 0.7126 0.4232 -0.5596
vn 0.1527 0.7727 -0.6161
vn 0.5156 -0.8545 -0.0624
vn 0.3765 -0.7704 0.5145
vn 0.6887 -0.6860 0.2345
vn 0.9594 -0.1208 0.2550
vn 0.8182 -0.5725 0.0530
vn 0.3737 -0.8915 -0.2560
vn -0.9784 0.2068 0.0033
vn -0.8612 0.2163 -0.4600
vn -0.5291 -0.1673 -0.8319
vn -0.7555 0.4788 -0.4472
vn -0.6502 -0.2135 -0.7292
vn -0.4111 -0.9116 -0.0000
vn -0.1437 -0.3747 -0.9159
vn -0.6213 -0.3469 -0.7026
vn -0.9246 -0.3809 -0.0000
vn -1.0000 0.0021 -0.0019
vn -0.9856 0.1689 -0.0070
vn -0.9976 0.0684 -0.0092
vn -0.5514 0.0625 -0.8319
vn -0.5185 0.3488 -0.7807
vn -0.6589 0.0946 -0.7462
vn -0.9021 0.1614 -0.4003
vn -0.5350 0.7310 0.4237
vn -0.8339 -0.4931 -0.2480
vn -0.8830 -0.3542 -0.3079
vn -0.9173 0.0457 -0.3957
vn -0.9079 0.1944 -0.3714
vn -0.9442 0.0081 -0.3293
vn -0.0114 0.1442 -0.9895
vn -0.9644 0.0105 -0.2641
vn -0.0318 0.1327 -0.9906
vn -0.9596 0.0460 -0.2778
vn -0.1482 0.3635 -0.9197
vn -0.9450 0.2371 -0.2254
vn -0.7946 -0.6071 0.0015
vn -0.4229 -0.3419 -0.8392
vn -0.8141 -0.5750 -0.0813
vn -0.5462 -0.6750 -0.4960
vn -0.9143 -0.3326 -0.2313
vn -0.5454 0.7609 -0.3515
vn -0.4638 -0.7938 -0.3933
vn 0.0417 0.6918 -0.7209
vn 0.0736 -0.6735 -0.7355
vn -0.4818 0.7626 -0.4316
vn -0.4315 -0.7957 -0.4251
vn -0.4571 0.6886 -0.5629
vn -0.5008 -0.7418 -0.4459
vn 0.1554 0.3223 -0.9338
vn 0.1812 -0.2482 -0.9516
vn -0.2475 0.7603 -0.6006
vn -0.2642 -0.8146 -0.5163
vn -0.7473 0.2896 -0.5981
vn -0.7643 0.2899 -0.5761
vn -0.2588 0.3078 -0.9156
vn -0.5310 0.2831 -0.7987
vn -0.9745 0.1031 -0.1993
vn -0.6517 0.1697 -0.7393
vn -0.6991 0.2591 -0.6665
vn -0.7651 -0.1567 -0.6245
vn -0.7627 -0.2121 -0.6110
vn -0.2736 -0.2685 -0.9236
vn -0.5501 -0.2718 -0.7897
vn -0.9748 -0.1463 -0.1683
vn -0.7157 -0.1147 -0.6889
vn -0.6975 -0.2420 -0.6745
vn -0.7205 0.6877 0.0897
vn -0.8169 0.5371 -0.2103
vn -0.8042 0.0161 -0.5941
vn -0.4922 -0.3228 -0.8084
vn -0.7389 -0.3350 -0.5846
vn -0.7623 -0.3235 -0.5605
vn -0.8397 -0.3299 -0.4313
vn -0.8227 0.0930 -0.5608
vn -0.8324 0.0712 -0.5496
vn -0.7389 0.2633 -0.6203
vn -0.8056 0.2383 -0.5424
vn -0.7825 0.0581 -0.6200
vn -0.8654 0.0251 -0.5005
vn -0.4748 0.1158 -0.8724
vn -0.8003 0.0633 -0.5963
vn -0.5154 0.1225 -0.8482
vn -0.8468 0.0860 -0.5250
vn -0.5233 0.2517 -0.8141
vn -0.8476 0.2374 -0.4745
vn -0.7810 -0.5056 -0.3667
vn -0.8745 -0.3997 -0.2748
vn -0.5891 -0.6812 -0.4346
vn -0.7342 -0.6179 -0.2814
vn -0.6486 0.0720 -0.7577
vn -0.8388 0.0868 -0.5375
vn -0.6917 -0.1189 -0.7124
vn -0.8018 -0.1072 -0.5879
vn -0.6072 0.4612 -0.6469
vn -0.5029 0.6501 0.5696
vn -0.8400 0.4923 0.2282
vn -0.8747 0.4086 -0.2607
vn -0.9808 0.0659 0.1837
vn -0.9868 0.0339 -0.1585
vn -0.6410 0.1409 0.7545
vn -0.6796 -0.0662 -0.7306
vn -0.6328 0.7717 -0.0638
vn -0.9684 0.1629 0.1887
vn -0.9187 0.3102 0.2446
vn -0.6270 0.3051 0.7168
vn -0.5673 0.4726 0.6745
vn -0.9332 0.2561 -0.2522
vn -0.9744 0.1215 -0.1890
vn -0.6445 0.2866 -0.7088
vn -0.6678 0.1121 -0.7358
vn -0.9895 -0.0506 -0.1353
vn -0.7044 -0.1692 -0.6894
vn -0.9803 -0.0171 0.1968
vn -0.6440 -0.0564 0.7629
vn -0.9750 -0.1961 -0.1042
vn -0.9466 -0.2859 -0.1490
vn -0.9608 -0.1572 0.2282
vn -0.6378 -0.1582 0.7537
vn -0.9493 -0.3048 -0.0771
vn -0.9295 -0.3398 -0.1437
vn -0.9369 -0.2545 0.2399
vn -0.5996 -0.2224 0.7688
vn -0.9403 0.2902 0.1779
vn -0.9124 -0.3898 -0.1250
vn -0.9237 0.3263 0.2010
vn -0.8996 -0.3728 -0.2274
vn -0.8272 0.3313 -0.4539
vn -0.8988 -0.2781 -0.3388
vn -0.8528 0.1597 -0.4972
vn -0.9999 0.0066 -0.0079
vn -0.9908 0.0974 -0.0937
vn -0.9263 -0.0986 -0.3636
vn -0.8779 0.4574 0.1418
vn -0.8933 0.4139 -0.1753
vn -0.8219 -0.1636 -0.5456
vn -0.8675 0.4826 0.1204
vn -0.6439 -0.7517 -0.1424
vn -0.6213 -0.1132 -0.7754
vn -0.5283 0.7882 -0.3157
vn -0.5380 0.7075 -0.4583
vn -0.6164 0.6160 -0.4905
vn -0.7050 0.5675 -0.4254
vn -0.6952 0.3324 -0.6373
vn -0.5823 -0.6470 0.4922
vn -0.5564 -0.4059 0.7250
vn -0.5377 -0.4087 0.7374
vn -0.5367 -0.6355 0.5551
vn -0.4917 -0.7753 0.3964
vn -0.6940 0.4612 -0.5529
vn -0.5419 -0.5083 0.6693
vn -0.6037 0.1151 -0.7889
vn -0.5698 -0.7968 0.2010
vn -0.4336 0.4034 -0.8057
vn -0.4183 -0.6312 -0.6531
vn -0.8687 0.1395 -0.4752
vn -0.8082 0.1213 -0.5763
vn -0.7703 -0.5729 -0.2802
vn -0.5824 0.5144 -0.6294
vn -0.6826 -0.3661 -0.6325
vn -0.6931 -0.6261 -0.3574
vn -0.9502 -0.3049 -0.0650
vn -0.9959 -0.0890 0.0173
vn -0.9869 0.1170 -0.1111
vn -0.9607 -0.2243 -0.1635
vn -0.7810 0.6231 0.0437
vn 0.0161 -0.7515 0.6596
vn -0.0073 -0.5735 0.8192
vn 0.0526 -0.8842 0.4641
vn -0.0000 0.8665 0.4992
vn -0.0000 0.9660 -0.2586
vn -0.0000 -0.7018 -0.7124
vn -0.0000 -0.9734 -0.2292
vn -0.7063 0.0473 0.7063
vn -0.6735 -0.3045 0.6735
vn -0.0000 0.6827 0.7307
vn -0.0000 0.4931 0.8699
vn -0.0000 0.8816 0.4720
vn 0.0047 0.6379 -0.7701
vn 0.0055 0.7244 -0.6894
vn -0.0000 -0.8650 -0.5018
vn -0.0051 -0.6078 0.7941
vn -0.0038 -0.7022 0.7120
vn -0.1055 -0.9888 0.1055
vn -0.0171 -0.9997 0.0171
vn -0.0000 0.6538 -0.7567
vn -0.0000 0.9836 0.1801
vn -0.0000 0.1576 0.9875
vn -0.0000 -0.0764 0.9971
vn 0.0093 0.2657 -0.9640
vn 0.0061 0.5237 -0.8519
vn -0.2477 -0.9366 0.2477
vn -0.0000 -0.5965 -0.8026
vn -0.0000 -0.1097 -0.9940
vn -0.0000 0.0857 -0.9963
vn 0.0003 -0.8985 0.4390
vn 0.0090 -0.9875 -0.1575
vn 0.1007 -0.6946 -0.7124
vn 0.0248 0.4412 -0.8971
vn -0.0247 0.1272 -0.9916
vn -0.0000 0.4986 -0.8669
vn -0.0000 0.9878 -0.1557
vn 0.0932 -0.3941 -0.9143
vn 0.7030 0.1105 -0.7026
vn 0.5981 -0.4040 -0.6922
vn -0.4809 -0.7331 0.4809
vn -0.1142 -0.7415 0.6612
vn -0.5573 -0.1707 0.8126
vn -0.0000 0.3359 0.9419
vn 0.6967 0.1127 -0.7084
vn -0.0000 0.7252 -0.6885
vn -0.0000 -0.2977 -0.9547
vn -0.7117 0.0112 0.7024
vn 0.6132 0.4979 -0.6132
vn 0.0049 -0.8154 -0.5788
vn -0.0000 -0.7686 -0.6397
vn -0.0000 0.2859 -0.9583
vn -0.6810 0.2692 0.6810
vn -0.0000 -0.5564 -0.8309
vn -0.0000 0.6975 -0.7166
vn -0.0000 0.9249 0.3801
vn -0.0068 0.1067 -0.9943
vn 0.1878 -0.9822 0.0002
vn -0.0010 -0.3905 -0.9206
vn -0.0000 0.8104 -0.5859
vn -0.0000 -0.2185 -0.9758
vn 0.0045 0.1646 -0.9863
vn -0.0000 0.9619 0.2735
vn -0.0000 -0.2033 -0.9791
vn -0.0736 0.9946 0.0736
vn 0.2459 0.9376 -0.2459
vn -0.0000 0.7643 -0.6449
vn -0.0000 -0.1380 0.9904
vn 0.4056 0.8191 -0.4056
vn 0.1712 0.9703 -0.1712
vn -0.0017 -1.0000 0.0017
vn -0.0430 0.9982 0.0430
vn 0.0142 -0.1970 -0.9803
vn -0.0046 0.5211 -0.8535
vn -0.0403 0.1405 -0.9893
vn 0.0898 -0.9919 -0.0898
vn -0.0000 -0.1522 0.9883
vn -0.0323 0.9356 -0.3516
vn -0.0105 0.8717 -0.4898
vn 0.0066 0.7445 -0.6676
vn 0.6628 -0.3482 -0.6629
vn 0.6619 0.3517 -0.6619
vn -0.0000 0.8663 0.4996
vn 0.3779 -0.8452 -0.3779
vn -0.0058 -0.5471 0.8370
vn -0.5836 0.1827 -0.7912
vn -0.6851 -0.1225 -0.7180
vn -0.6869 -0.1414 -0.7129
vn -0.8411 -0.0749 -0.5357
vn -0.7203 -0.4583 -0.5206
vn -0.8687 0.4563 -0.1927
vn -0.9991 -0.0368 0.0225
vn -0.8441 -0.4803 0.2383
vn -0.8684 0.3862 -0.3111
vn -0.9986 -0.0125 -0.0508
vn -0.8958 -0.3594 0.2615
vn -0.9267 0.3163 -0.2027
vn -0.9956 0.0570 0.0737
vn -0.9055 -0.1727 0.3877
vn -0.9609 0.2521 -0.1146
vn -0.9930 0.0707 0.0948
vn -0.9277 -0.1145 0.3554
vn -0.9209 0.0871 -0.3800
vn -0.9945 -0.0542 -0.0899
vn -0.9391 -0.3143 0.1391
vn -0.9645 0.1589 -0.2110
vn -1.0000 -0.0051 -0.0086
vn -0.9575 -0.1805 0.2252
vn -0.8603 0.0026 -0.5098
vn -0.9113 -0.2485 -0.3283
vn -0.8627 -0.5056 0.0036
vn 0.0155 -0.6894 -0.7243
vn -0.2249 -0.6955 0.6824
vn -0.2252 -0.8698 0.4390
vn -0.4374 0.7845 0.4396
vn -0.2167 -0.5421 -0.8119
vn -0.9645 0.0787 0.2519
vn -0.3426 0.6715 0.6570
vn -0.4050 0.7929 0.4554
vn -0.2340 0.6204 -0.7486
vn -0.0888 -0.6037 0.7923
vn -0.1865 -0.9824 0.0132
vn -0.3657 0.5817 -0.7265
vn -0.2190 0.1573 0.9630
vn -0.2771 0.2704 -0.9220
vn -0.3904 -0.9076 0.1542
vn -0.2361 -0.1059 -0.9660
vn -0.2818 -0.8529 0.4396
vn -0.1173 -0.6725 -0.7308
vn -0.4329 0.4789 -0.7637
vn -0.1448 -0.3064 -0.9408
vn 0.3343 0.1404 -0.9320
vn -0.5894 -0.7356 0.3337
vn -0.2318 0.3357 0.9130
vn 0.3515 0.1250 -0.9278
vn -0.5652 0.5123 -0.6467
vn 0.3231 0.4780 -0.8168
vn -0.3202 -0.7866 -0.5280
vn -0.3338 0.2898 -0.8970
vn -0.2187 -0.5460 -0.8087
vn -0.4624 0.2620 -0.8471
vn -0.2333 -0.9724 -0.0000
vn -0.4879 0.7215 -0.4913
vn -0.3256 0.9095 0.2585
vn -0.2659 0.9590 -0.0984
vn 0.2621 0.7891 -0.5556
vn -0.0665 -0.9958 -0.0626
vn -0.2045 0.9710 -0.1236
vn -0.2851 0.4582 -0.8419
vn -0.2791 0.8962 -0.3448
vn -0.2520 0.8300 -0.4976
vn -0.2384 0.7308 -0.6396
vn 0.4841 -0.3328 -0.8093
vn -0.3182 0.7259 0.6098
vn 0.2971 -0.8287 -0.4744
vn -0.1165 -0.5294 0.8403
vn -0.2028 -0.5481 0.8115
vn -0.3451 0.8683 -0.3562
vn -0.4416 -0.8747 -0.1997
vn -0.9164 -0.2687 0.2968
vn -0.2809 0.4942 0.8227
vn -0.2545 0.7138 -0.6524
vn -0.4389 -0.7830 -0.4408
vn -0.2095 -0.7451 0.6332
vn -0.1068 -0.9917 -0.0710
vn -0.3511 0.9166 0.1912
vn -0.2229 -0.0756 0.9719
vn -0.2839 0.4651 -0.8385
vn -0.4495 -0.5130 -0.7313
vn -0.2645 0.0911 -0.9601
vn -0.5142 -0.8473 -0.1331
vn -0.1462 0.4144 -0.8983
vn -0.5456 0.8345 -0.0767
vn 0.1644 -0.4183 -0.8933
vn -0.6949 -0.6752 0.2475
vn -0.9548 -0.0830 0.2854
vn -0.2291 -0.2768 -0.9332
vn -0.9890 0.0279 0.1452
vn -0.2552 -0.7566 -0.6021
vn -0.9537 0.2619 0.1481
vn -0.4725 0.5825 -0.6614
vn -0.2529 0.8889 0.3819
vn -0.4200 -0.3786 -0.8248
vn -0.2162 -0.2077 -0.9540
vn -0.4249 0.1439 -0.8937
vn -0.4667 -0.1557 -0.8706
vn -0.0140 0.9044 -0.4265
vn -0.4821 0.6560 -0.5807
vn -0.2255 -0.1371 0.9645
vn -0.0807 -0.9939 -0.0751
vn 0.0050 0.9344 -0.3562
vn -0.0588 -0.9967 -0.0559
vn -0.4661 -0.1662 -0.8690
vn -0.3285 0.0203 -0.9443
vn 0.0314 -0.9847 -0.1714
vn -0.2522 -0.1589 0.9545
vn 0.4522 0.3461 -0.8220
vn -0.5501 -0.5675 -0.6127
vn -0.6357 0.4287 -0.6420
vn -0.6611 -0.5877 -0.4665
vn -0.7472 0.5808 -0.3230
vn -0.8509 -0.5062 -0.1403
vn -0.8296 -0.5280 -0.1816
vn -0.6475 0.5312 -0.5465
vn -0.7831 -0.5674 -0.2546
vn -0.6343 0.5994 -0.4882
vn -0.4386 -0.6682 -0.6009
vn -0.6574 -0.7535 -0.0000
vn -0.6637 -0.7213 -0.1980
vn -0.7253 -0.5769 -0.3758
vn -0.6330 -0.5890 -0.5023
vn 0.0475 -0.7872 -0.6148
vn -0.2279 -0.7579 -0.6112
vn -0.8510 -0.3910 -0.3507
vn -0.3844 0.5415 -0.7477
vn -0.9336 0.3582 -0.0000
vn -0.0533 0.9986 -0.0000
vn -0.5690 -0.7967 -0.2040
vn -0.7468 -0.5953 -0.2964
vn -0.6998 -0.4868 -0.5227
vn -0.4006 -0.5829 -0.7070
vn -0.8984 -0.4393 -0.0000
vn -0.8915 -0.4169 -0.1772
vn -0.9771 0.1913 -0.0931
vn -0.9851 0.0058 -0.1719
vn -0.9418 -0.1972 -0.2723
vn -0.8430 -0.2277 -0.4873
vn -0.7800 -0.0010 -0.6258
vn -0.6189 0.2709 -0.7373
vn -0.8964 0.4158 -0.1535
vn -0.8110 0.4762 -0.3399
vn -0.6556 0.5187 -0.5487
vn -0.1084 0.6311 -0.7681
vn -0.1814 0.9068 -0.3804
vn -0.3227 0.7258 -0.6075
vn -0.8261 0.5635 -0.0000
vn -0.6271 0.7790 -0.0000
vn -0.2785 0.9604 -0.0000
vn -0.4254 0.8841 -0.1934
vn -0.5767 0.7198 -0.3865
vn -0.7367 0.6517 -0.1803
vn -0.8272 0.2639 -0.4960
vn -0.9255 0.0060 -0.3786
vn -0.9388 0.2244 -0.2613
vn -0.4719 0.0063 -0.8816
vn -0.2143 -0.2916 -0.9322
vn -0.6321 -0.2932 -0.7173
vn -0.9999 -0.0125 -0.0000
vn -0.9734 -0.2086 -0.0947
vn -0.7699 -0.6315 -0.0922
vn -0.6415 -0.7671 0.0014
vn -0.1608 -0.7728 -0.6139
vn -0.2342 -0.9156 -0.3270
vn -0.4851 -0.7343 -0.4748
vn -0.1153 0.6860 -0.7184
vn -0.1100 0.8675 -0.4851
vn -0.0468 -0.2448 -0.9685
vn -0.1338 -0.6895 -0.7118
vn -0.1410 -0.5891 -0.7956
vn -0.1606 -0.9020 -0.4007
vn -0.1317 -0.8519 -0.5069
vn -0.1254 -0.4870 -0.8644
vn -0.1167 0.7870 -0.6058
vn -0.9772 -0.2125 -0.0000
vn -0.7709 -0.6370 -0.0000
vn -0.9831 0.1828 -0.0000
vn -0.0000 1.0000 -0.0000
vn -0.0000 0.6790 -0.7341
vn -0.0013 -0.7759 -0.6309
vn -0.0077 0.8840 -0.4674
vn -0.0008 -0.2640 -0.9645
vn -0.0015 -0.6924 -0.7215
vn -0.0028 -0.5888 -0.8083
vn -0.0085 -0.9162 -0.4007
vn -0.0040 -0.8503 -0.5263
vn -0.0022 -0.4692 -0.8831
vn -0.0000 0.7951 -0.6065
vn -0.9940 0.1086 -0.0113
vn -0.9992 0.0404 -0.0020
vn -0.9991 0.0420 -0.0048
vn -0.9997 -0.0227 0.0096
vn -0.9997 -0.0223 -0.0028
vn -0.9828 0.0114 0.1845
vn -0.6525 0.0104 0.7577
vn -0.9908 -0.0191 -0.1342
vn -0.6922 -0.1486 -0.7062
vn -0.0000 -0.2159 -0.9764
vn -0.0000 0.0079 1.0000
vn -0.2252 -0.2097 -0.9515
vn -0.2208 0.0060 0.9753
vn -1.0000 0.0045 -0.0013
vn -1.0000 0.0044 0.0009
vn -0.5684 0.2916 -0.7693
vn -0.5259 0.3706 -0.7655
vn -0.9235 0.3314 -0.1934
vn -0.8181 0.3231 -0.4757
vn -0.6724 0.3095 0.6724
vn -0.9204 0.3346 0.2022
vn -0.3932 0.3987 -0.8285
vn -0.9672 -0.2529 0.0242
vn -0.9878 -0.1546 0.0175
vn -0.9883 -0.1525 0.0093
vn -0.5984 -0.7955 -0.0955
vn -0.9840 -0.1044 -0.1441
vn -0.9642 0.1963 -0.1785
vn -0.9901 -0.1403 -0.0000
vn -0.9925 -0.1086 -0.0560
vn -0.9898 -0.1422 0.0004
vn -0.8891 0.1123 -0.4437
vn -0.9700 0.0969 -0.2231
vn -0.8718 0.0083 -0.4898
vn -0.8869 0.3503 -0.3012
vn -0.8949 -0.1106 -0.4322
vn -0.9655 0.0141 -0.2599
vn -0.8952 0.2590 -0.3627
vn -0.9264 0.3249 -0.1905
vn -0.9425 -0.1008 -0.3187
vn -0.9655 0.1929 -0.1747
vn -0.9755 0.1144 -0.1880
vn -0.9157 -0.1476 -0.3738
vn -0.8943 0.1456 -0.4232
vn -0.9636 -0.0534 -0.2618
vn -0.8740 0.3217 -0.3642
vn -0.5748 -0.7637 -0.2941
vn -0.3993 0.6850 -0.6093
vn -0.0362 0.8090 -0.5867
vn 0.1491 -0.9848 -0.0893
vn -0.8174 -0.3739 -0.4382
vn -0.8860 -0.1088 -0.4508
vn -0.7265 0.3294 -0.6031
vn -0.2325 0.7680 -0.5968
vn -0.3965 -0.9033 -0.1636
vn -0.9467 -0.3202 -0.0346
vn -0.9771 -0.2128 0.0033
vn -0.9002 -0.4270 -0.0855
vn -0.9302 -0.3585 -0.0793
vn -0.7822 0.6230 0.0022
vn -0.8961 -0.4439 0.0069
vn 0.0007 -1.0000 -0.0000
vn 0.5951 -0.5479 -0.5879
vn -0.2764 -0.4472 -0.8506
vn -0.8947 -0.4466 -0.0000
vn 0.2926 0.4248 -0.8567
vn -0.7225 0.4465 -0.5279
vn -0.0007 1.0000 -0.0000
vn -0.1616 -0.8492 -0.5028
vn 0.4255 -0.8504 -0.3094
vn 0.2755 -0.5084 -0.8159
vn 0.6858 -0.7278 -0.0000
vn -0.5257 -0.8507 -0.0000
vn -0.6872 -0.5243 -0.5028
vn 0.0261 -0.0007 -0.9997
vn 0.4898 -0.0161 -0.8717
vn -0.9509 0.0003 -0.3094
vn -0.5878 -0.0000 -0.8090
vn 0.5216 0.5958 -0.6107
vn -0.2629 0.5257 -0.8090
vn -0.8506 0.5257 -0.0000
vn -0.4751 0.8800 -0.0000
vn 0.1616 0.8492 -0.5028
vn 0.4069 0.9135 -0.0000
vn -0.4255 0.8504 -0.3094
vn -0.9995 0.0314 -0.0000
vn 0.4751 -0.8800 -0.0000
vn 0.8991 0.2450 -0.3627
vn 0.8980 0.2462 -0.3647
vn 0.9461 0.1075 -0.3055
vn 0.9439 0.1103 -0.3113
vn 0.9662 0.0568 -0.2516
vn 0.8707 0.3288 -0.3658
vn 0.9207 0.1569 -0.3574
vn 0.9598 0.0106 -0.2804
vn 0.9653 0.0593 -0.2544
vn 0.5111 -0.8506 -0.1234
vn 0.4688 -0.1597 -0.8688
vn 0.5576 -0.5658 -0.6074
vn -0.3668 -0.6363 -0.6786
vn -0.3642 -0.9168 -0.1636
vn -0.3156 -0.1989 -0.9278
vn 0.8729 -0.2926 -0.3904
vn 0.6425 0.7450 -0.1791
vn 0.0704 -0.9952 0.0679
vn 0.8756 0.3362 -0.3469
vn 0.5880 -0.7745 -0.2333
vn 0.2576 -0.9658 0.0284
vn -0.0671 -0.9953 -0.0692
vn 0.3475 0.3364 -0.8753
vn 0.3916 -0.2925 -0.8724
vn 0.1795 0.7452 -0.6422
vn 0.2333 -0.7741 -0.5885
vn -0.0292 -0.9660 -0.2569
vn 0.9818 0.1901 -0.0000
vn 0.9141 -0.4055 -0.0000
vn 0.9711 0.0273 -0.2370
vn 0.8764 -0.4567 -0.1528
vn 0.8913 -0.3719 -0.2595
vn 0.7814 -0.5785 0.2341
vn 0.8893 0.4573 -0.0006
vn 0.4593 -0.8883 -0.0012
vn 0.3870 -0.7335 0.5587
vn 0.7823 0.3269 0.5302
vn 0.2869 -0.8599 0.4221
vn 0.4023 -0.8788 -0.2568
vt 0.244767 0.741773
vt 0.250876 0.733749
vt 0.251806 0.752832
vt 0.252234 0.761206
vt 0.119009 0.292927
vt 0.119581 0.282639
vt 0.149459 0.289231
vt 0.149801 0.298691
vt 0.049465 0.294123
vt 0.053033 0.284274
vt 0.058399 0.282639
vt 0.059449 0.294072
vt 0.082603 0.285372
vt 0.083487 0.293727
vt 0.085094 0.336226
vt 0.084518 0.315707
vt 0.117157 0.317910
vt 0.115128 0.339188
vt 0.061971 0.333911
vt 0.060875 0.315034
vt 0.037923 0.331487
vt 0.033973 0.318654
vt 0.040636 0.313018
vt 0.149753 0.321339
vt 0.147041 0.342497
vt 0.227766 0.778236
vt 0.236717 0.761684
vt 0.260657 0.772976
vt 0.233649 0.779768
vt 0.196653 0.420683
vt 0.188491 0.421152
vt 0.180775 0.381120
vt 0.188936 0.380651
vt 0.178080 0.348429
vt 0.186479 0.347977
vt 0.178336 0.331309
vt 0.186741 0.330883
vt 0.018118 0.329504
vt 0.017908 0.318149
vt 0.029260 0.318853
vt 0.024929 0.330198
vt 0.570076 0.832979
vt 0.563593 0.845443
vt 0.559841 0.841423
vt 0.183117 0.311241
vt 0.192306 0.311619
vt 0.608464 0.741235
vt 0.612678 0.727114
vt 0.629452 0.727156
vt 0.624691 0.741463
vt 0.355261 0.956904
vt 0.341866 0.963299
vt 0.341967 0.953409
vt 0.351078 0.943850
vt 0.649009 0.727303
vt 0.644273 0.741611
vt 0.591632 0.740180
vt 0.597404 0.727019
vt 0.341692 0.942577
vt 0.354881 0.971512
vt 0.341484 0.976521
vt 0.322637 0.954117
vt 0.322545 0.963745
vt 0.308639 0.957964
vt 0.315225 0.945249
vt 0.322175 0.976621
vt 0.307694 0.971607
vt 0.648675 0.707990
vt 0.629150 0.707844
vt 0.624177 0.698369
vt 0.643605 0.694413
vt 0.195100 0.302337
vt 0.186115 0.301908
vt 0.187155 0.282639
vt 0.194211 0.283144
vt 0.174329 0.300920
vt 0.168720 0.310444
vt 0.601647 0.935593
vt 0.595170 0.955062
vt 0.587828 0.952727
vt 0.594582 0.933252
vt 0.322386 0.942577
vt 0.597543 0.707714
vt 0.612378 0.707802
vt 0.589949 0.726911
vt 0.586792 0.739773
vt 0.573858 0.724102
vt 0.582671 0.726785
vt 0.577080 0.729852
vt 0.581795 0.737930
vt 0.573130 0.707888
vt 0.584114 0.707309
vt 0.591596 0.707438
vt 0.570487 0.682137
vt 0.579269 0.680309
vt 0.583042 0.698211
vt 0.572169 0.698432
vt 0.193368 0.330673
vt 0.199887 0.312146
vt 0.015926 0.308723
vt 0.019371 0.314378
vt 0.570536 0.664286
vt 0.577138 0.663522
vt 0.582527 0.662951
vt 0.585905 0.679760
vt 0.570540 0.631343
vt 0.577592 0.630586
vt 0.582743 0.630012
vt 0.567309 0.591111
vt 0.573542 0.590433
vt 0.202538 0.420334
vt 0.194088 0.380340
vt 0.084003 0.304717
vt 0.118166 0.305412
vt 0.060130 0.304556
vt 0.036524 0.309946
vt 0.040506 0.303804
vt 0.038311 0.298479
vt 0.149764 0.310016
vt 0.240969 0.751773
vt 0.255363 0.767803
vt 0.575525 0.523194
vt 0.619506 0.531083
vt 0.597882 0.559824
vt 0.581507 0.556384
vt 0.629465 0.535324
vt 0.605013 0.562568
vt 0.556270 0.511048
vt 0.566812 0.549359
vt 0.566224 0.415144
vt 0.589382 0.430211
vt 0.582081 0.451649
vt 0.558860 0.436235
vt 0.646421 0.440283
vt 0.665330 0.446198
vt 0.662032 0.468282
vt 0.642660 0.463298
vt 0.602674 0.426184
vt 0.600122 0.455857
vt 0.582548 0.577280
vt 0.390653 0.511475
vt 0.390465 0.521736
vt 0.372842 0.508641
vt 0.577211 0.481276
vt 0.554335 0.471302
vt 0.647983 0.502045
vt 0.631724 0.496386
vt 0.604099 0.487812
vt 0.651908 0.379382
vt 0.666614 0.384097
vt 0.666907 0.428251
vt 0.649355 0.422564
vt 0.598788 0.360942
vt 0.617950 0.372754
vt 0.595273 0.412912
vt 0.572166 0.398124
vt 0.617520 0.343788
vt 0.635206 0.352141
vt 0.652959 0.355985
vt 0.666907 0.359699
vt 0.645020 0.333209
vt 0.657067 0.336118
vt 0.641886 0.353588
vt 0.666505 0.339051
vt 0.626353 0.328003
vt 0.903314 0.498509
vt 0.921265 0.497550
vt 0.922569 0.510531
vt 0.904079 0.509748
vt 0.926096 0.519648
vt 0.906933 0.521493
vt 0.930357 0.531524
vt 0.919645 0.534205
vt 0.907291 0.527198
vt 0.876664 0.527175
vt 0.887467 0.551794
vt 0.875327 0.511343
vt 0.876851 0.495899
vt 0.907707 0.551605
vt 0.900727 0.561976
vt 0.908526 0.565046
vt 0.928751 0.539195
vt 0.919014 0.600341
vt 0.911453 0.602820
vt 0.918179 0.592705
vt 0.883296 0.751685
vt 0.881281 0.752321
vt 0.880204 0.730308
vt 0.884286 0.730381
vt 0.882072 0.704796
vt 0.885848 0.703335
vt 0.921243 0.697033
vt 0.917222 0.698961
vt 0.915559 0.671365
vt 0.919898 0.670260
vt 0.910324 0.650430
vt 0.916528 0.647454
vt 0.914790 0.630399
vt 0.908433 0.634466
vt 0.908433 0.617550
vt 0.914729 0.612813
vt 0.379354 0.810210
vt 0.375151 0.813656
vt 0.370906 0.809088
vt 0.379580 0.801396
vt 0.383585 0.803783
vt 0.554971 0.817567
vt 0.559351 0.823131
vt 0.555718 0.833881
vt 0.550854 0.824910
vt 0.587433 0.367125
vt 0.606294 0.343611
vt 0.579450 0.375587
vt 0.612189 0.334084
vt 0.565140 0.383842
vt 0.578874 0.362817
vt 0.592924 0.343727
vt 0.564548 0.363833
vt 0.423298 0.832476
vt 0.424416 0.859099
vt 0.415807 0.859554
vt 0.415051 0.831297
vt 0.422500 0.886306
vt 0.416776 0.885658
vt 0.928762 0.495899
vt 0.930444 0.504628
vt 0.015735 0.955274
vt 0.015716 0.968812
vt 0.006576 0.965998
vt 0.007573 0.950479
vt 0.564218 0.725370
vt 0.562983 0.707895
vt 0.812308 0.618885
vt 0.806971 0.590659
vt 0.809923 0.590757
vt 0.817723 0.618983
vt 0.935135 0.516751
vt 0.881603 0.655605
vt 0.881614 0.638730
vt 0.890813 0.639786
vt 0.890629 0.655860
vt 0.015666 0.934523
vt 0.007521 0.934875
vt 0.419258 0.773313
vt 0.418728 0.790311
vt 0.409446 0.791398
vt 0.409775 0.775210
vt 0.680775 0.863146
vt 0.681807 0.870969
vt 0.674439 0.873070
vt 0.673573 0.866506
vt 0.420079 0.929325
vt 0.406021 0.929484
vt 0.411489 0.921558
vt 0.419326 0.921484
vt 0.817759 0.709660
vt 0.817616 0.687395
vt 0.825517 0.687493
vt 0.825735 0.709762
vt 0.881554 0.621093
vt 0.877452 0.609194
vt 0.886890 0.608620
vt 0.890934 0.622968
vt 0.683015 0.878715
vt 0.675453 0.879571
vt 0.015358 0.903474
vt 0.007290 0.911525
vt 0.850071 0.100956
vt 0.851708 0.066181
vt 0.859615 0.066428
vt 0.857217 0.101208
vt 0.426596 0.751341
vt 0.423551 0.764920
vt 0.424121 0.753028
vt 0.386997 0.937362
vt 0.368629 0.937343
vt 0.368805 0.927821
vt 0.387587 0.929290
vt 0.571601 0.849211
vt 0.838743 0.208678
vt 0.841055 0.178811
vt 0.844014 0.179088
vt 0.840476 0.207458
vt 0.365694 0.817209
vt 0.361541 0.810945
vt 0.389580 0.525017
vt 0.371317 0.509502
vt 0.182799 0.421152
vt 0.175819 0.381171
vt 0.568657 0.734173
vt 0.258251 0.784963
vt 0.255823 0.797068
vt 0.816040 0.652935
vt 0.823180 0.653033
vt 0.172495 0.348436
vt 0.963652 0.894184
vt 0.953973 0.894082
vt 0.949505 0.879458
vt 0.962209 0.886096
vt 0.565172 0.664414
vt 0.565685 0.631480
vt 0.170612 0.331368
vt 0.111872 0.917493
vt 0.110477 0.902619
vt 0.114882 0.896731
vt 0.117553 0.916464
vt 0.846343 0.140497
vt 0.851765 0.140760
vt 0.564958 0.681773
vt 0.983728 0.666313
vt 0.958807 0.656460
vt 0.960820 0.649617
vt 0.982762 0.661633
vt 0.115370 0.947023
vt 0.122427 0.945829
vt 0.633746 0.873673
vt 0.618836 0.879478
vt 0.620588 0.875071
vt 0.634672 0.866700
vt 0.107831 0.886175
vt 0.113058 0.882276
vt 0.576591 0.740333
vt 0.260319 0.730464
vt 0.253710 0.747479
vt 0.852036 0.028596
vt 0.852040 0.009874
vt 0.860078 0.006576
vt 0.860078 0.028842
vt 0.562544 0.697492
vt 0.968297 0.036747
vt 0.966480 0.007138
vt 0.975445 0.008230
vt 0.977676 0.037883
vt 0.707553 0.917008
vt 0.680203 0.916764
vt 0.687364 0.908993
vt 0.711194 0.902599
vt 0.851889 0.045380
vt 0.859871 0.045627
vt 0.901399 0.573037
vt 0.883767 0.559497
vt 0.581421 0.949946
vt 0.586640 0.931692
vt 0.912984 0.576551
vt 0.817083 0.771907
vt 0.817890 0.727688
vt 0.825928 0.727793
vt 0.824749 0.772005
vt 0.678109 0.842089
vt 0.671022 0.843075
vt 0.664007 0.916707
vt 0.674386 0.908886
vt 0.975819 0.894268
vt 0.971847 0.886160
vt 0.645920 0.871664
vt 0.648544 0.863761
vt 0.593540 0.890446
vt 0.593134 0.876988
vt 0.595727 0.877490
vt 0.936254 0.532030
vt 0.672318 0.796351
vt 0.675423 0.820875
vt 0.667647 0.821543
vt 0.662162 0.797287
vt 0.590741 0.906877
vt 0.601057 0.908835
vt 0.965884 0.091182
vt 0.969966 0.073922
vt 0.978093 0.075052
vt 0.977565 0.099077
vt 0.670054 0.778539
vt 0.669446 0.787604
vt 0.668278 0.778692
vt 0.874343 0.592122
vt 0.876794 0.593928
vt 0.966110 0.098281
vt 0.969215 0.101340
vt 0.813166 0.796682
vt 0.819118 0.796767
vt 0.162954 0.314009
vt 0.875613 0.753478
vt 0.874868 0.731367
vt 0.875470 0.706322
vt 0.877298 0.677934
vt 0.883713 0.677191
vt 0.321864 0.932126
vt 0.341170 0.932126
vt 0.341326 0.935241
vt 0.322010 0.935039
vt 0.311415 0.940517
vt 0.312573 0.942319
vt 0.352649 0.938967
vt 0.352138 0.941160
vt 0.413956 0.763548
vt 0.601537 0.892015
vt 0.418135 0.807726
vt 0.409057 0.808047
vt 0.809631 0.817618
vt 0.814036 0.817703
vt 0.671383 0.763392
vt 0.668368 0.763638
vt 0.550854 0.388322
vt 0.289801 0.864984
vt 0.282870 0.865113
vt 0.283196 0.862580
vt 0.290021 0.862505
vt 0.276561 0.864852
vt 0.276969 0.862409
vt 0.939578 0.605893
vt 0.934425 0.606537
vt 0.931082 0.597006
vt 0.934216 0.594999
vt 0.924741 0.609653
vt 0.924108 0.596165
vt 0.940147 0.639366
vt 0.935310 0.641499
vt 0.935577 0.623758
vt 0.941020 0.622144
vt 0.926025 0.644457
vt 0.925383 0.627055
vt 0.936872 0.663665
vt 0.932951 0.666129
vt 0.926505 0.668177
vt 0.937224 0.692459
vt 0.933474 0.693162
vt 0.927444 0.695079
vt 0.412501 0.886486
vt 0.411820 0.859338
vt 0.933038 0.720992
vt 0.928374 0.722476
vt 0.923539 0.723998
vt 0.415732 0.907548
vt 0.413191 0.908152
vt 0.932747 0.743187
vt 0.929204 0.744191
vt 0.925597 0.745209
vt 0.409057 0.764710
vt 0.413951 0.757938
vt 0.923531 0.590784
vt 0.928778 0.590433
vt 0.041661 0.285637
vt 0.047373 0.284954
vt 0.282462 0.872558
vt 0.275560 0.872455
vt 0.290021 0.872599
vt 0.432541 0.807643
vt 0.431673 0.833625
vt 0.682589 0.762134
vt 0.684051 0.776967
vt 0.799489 0.817423
vt 0.799465 0.796488
vt 0.433171 0.789196
vt 0.576753 0.904417
vt 0.579552 0.887986
vt 0.434007 0.761811
vt 0.433733 0.771183
vt 0.682280 0.749763
vt 0.672400 0.752848
vt 0.867286 0.637491
vt 0.867222 0.618797
vt 0.581913 0.874992
vt 0.584110 0.863761
vt 0.593884 0.867403
vt 0.867178 0.678992
vt 0.867273 0.655380
vt 0.321288 0.923553
vt 0.340594 0.923553
vt 0.867211 0.707326
vt 0.867175 0.732953
vt 0.689420 0.819302
vt 0.692106 0.840517
vt 0.867186 0.753148
vt 0.566809 0.961710
vt 0.569588 0.947425
vt 0.572628 0.964272
vt 0.799435 0.771682
vt 0.955711 0.094397
vt 0.955742 0.088604
vt 0.955766 0.073559
vt 0.955727 0.036118
vt 0.867121 0.606260
vt 0.866774 0.590433
vt 0.686315 0.794779
vt 0.572652 0.929232
vt 0.434873 0.947704
vt 0.420160 0.947717
vt 0.434792 0.929312
vt 0.639879 0.889860
vt 0.631614 0.889728
vt 0.977570 0.912731
vt 0.963425 0.912649
vt 0.680034 0.935122
vt 0.662162 0.935079
vt 0.694772 0.861574
vt 0.799386 0.727447
vt 0.175325 0.967853
vt 0.158400 0.967934
vt 0.161289 0.949443
vt 0.173224 0.949393
vt 0.139285 0.967884
vt 0.142174 0.949393
vt 0.833513 0.044812
vt 0.833520 0.028028
vt 0.705316 0.935419
vt 0.955875 0.006576
vt 0.550854 0.708800
vt 0.551607 0.698303
vt 0.833532 0.017465
vt 0.269028 0.729214
vt 0.257517 0.742169
vt 0.697012 0.877143
vt 0.699222 0.889446
vt 0.684895 0.888409
vt 0.098643 0.905366
vt 0.098533 0.890213
vt 0.614800 0.889626
vt 0.099121 0.949772
vt 0.098792 0.919862
vt 0.833861 0.139893
vt 0.833616 0.100376
vt 0.985953 0.677087
vt 0.954173 0.672214
vt 0.557121 0.682346
vt 0.556966 0.665023
vt 0.834240 0.178172
vt 0.167020 0.348583
vt 0.165175 0.331518
vt 0.557479 0.632088
vt 0.799602 0.652709
vt 0.799841 0.618659
vt 0.954584 0.912561
vt 0.169960 0.381291
vt 0.799427 0.687170
vt 0.263243 0.786170
vt 0.267509 0.775329
vt 0.556911 0.735084
vt 0.552220 0.726262
vt 0.176793 0.421263
vt 0.387542 0.532569
vt 0.367806 0.511485
vt 0.351531 0.818604
vt 0.351520 0.812360
vt 0.834753 0.211487
vt 0.585755 0.838439
vt 0.585759 0.850608
vt 0.386781 0.951547
vt 0.368414 0.951528
vt 0.434243 0.749829
vt 0.833503 0.065611
vt 0.033852 0.901774
vt 0.034160 0.932823
vt 0.695804 0.869396
vt 0.799396 0.709426
vt 0.405075 0.947874
vt 0.034229 0.953574
vt 0.445757 0.947812
vt 0.445676 0.929420
vt 0.800172 0.590433
vt 0.034210 0.967112
vt 0.453733 0.947798
vt 0.453865 0.929524
vt 0.430748 0.861840
vt 0.429875 0.887583
vt 0.018165 0.298017
vt 0.018053 0.290501
vt 0.036695 0.289755
vt 0.036986 0.296163
vt 0.021978 0.307091
vt 0.035986 0.306875
vt 0.028635 0.315789
vt 0.033348 0.315590
vt 0.383388 0.790064
vt 0.387851 0.793150
vt 0.388255 0.781533
vt 0.391291 0.784623
vt 0.368838 0.923553
vt 0.387411 0.925447
vt 0.270661 0.720416
vt 0.259622 0.721827
vt 0.249589 0.726835
vt 0.232917 0.744703
vt 0.239886 0.734565
vt 0.225532 0.754760
vt 0.217243 0.774454
vt 0.887779 0.757113
vt 0.895280 0.770118
vt 0.886604 0.762445
vt 0.364941 0.057882
vt 0.388118 0.070611
vt 0.371627 0.092885
vt 0.343492 0.070357
vt 0.342595 0.034159
vt 0.103894 0.658413
vt 0.122741 0.666075
vt 0.102910 0.685335
vt 0.083187 0.663885
vt 0.458133 0.479824
vt 0.451807 0.489351
vt 0.441314 0.461741
vt 0.462672 0.462014
vt 0.449290 0.536853
vt 0.432105 0.501118
vt 0.451851 0.501537
vt 0.443927 0.568339
vt 0.425380 0.539796
vt 0.418241 0.460848
vt 0.409057 0.499838
vt 0.232182 0.097881
vt 0.240247 0.137789
vt 0.217243 0.137979
vt 0.122711 0.695508
vt 0.256395 0.028983
vt 0.254802 0.061759
vt 0.231195 0.058045
vt 0.258189 0.101378
vt 0.264742 0.137678
vt 0.100963 0.632759
vt 0.100966 0.650651
vt 0.096088 0.650634
vt 0.115462 0.635003
vt 0.313698 0.014855
vt 0.282891 0.033150
vt 0.284530 0.006576
vt 0.314876 0.048412
vt 0.314681 0.043637
vt 0.320605 0.045386
vt 0.303212 0.042804
vt 0.300530 0.059440
vt 0.297732 0.055634
vt 0.291378 0.053437
vt 0.285012 0.055322
vt 0.283502 0.057579
vt 0.283299 0.049606
vt 0.294111 0.044079
vt 0.277385 0.055889
vt 0.275192 0.064216
vt 0.276590 0.070378
vt 0.283878 0.072369
vt 0.281185 0.075964
vt 0.336903 0.065291
vt 0.334750 0.056299
vt 0.327854 0.048810
vt 0.315594 0.094001
vt 0.315441 0.084724
vt 0.318547 0.084290
vt 0.328442 0.079583
vt 0.334989 0.072528
vt 0.307515 0.055949
vt 0.306860 0.071819
vt 0.311535 0.079820
vt 0.315389 0.082716
vt 0.304852 0.086008
vt 0.285038 0.071468
vt 0.286187 0.072977
vt 0.292365 0.075003
vt 0.298377 0.073031
vt 0.301989 0.067784
vt 0.301813 0.061196
vt 0.286499 0.094024
vt 0.284699 0.079573
vt 0.294840 0.084292
vt 0.286745 0.115169
vt 0.101737 0.605984
vt 0.126132 0.607140
vt 0.083317 0.599563
vt 0.084435 0.576544
vt 0.092949 0.606406
vt 0.111210 0.576482
vt 0.344208 0.008665
vt 0.093220 0.551143
vt 0.317019 0.525575
vt 0.340070 0.506849
vt 0.333276 0.536503
vt 0.370176 0.034317
vt 0.286745 0.137636
vt 0.346792 0.112957
vt 0.331081 0.094031
vt 0.315829 0.137615
vt 0.346792 0.136961
vt 0.339969 0.128500
vt 0.331294 0.123482
vt 0.372929 0.113442
vt 0.367654 0.113247
vt 0.373198 0.137060
vt 0.395904 0.113237
vt 0.374471 0.137787
vt 0.395904 0.137962
vt 0.351503 0.424702
vt 0.332046 0.397142
vt 0.351503 0.400324
vt 0.346396 0.468046
vt 0.330261 0.444346
vt 0.331247 0.418284
vt 0.310311 0.416031
vt 0.316481 0.406473
vt 0.294176 0.504777
vt 0.294587 0.533480
vt 0.294434 0.523359
vt 0.305627 0.461041
vt 0.325084 0.488601
vt 0.463552 0.524605
vt 0.463498 0.557760
vt 0.088697 0.658118
vt 0.070661 0.662598
vt 0.072778 0.578906
vt 0.071145 0.558600
vt 0.294090 0.496242
vt 0.293852 0.466608
vt 0.299567 0.425907
vt 0.083735 0.693711
vt 0.081973 0.676917
vt 0.462515 0.478332
vt 0.458321 0.520509
vt 0.463644 0.565253
vt 0.070820 0.554386
vt 0.074058 0.695302
vt 0.072247 0.678193
vt 0.063003 0.579465
vt 0.061354 0.558976
vt 0.284058 0.466298
vt 0.283892 0.431248
vt 0.472417 0.462097
vt 0.472603 0.474897
vt 0.284800 0.533771
vt 0.284645 0.523559
vt 0.503797 0.461860
vt 0.493529 0.501616
vt 0.493484 0.489430
vt 0.473251 0.557884
vt 0.473399 0.565445
vt 0.284385 0.504810
vt 0.284298 0.496198
vt 0.064648 0.598252
vt 0.061027 0.554724
vt 0.472840 0.528742
vt 0.320927 0.395116
vt 0.645535 0.377928
vt 0.740619 0.864189
vt 0.734012 0.886646
vt 0.732125 0.886172
vt 0.734616 0.864177
vt 0.639191 0.432637
vt 0.643644 0.409548
vt 0.189420 0.823551
vt 0.192292 0.797068
vt 0.198295 0.797005
vt 0.195423 0.823488
vt 0.625718 0.460322
vt 0.188821 0.873637
vt 0.188819 0.850697
vt 0.194822 0.850634
vt 0.194824 0.873574
vt 0.611355 0.403785
vt 0.202538 0.302846
vt 0.628716 0.374773
vt 0.189800 0.905281
vt 0.195803 0.905218
vt 0.738128 0.749775
vt 0.740995 0.781313
vt 0.734992 0.781301
vt 0.732125 0.749763
vt 0.139285 0.879292
vt 0.139285 0.855270
vt 0.171474 0.848974
vt 0.175666 0.872112
vt 0.162886 0.936240
vt 0.147629 0.907881
vt 0.173109 0.902795
vt 0.144987 0.821944
vt 0.151492 0.797005
vt 0.161811 0.818808
vt 0.741610 0.811117
vt 0.741614 0.834049
vt 0.735611 0.834038
vt 0.735607 0.811105
vt 0.196472 0.930215
vt 0.198295 0.929531
vt 0.331294 0.137649
vt 0.333608 0.127167
vt 0.333608 0.137637
vt 0.339736 0.130712
vt 0.281341 0.060739
vt 0.281893 0.067544
vt 0.283816 0.069922
vt 0.429402 0.903808
vt 0.418906 0.906202
vt 0.867241 0.759390
vt 0.877248 0.760678
vt 0.977941 0.110260
vt 0.976591 0.115929
vt 0.972098 0.112848
vt 0.972419 0.109123
vt 0.978458 0.104592
vt 0.971679 0.105398
vt 0.642421 0.754764
vt 0.642421 0.760893
vt 0.641401 0.761043
vt 0.641401 0.754914
vt 0.200367 0.534376
vt 0.201495 0.516054
vt 0.202464 0.516061
vt 0.201336 0.534384
vt 0.290102 0.750730
vt 0.277277 0.744733
vt 0.269706 0.741057
vt 0.284782 0.740449
vt 0.520031 0.241066
vt 0.526562 0.210127
vt 0.535435 0.213535
vt 0.530053 0.243871
vt 0.492465 0.304870
vt 0.496330 0.295623
vt 0.506706 0.300540
vt 0.503119 0.304944
vt 0.505797 0.273541
vt 0.513401 0.277110
vt 0.466688 0.256717
vt 0.475179 0.228231
vt 0.495778 0.234156
vt 0.485542 0.264863
vt 0.460078 0.278869
vt 0.477215 0.286873
vt 0.471401 0.306296
vt 0.464055 0.308895
vt 0.452388 0.304623
vt 0.485211 0.194682
vt 0.505278 0.202196
vt 0.294195 0.791361
vt 0.282395 0.789613
vt 0.284852 0.757060
vt 0.294541 0.773109
vt 0.914387 0.008816
vt 0.908498 0.049125
vt 0.900441 0.048238
vt 0.906329 0.007930
vt 0.907708 0.081979
vt 0.899418 0.081114
vt 0.906668 0.099129
vt 0.898378 0.098333
vt 0.601395 0.833039
vt 0.611725 0.841522
vt 0.607925 0.845527
vt 0.910773 0.118978
vt 0.901682 0.119131
vt 0.463364 0.583963
vt 0.479346 0.582886
vt 0.485503 0.596466
vt 0.468929 0.597550
vt 0.706158 0.774278
vt 0.700811 0.759823
vt 0.711896 0.760633
vt 0.716006 0.771277
vt 0.498667 0.581605
vt 0.504799 0.595187
vt 0.446881 0.585821
vt 0.453854 0.598545
vt 0.950042 0.515796
vt 0.958903 0.515055
vt 0.958165 0.525862
vt 0.710747 0.791829
vt 0.718972 0.788636
vt 0.977258 0.527459
vt 0.985460 0.518845
vt 0.992085 0.531714
vt 0.977484 0.536968
vt 0.993423 0.545183
vt 0.978433 0.549615
vt 0.506312 0.614491
vt 0.502512 0.628775
vt 0.482951 0.625949
vt 0.487048 0.615768
vt 0.912831 0.128396
vt 0.910373 0.147020
vt 0.903447 0.147702
vt 0.903957 0.128702
vt 0.892425 0.130219
vt 0.887491 0.119911
vt 0.466132 0.626359
vt 0.470477 0.616851
vt 0.977934 0.515959
vt 0.958414 0.535627
vt 0.959394 0.548613
vt 0.455832 0.617818
vt 0.446512 0.599041
vt 0.442149 0.586468
vt 0.430883 0.602823
vt 0.433523 0.596859
vt 0.439351 0.599528
vt 0.437400 0.588557
vt 0.431713 0.619052
vt 0.442665 0.618743
vt 0.450028 0.618243
vt 0.431437 0.645507
vt 0.431634 0.628703
vt 0.442444 0.628039
vt 0.440340 0.646554
vt 0.913126 0.099198
vt 0.918218 0.118286
vt 0.433194 0.663306
vt 0.439812 0.663560
vt 0.446933 0.646773
vt 0.445179 0.663862
vt 0.432124 0.696213
vt 0.439185 0.696437
vt 0.444317 0.696754
vt 0.427966 0.736412
vt 0.434196 0.736677
vt 0.920138 0.009183
vt 0.913507 0.049324
vt 0.507898 0.237623
vt 0.495669 0.269202
vt 0.486775 0.291243
vt 0.479981 0.309707
vt 0.472782 0.311057
vt 0.484189 0.313526
vt 0.515921 0.206160
vt 0.282147 0.750185
vt 0.293416 0.762136
vt 0.769364 0.202906
vt 0.763429 0.235582
vt 0.747055 0.239038
vt 0.725386 0.210836
vt 0.739954 0.241267
vt 0.715458 0.214567
vt 0.788644 0.190203
vt 0.778150 0.228012
vt 0.778616 0.094730
vt 0.785990 0.115838
vt 0.762745 0.131818
vt 0.755435 0.110363
vt 0.698400 0.120487
vt 0.702046 0.142466
vt 0.682831 0.148006
vt 0.679523 0.125902
vt 0.744308 0.132685
vt 0.742140 0.106349
vt 0.762442 0.255712
vt 0.366277 0.535225
vt 0.364656 0.516617
vt 0.376621 0.535225
vt 0.790540 0.150788
vt 0.767698 0.161834
vt 0.713130 0.176488
vt 0.696904 0.181644
vt 0.740752 0.167893
vt 0.692892 0.059406
vt 0.696542 0.102624
vt 0.677938 0.107936
vt 0.678217 0.063615
vt 0.746035 0.040376
vt 0.772666 0.077698
vt 0.749536 0.093049
vt 0.726847 0.052745
vt 0.727318 0.022799
vt 0.709610 0.031630
vt 0.691859 0.035492
vt 0.677938 0.038770
vt 0.699809 0.012308
vt 0.702930 0.033083
vt 0.687763 0.015230
vt 0.678351 0.017720
vt 0.718494 0.006576
vt 0.341468 0.905030
vt 0.345028 0.894341
vt 0.362760 0.898161
vt 0.358240 0.910400
vt 0.350742 0.883688
vt 0.368468 0.890220
vt 0.352519 0.878255
vt 0.365861 0.874509
vt 0.375578 0.879792
vt 0.322410 0.870532
vt 0.339062 0.849410
vt 0.317143 0.885524
vt 0.314820 0.900868
vt 0.354476 0.842880
vt 0.358645 0.854671
vt 0.362811 0.841864
vt 0.375944 0.871963
vt 0.925800 0.793251
vt 0.926312 0.785545
vt 0.933051 0.795659
vt 0.850712 0.751685
vt 0.849712 0.730381
vt 0.853969 0.730308
vt 0.852860 0.752321
vt 0.848119 0.703335
vt 0.852131 0.704796
vt 0.923261 0.889869
vt 0.924646 0.863106
vt 0.928763 0.864161
vt 0.927019 0.891738
vt 0.928470 0.840400
vt 0.934457 0.843326
vt 0.930198 0.823344
vt 0.930248 0.805757
vt 0.936352 0.810449
vt 0.936352 0.827364
vt 0.323677 0.810374
vt 0.332068 0.809202
vt 0.327898 0.813795
vt 0.319422 0.803972
vt 0.323364 0.801561
vt 0.617371 0.815327
vt 0.622592 0.823027
vt 0.615885 0.833996
vt 0.612208 0.823207
vt 0.738547 0.022554
vt 0.757387 0.046650
vt 0.765374 0.055123
vt 0.732659 0.012834
vt 0.765944 0.042329
vt 0.779700 0.063157
vt 0.751918 0.022662
vt 0.780284 0.043110
vt 0.440064 0.832965
vt 0.446333 0.832209
vt 0.445693 0.860425
vt 0.437206 0.859472
vt 0.442967 0.886421
vt 0.437270 0.886736
vt 0.454214 0.966236
vt 0.451172 0.974545
vt 0.438745 0.974545
vt 0.446027 0.966290
vt 0.052617 0.955274
vt 0.060475 0.950479
vt 0.061473 0.965998
vt 0.052599 0.968812
vt 0.421161 0.602508
vt 0.421614 0.620009
vt 0.787490 0.618885
vt 0.782126 0.618983
vt 0.790588 0.590757
vt 0.793490 0.590659
vt 0.368354 0.905763
vt 0.375944 0.895204
vt 0.852871 0.655605
vt 0.846758 0.655860
vt 0.846613 0.639786
vt 0.852883 0.638730
vt 0.314698 0.869024
vt 0.307694 0.888959
vt 0.447986 0.774150
vt 0.454214 0.776505
vt 0.453559 0.792684
vt 0.447456 0.791148
vt 0.708769 0.860002
vt 0.717093 0.861617
vt 0.717959 0.868181
vt 0.709801 0.867824
vt 0.420430 0.966195
vt 0.419829 0.974369
vt 0.411992 0.974443
vt 0.406372 0.966354
vt 0.781153 0.709660
vt 0.773229 0.709762
vt 0.773504 0.687493
vt 0.781354 0.687395
vt 0.852822 0.621093
vt 0.846413 0.622968
vt 0.849541 0.608620
vt 0.856779 0.609194
vt 0.718972 0.874682
vt 0.711008 0.875571
vt 0.336840 0.840937
vt 0.817311 0.101155
vt 0.810229 0.101493
vt 0.807605 0.066743
vt 0.815448 0.066400
vt 0.443274 0.753138
vt 0.451415 0.759030
vt 0.451250 0.764635
vt 0.444221 0.765522
vt 0.386997 0.965687
vt 0.387587 0.973636
vt 0.368805 0.975075
vt 0.368629 0.965669
vt 0.599918 0.849265
vt 0.830772 0.208726
vt 0.829043 0.207527
vt 0.824680 0.179205
vt 0.827575 0.178892
vt 0.337369 0.817292
vt 0.341461 0.811004
vt 0.379928 0.534421
vt 0.365610 0.515063
vt 0.900638 0.007412
vt 0.895473 0.047656
vt 0.424699 0.593483
vt 0.427286 0.696503
vt 0.409057 0.733521
vt 0.776189 0.653033
vt 0.783279 0.652935
vt 0.893832 0.080587
vt 0.963652 0.931068
vt 0.962209 0.938999
vt 0.949505 0.938908
vt 0.953973 0.930965
vt 0.427856 0.663630
vt 0.890640 0.097476
vt 0.085780 0.917501
vt 0.080129 0.916475
vt 0.082483 0.896741
vt 0.086888 0.902626
vt 0.816170 0.140975
vt 0.821527 0.140648
vt 0.425981 0.646341
vt 0.980791 0.686649
vt 0.978549 0.690802
vt 0.954173 0.695639
vt 0.954173 0.688545
vt 0.082952 0.947033
vt 0.075929 0.945843
vt 0.633746 0.906081
vt 0.634672 0.913185
vt 0.620588 0.904533
vt 0.618836 0.900019
vt 0.084108 0.882276
vt 0.089258 0.886068
vt 0.277289 0.775048
vt 0.271883 0.787791
vt 0.431932 0.586936
vt 0.276590 0.733678
vt 0.263956 0.740739
vt 0.815153 0.028819
vt 0.807176 0.029163
vt 0.807176 0.006897
vt 0.815157 0.010097
vt 0.422154 0.630516
vt 0.943288 0.036747
vt 0.934145 0.037883
vt 0.936648 0.008230
vt 0.945387 0.007138
vt 0.707553 0.953880
vt 0.711194 0.962031
vt 0.687364 0.961880
vt 0.680203 0.953636
vt 0.815285 0.045602
vt 0.807368 0.045945
vt 0.357337 0.832253
vt 0.557661 0.945962
vt 0.550854 0.946527
vt 0.550854 0.925919
vt 0.558709 0.927008
vt 0.369455 0.831757
vt 0.781903 0.771907
vt 0.774288 0.772005
vt 0.773023 0.727793
vt 0.781006 0.727688
vt 0.706103 0.838944
vt 0.713568 0.838295
vt 0.674386 0.961773
vt 0.664007 0.953579
vt 0.975819 0.931151
vt 0.971847 0.939064
vt 0.645920 0.908536
vt 0.648544 0.916648
vt 0.565609 0.885762
vt 0.568266 0.872883
vt 0.570731 0.873231
vt 0.435143 0.966182
vt 0.430560 0.974464
vt 0.700312 0.793206
vt 0.711472 0.816620
vt 0.703417 0.817730
vt 0.552580 0.900707
vt 0.562809 0.902194
vt 0.945804 0.091182
vt 0.934140 0.099077
vt 0.933748 0.075052
vt 0.941640 0.073922
vt 0.698047 0.775395
vt 0.699619 0.775178
vt 0.701057 0.785220
vt 0.849244 0.599285
vt 0.857623 0.593448
vt 0.945402 0.098281
vt 0.942346 0.101340
vt 0.785863 0.796682
vt 0.779955 0.796767
vt 0.881951 0.115586
vt 0.858685 0.753478
vt 0.859421 0.731367
vt 0.858878 0.706322
vt 0.852377 0.677191
vt 0.856981 0.677934
vt 0.979319 0.505458
vt 0.978980 0.508027
vt 0.959878 0.507661
vt 0.960288 0.504555
vt 0.989915 0.514199
vt 0.988565 0.515911
vt 0.692654 0.750573
vt 0.695845 0.751545
vt 0.697334 0.760372
vt 0.693775 0.760877
vt 0.557699 0.884664
vt 0.452850 0.809323
vt 0.446862 0.808563
vt 0.789447 0.817618
vt 0.785086 0.817703
vt 0.794023 0.067030
vt 0.289845 0.881691
vt 0.289604 0.889953
vt 0.284041 0.891110
vt 0.282916 0.881531
vt 0.278743 0.889836
vt 0.276604 0.881559
vt 0.905141 0.798789
vt 0.910240 0.787836
vt 0.913708 0.789915
vt 0.910512 0.799479
vt 0.920792 0.789096
vt 0.920313 0.802617
vt 0.904571 0.832259
vt 0.903697 0.815039
vt 0.909371 0.816702
vt 0.909651 0.834444
vt 0.919683 0.820021
vt 0.919052 0.837424
vt 0.907405 0.856458
vt 0.911567 0.858974
vt 0.918117 0.861043
vt 0.906976 0.885233
vt 0.911006 0.885997
vt 0.917147 0.887936
vt 0.449545 0.860438
vt 0.447069 0.887493
vt 0.911352 0.913805
vt 0.916125 0.915312
vt 0.920870 0.916812
vt 0.907706 0.934459
vt 0.908193 0.912152
vt 0.911561 0.935980
vt 0.915163 0.936996
vt 0.918754 0.938009
vt 0.915691 0.783271
vt 0.921046 0.783644
vt 0.497573 0.314850
vt 0.500347 0.309895
vt 0.282681 0.878900
vt 0.276311 0.879129
vt 0.289670 0.879169
vt 0.993423 0.506263
vt 0.980845 0.496803
vt 0.961813 0.495899
vt 0.885166 0.096589
vt 0.873231 0.112007
vt 0.860168 0.591796
vt 0.173490 0.986275
vt 0.161554 0.986325
vt 0.142440 0.986275
vt 0.409376 0.620647
vt 0.411120 0.631092
vt 0.712888 0.885265
vt 0.418078 0.646755
vt 0.419577 0.664063
vt 0.888320 0.079704
vt 0.419008 0.696935
vt 0.889584 0.046807
vt 0.552435 0.632751
vt 0.550854 0.595795
vt 0.560345 0.595306
vt 0.412838 0.594096
vt 0.409057 0.603139
vt 0.894605 0.006576
vt 0.440874 0.751466
vt 0.052241 0.903474
vt 0.052548 0.934523
vt 0.967940 0.793384
vt 0.949505 0.789671
vt 0.950140 0.783271
vt 0.968514 0.785867
vt 0.966849 0.804326
vt 0.949738 0.800484
vt 0.966650 0.810135
vt 0.950150 0.809463
vt 0.626759 0.817230
vt 0.314137 0.793367
vt 0.319586 0.790252
vt 0.310586 0.784595
vt 0.314761 0.781484
vt 0.368838 0.979230
vt 0.387411 0.977346
vt 0.280314 0.725915
vt 0.287649 0.734355
vt 0.514059 0.197789
vt 0.523948 0.201586
vt 0.504180 0.193972
vt 0.487418 0.187323
vt 0.293656 0.745189
vt 0.845095 0.757113
vt 0.847777 0.762445
vt 0.839080 0.770118
vt 0.060167 0.055386
vt 0.052796 0.090248
vt 0.035843 0.067148
vt 0.082028 0.068783
vt 0.083141 0.032417
vt 0.037359 0.664555
vt 0.043793 0.690793
vt 0.020862 0.675480
vt 0.058665 0.666148
vt 0.482691 0.478371
vt 0.482223 0.462051
vt 0.487073 0.479879
vt 0.496612 0.536943
vt 0.513502 0.501273
vt 0.503277 0.568452
vt 0.521377 0.539979
vt 0.527660 0.461056
vt 0.537701 0.500082
vt 0.191190 0.099930
vt 0.204090 0.140391
vt 0.182425 0.139679
vt 0.525265 0.567370
vt 0.168408 0.030022
vt 0.192415 0.059909
vt 0.170089 0.063095
vt 0.166182 0.102754
vt 0.158746 0.138883
vt 0.041765 0.638224
vt 0.043409 0.655497
vt 0.038724 0.656397
vt 0.021749 0.643654
vt 0.112146 0.014016
vt 0.140728 0.006576
vt 0.142852 0.033491
vt 0.111164 0.047710
vt 0.105345 0.044534
vt 0.111302 0.042988
vt 0.122698 0.042534
vt 0.131780 0.044132
vt 0.142346 0.050023
vt 0.141648 0.072895
vt 0.148773 0.071111
vt 0.150166 0.064954
vt 0.148079 0.056517
vt 0.144202 0.076578
vt 0.097985 0.047705
vt 0.091064 0.054556
vt 0.088729 0.063937
vt 0.090541 0.071269
vt 0.097012 0.078584
vt 0.106884 0.083664
vt 0.109999 0.084212
vt 0.109702 0.093516
vt 0.120505 0.085857
vt 0.130503 0.084477
vt 0.140666 0.080085
vt 0.138559 0.094505
vt 0.137866 0.115691
vt 0.029647 0.612638
vt 0.006576 0.618177
vt 0.046590 0.602954
vt 0.038284 0.611452
vt 0.041429 0.580514
vt 0.015589 0.585309
vt 0.080976 0.006576
vt 0.028987 0.557072
vt 0.052394 0.011901
vt 0.054597 0.031407
vt 0.137090 0.138145
vt 0.094064 0.092972
vt 0.077769 0.111353
vt 0.108232 0.137155
vt 0.093079 0.122452
vt 0.084139 0.127145
vt 0.076940 0.135344
vt 0.049950 0.134397
vt 0.053497 0.116395
vt 0.056371 0.110802
vt 0.050886 0.110770
vt 0.048624 0.135073
vt 0.026941 0.109554
vt 0.026087 0.134266
vt 0.006576 0.133557
vt 0.222613 0.468410
vt 0.217243 0.425097
vt 0.237979 0.444618
vt 0.236898 0.418562
vt 0.252287 0.408271
vt 0.257444 0.416122
vt 0.274619 0.504835
vt 0.274877 0.523417
vt 0.275030 0.533538
vt 0.252515 0.525765
vt 0.262439 0.461169
vt 0.243662 0.488841
vt 0.229557 0.507175
vt 0.482128 0.524597
vt 0.483050 0.557797
vt 0.052128 0.661494
vt 0.053304 0.580704
vt 0.051670 0.560398
vt 0.274533 0.496300
vt 0.274295 0.466666
vt 0.268239 0.425999
vt 0.064260 0.695508
vt 0.062498 0.678715
vt 0.487263 0.520561
vt 0.483196 0.565290
vt 0.051346 0.556184
vt 0.236021 0.397425
vt 0.247198 0.395861
vt 0.699264 0.057945
vt 0.705626 0.112836
vt 0.701164 0.089699
vt 0.718714 0.137175
vt 0.733450 0.083906
vt 0.920138 0.127737
vt 0.716083 0.054774
vt 0.622451 0.802695
vt 0.628248 0.802577
vt 0.092590 0.136611
vt 0.076915 0.136065
vt 0.439606 0.906805
vt 0.857174 0.760678
vt 0.933820 0.110260
vt 0.939175 0.109123
vt 0.939505 0.112848
vt 0.933893 0.115929
vt 0.933291 0.104592
vt 0.939906 0.105398
vt 0.442589 0.908331
vt 0.311635 0.769141
vt 0.307694 0.769565
vt 0.966519 0.824815
vt 0.950742 0.824818
vt 0.668230 0.289956
vt 0.679709 0.281721
vt 0.679710 0.298129
vt 0.689291 0.276294
vt 0.677193 0.268874
vt 0.664627 0.303393
vt 0.716257 0.271317
vt 0.730520 0.268874
vt 0.723929 0.282138
vt 0.768375 0.278202
vt 0.778454 0.269788
vt 0.781188 0.284463
vt 0.708441 0.283537
vt 0.731779 0.294198
vt 0.742992 0.297287
vt 0.729346 0.306349
vt 0.705429 0.296578
vt 0.717565 0.296986
vt 0.713859 0.307748
vt 0.781481 0.300465
vt 0.792156 0.291725
vt 0.792604 0.303808
vt 0.561917 0.303372
vt 0.552290 0.290095
vt 0.565622 0.290158
vt 0.548588 0.303453
vt 0.561594 0.276912
vt 0.548588 0.276888
vt 0.740967 0.282577
vt 0.792604 0.277636
vt 0.705460 0.271138
vt 0.742992 0.271634
vt 0.762907 0.268874
vt 0.676875 0.311729
vt 0.689291 0.304209
vt 0.569382 0.300935
vt 0.573470 0.311752
vt 0.672328 0.279334
vt 0.692276 0.290159
vt 0.774406 0.288454
vt 0.284437 0.850979
vt 0.289974 0.852449
vt 0.279113 0.852357
vt 0.886738 0.599285
vt 0.662222 0.779214
vt 0.599981 0.878364
vt 0.664725 0.763876
vt 0.949407 0.513293
vt 0.563976 0.872327
vt 0.344555 0.136688
vt 0.344555 0.137660
vt 0.531151 0.749830
vt 0.531151 0.759385
vt 0.529256 0.758502
vt 0.529256 0.751752
vt 0.346792 0.137682
vt 0.954173 0.733262
vt 0.980565 0.732384
vt 0.981862 0.733027
vt 0.954198 0.733948
vt 0.976937 0.714399
vt 0.974142 0.708792
vt 0.979421 0.708792
vt 0.388330 0.344612
vt 0.388330 0.372637
vt 0.387299 0.372587
vt 0.387299 0.344563
vt 0.200367 0.509961
vt 0.201336 0.509968
vt 0.350985 0.702141
vt 0.350985 0.702852
vt 0.350017 0.702876
vt 0.350017 0.702200
vt 0.389013 0.331410
vt 0.387299 0.307001
vt 0.388263 0.307024
vt 0.389978 0.331397
vt 0.229616 0.817287
vt 0.243587 0.804302
vt 0.240003 0.811656
vt 0.232218 0.826737
vt 0.109685 0.385683
vt 0.140997 0.386275
vt 0.138762 0.395644
vt 0.108179 0.396069
vt 0.041773 0.370634
vt 0.051546 0.372689
vt 0.048229 0.383816
vt 0.043298 0.381121
vt 0.075033 0.377825
vt 0.072490 0.385976
vt 0.112872 0.360541
vt 0.080439 0.356282
vt 0.057133 0.352254
vt 0.036897 0.350210
vt 0.031493 0.343319
vt 0.145479 0.363862
vt 0.229752 0.796400
vt 0.355810 0.687701
vt 0.363504 0.647668
vt 0.371622 0.648136
vt 0.363927 0.688169
vt 0.366029 0.614992
vt 0.374379 0.615444
vt 0.365729 0.597899
vt 0.374075 0.598324
vt 0.026915 0.342180
vt 0.015642 0.340682
vt 0.570076 0.772436
vt 0.559841 0.763747
vt 0.563593 0.759844
vt 0.360095 0.578636
vt 0.369180 0.578258
vt 0.702886 0.733814
vt 0.686699 0.731158
vt 0.681679 0.718106
vt 0.698424 0.720312
vt 0.806972 0.946786
vt 0.802817 0.959686
vt 0.793691 0.950032
vt 0.793569 0.940268
vt 0.667157 0.728309
vt 0.662162 0.715260
vt 0.719660 0.736098
vt 0.713667 0.722480
vt 0.793435 0.960863
vt 0.806561 0.932412
vt 0.793158 0.927297
vt 0.774360 0.949339
vt 0.766962 0.958315
vt 0.760350 0.945747
vt 0.774248 0.939830
vt 0.759375 0.932319
vt 0.773849 0.927199
vt 0.662162 0.696073
vt 0.667008 0.681388
vt 0.686467 0.688299
vt 0.681647 0.698913
vt 0.357301 0.569354
vt 0.358261 0.550161
vt 0.365163 0.549656
vt 0.366164 0.568925
vt 0.698389 0.701119
vt 0.703402 0.691154
vt 0.714718 0.693600
vt 0.713195 0.703211
vt 0.774130 0.960863
vt 0.721104 0.723709
vt 0.724481 0.736610
vt 0.737117 0.723165
vt 0.733999 0.728562
vt 0.728363 0.724964
vt 0.729434 0.735720
vt 0.737563 0.707141
vt 0.726579 0.706008
vt 0.350017 0.569864
vt 0.351176 0.550657
vt 0.739785 0.679259
vt 0.738367 0.697183
vt 0.727499 0.696441
vt 0.730975 0.677304
vt 0.719766 0.695125
vt 0.724345 0.675499
vt 0.016322 0.344706
vt 0.011812 0.349651
vt 0.739426 0.661572
vt 0.732818 0.660371
vt 0.727431 0.658781
vt 0.738844 0.629630
vt 0.731787 0.628350
vt 0.358460 0.647357
vt 0.360753 0.614697
vt 0.741356 0.591829
vt 0.735120 0.590433
vt 0.350017 0.687351
vt 0.111361 0.373106
vt 0.077736 0.367054
vt 0.054308 0.362474
vt 0.034930 0.359280
vt 0.032250 0.352464
vt 0.031711 0.364138
vt 0.143225 0.375069
vt 0.248980 0.799616
vt 0.229910 0.806888
vt 0.640182 0.201653
vt 0.634441 0.234847
vt 0.618075 0.238342
vt 0.596224 0.209690
vt 0.611104 0.241092
vt 0.586429 0.213946
vt 0.659562 0.189423
vt 0.649272 0.227754
vt 0.649232 0.093559
vt 0.656644 0.114628
vt 0.633305 0.130141
vt 0.625956 0.108724
vt 0.568947 0.118987
vt 0.572761 0.141992
vt 0.553556 0.147023
vt 0.550207 0.124948
vt 0.615275 0.134409
vt 0.612654 0.104741
vt 0.633680 0.255722
vt 0.162954 0.511017
vt 0.179088 0.509961
vt 0.162954 0.521430
vt 0.661295 0.149678
vt 0.638289 0.159749
vt 0.583816 0.175042
vt 0.567726 0.180739
vt 0.611416 0.166376
vt 0.563354 0.058093
vt 0.565972 0.101276
vt 0.548588 0.107004
vt 0.548814 0.062840
vt 0.616582 0.039455
vt 0.643251 0.076557
vt 0.620025 0.091442
vt 0.597293 0.051351
vt 0.597934 0.022346
vt 0.580136 0.030776
vt 0.562394 0.034679
vt 0.548588 0.038425
vt 0.570390 0.011861
vt 0.573460 0.032245
vt 0.558351 0.014811
vt 0.549053 0.017760
vt 0.589177 0.006576
vt 0.789687 0.835254
vt 0.789746 0.846515
vt 0.771402 0.848757
vt 0.771754 0.835721
vt 0.787756 0.858430
vt 0.768548 0.858101
vt 0.787816 0.864143
vt 0.776048 0.872150
vt 0.765165 0.870248
vt 0.818419 0.862044
vt 0.809440 0.887367
vt 0.818596 0.846163
vt 0.815939 0.830856
vt 0.796954 0.898473
vt 0.789231 0.888637
vt 0.789396 0.902097
vt 0.767328 0.877780
vt 0.019104 0.527437
vt 0.017831 0.535111
vt 0.011685 0.524626
vt 0.018489 0.869582
vt 0.017419 0.848430
vt 0.021501 0.848734
vt 0.020507 0.870499
vt 0.015753 0.821539
vt 0.019536 0.823495
vt 0.026759 0.431143
vt 0.023913 0.457773
vt 0.019636 0.456490
vt 0.022845 0.429067
vt 0.019279 0.480208
vt 0.013245 0.476950
vt 0.016584 0.497137
vt 0.015533 0.514692
vt 0.009508 0.509664
vt 0.010460 0.492777
vt 0.379354 0.728348
vt 0.370906 0.728970
vt 0.375151 0.725097
vt 0.383585 0.734524
vt 0.379580 0.736335
vt 0.554971 0.787148
vt 0.550854 0.779583
vt 0.555718 0.771194
vt 0.559351 0.782078
vt 0.609176 0.022131
vt 0.627922 0.045604
vt 0.635922 0.054041
vt 0.603315 0.012615
vt 0.636470 0.041267
vt 0.650314 0.062242
vt 0.622545 0.022201
vt 0.650863 0.042227
vt 0.094668 0.787988
vt 0.086386 0.788068
vt 0.088336 0.759586
vt 0.096912 0.761086
vt 0.090415 0.732733
vt 0.096156 0.732840
vt 0.764211 0.834776
vt 0.763170 0.843597
vt 0.975052 0.599521
vt 0.973420 0.591341
vt 0.988054 0.590433
vt 0.988177 0.599582
vt 0.746779 0.724144
vt 0.747708 0.707015
vt 0.178234 0.751151
vt 0.183652 0.751423
vt 0.175789 0.783852
vt 0.172834 0.783579
vt 0.759376 0.856022
vt 0.019820 0.775288
vt 0.010794 0.775235
vt 0.010550 0.759315
vt 0.019745 0.758600
vt 0.825692 0.861266
vt 0.825928 0.840148
vt 0.088125 0.847882
vt 0.078730 0.845537
vt 0.079082 0.829596
vt 0.088310 0.831177
vt 0.503243 0.859176
vt 0.511223 0.862427
vt 0.511033 0.869141
vt 0.503017 0.867177
vt 0.969786 0.240746
vt 0.971173 0.232900
vt 0.978943 0.232894
vt 0.983840 0.240764
vt 0.183955 0.655964
vt 0.191934 0.656247
vt 0.191640 0.678422
vt 0.183737 0.678150
vt 0.019738 0.740848
vt 0.010364 0.742403
vt 0.014352 0.727556
vt 0.023794 0.728736
vt 0.511023 0.876156
vt 0.503004 0.875536
vt 0.813752 0.894939
vt 0.819288 0.426740
vt 0.812146 0.426620
vt 0.809729 0.391380
vt 0.817631 0.391502
vt 0.981224 0.345316
vt 0.981223 0.342872
vt 0.990326 0.342387
vt 0.724424 0.916334
vt 0.724637 0.908269
vt 0.743188 0.906860
vt 0.742610 0.916375
vt 0.571601 0.756107
vt 0.830791 0.526607
vt 0.829058 0.525302
vt 0.825452 0.500694
vt 0.828406 0.500806
vt 0.365694 0.721727
vt 0.361541 0.727437
vt 0.163819 0.524722
vt 0.180490 0.510949
vt 0.369637 0.688168
vt 0.376610 0.648185
vt 0.742502 0.732134
vt 0.262800 0.798796
vt 0.189202 0.714643
vt 0.182059 0.714371
vt 0.379983 0.615450
vt 0.379611 0.450631
vt 0.382032 0.442558
vt 0.395623 0.435972
vt 0.390391 0.450573
vt 0.744789 0.661885
vt 0.743699 0.629855
vt 0.381843 0.598381
vt 0.906598 0.956838
vt 0.907858 0.951162
vt 0.923575 0.953927
vt 0.917990 0.958301
vt 0.817638 0.465178
vt 0.823055 0.465295
vt 0.745304 0.679071
vt 0.497401 0.912772
vt 0.502080 0.914254
vt 0.513577 0.939147
vt 0.506643 0.940665
vt 0.512209 0.964467
vt 0.506631 0.965730
vt 0.628073 0.939660
vt 0.627433 0.932689
vt 0.640799 0.941008
vt 0.642308 0.945410
vt 0.935416 0.955821
vt 0.931076 0.961026
vt 0.511835 0.883143
vt 0.503406 0.886862
vt 0.239674 0.833362
vt 0.239696 0.817324
vt 0.817306 0.351623
vt 0.809269 0.351501
vt 0.809269 0.328003
vt 0.817303 0.331819
vt 0.747972 0.696299
vt 0.253036 0.926617
vt 0.262407 0.926884
vt 0.260531 0.957652
vt 0.251573 0.957395
vt 0.842075 0.919193
vt 0.839080 0.904797
vt 0.862067 0.911102
vt 0.868155 0.918848
vt 0.817452 0.369432
vt 0.809475 0.369310
vt 0.797148 0.909709
vt 0.846267 0.867364
vt 0.839677 0.867818
vt 0.839081 0.847227
vt 0.846760 0.848405
vt 0.785847 0.914046
vt 0.183501 0.595683
vt 0.191169 0.595956
vt 0.192188 0.638524
vt 0.184148 0.638233
vt 0.503979 0.837900
vt 0.511462 0.838613
vt 0.874478 0.910946
vt 0.883972 0.918730
vt 0.366641 0.450666
vt 0.371784 0.442583
vt 0.616955 0.937695
vt 0.614800 0.929801
vt 0.852336 0.807191
vt 0.854947 0.793578
vt 0.857463 0.793961
vt 0.759376 0.871336
vt 0.505577 0.791689
vt 0.516103 0.792071
vt 0.512859 0.816799
vt 0.504720 0.816466
vt 0.839895 0.822266
vt 0.849953 0.823783
vt 0.249989 0.874127
vt 0.261577 0.866351
vt 0.262390 0.890691
vt 0.254270 0.890407
vt 0.506189 0.773671
vt 0.508048 0.773747
vt 0.507626 0.782679
vt 0.024391 0.712073
vt 0.026836 0.710279
vt 0.250127 0.866055
vt 0.253197 0.863331
vt 0.179673 0.571786
vt 0.185627 0.572021
vt 0.383344 0.577460
vt 0.389184 0.581023
vt 0.026180 0.871981
vt 0.026841 0.850032
vt 0.026145 0.825320
vt 0.017790 0.795961
vt 0.024209 0.797015
vt 0.773626 0.971402
vt 0.773766 0.968464
vt 0.793081 0.968261
vt 0.792931 0.971402
vt 0.763158 0.963152
vt 0.764314 0.961311
vt 0.803880 0.962431
vt 0.804394 0.964670
vt 0.092062 0.856258
vt 0.082432 0.855784
vt 0.844602 0.806005
vt 0.079402 0.812402
vt 0.088458 0.813086
vt 0.176213 0.551686
vt 0.180621 0.551922
vt 0.504381 0.759604
vt 0.507559 0.759745
vt 0.664785 0.066653
vt 0.968266 0.345276
vt 0.968457 0.342798
vt 0.974731 0.342957
vt 0.974634 0.345491
vt 0.039944 0.523095
vt 0.033970 0.533745
vt 0.030964 0.531461
vt 0.034843 0.522092
vt 0.023958 0.531869
vt 0.025353 0.518393
vt 0.042395 0.489714
vt 0.042297 0.506956
vt 0.036961 0.504963
vt 0.037693 0.487234
vt 0.026973 0.501055
vt 0.028593 0.483717
vt 0.075929 0.809585
vt 0.082933 0.785038
vt 0.036711 0.462648
vt 0.030394 0.460205
vt 0.042447 0.436712
vt 0.040479 0.465406
vt 0.038751 0.435711
vt 0.032843 0.433421
vt 0.084357 0.758310
vt 0.086189 0.730683
vt 0.039879 0.407932
vt 0.035310 0.406152
vt 0.030565 0.404384
vt 0.090297 0.710661
vt 0.087797 0.708661
vt 0.040835 0.385784
vt 0.037356 0.384562
vt 0.033812 0.383344
vt 0.985846 0.332832
vt 0.980336 0.332804
vt 0.982445 0.328003
vt 0.028284 0.537990
vt 0.023068 0.537307
vt 0.032422 0.377547
vt 0.037886 0.379332
vt 0.974567 0.352936
vt 0.981758 0.352928
vt 0.967611 0.352884
vt 0.102844 0.814191
vt 0.103080 0.787549
vt 0.493141 0.759374
vt 0.492149 0.773383
vt 0.166066 0.551143
vt 0.165966 0.571245
vt 0.102688 0.833376
vt 0.863828 0.825802
vt 0.866211 0.809210
vt 0.102375 0.859953
vt 0.102492 0.851086
vt 0.495003 0.749830
vt 0.505093 0.752005
vt 0.034068 0.757534
vt 0.034061 0.738719
vt 0.868566 0.795585
vt 0.860703 0.783788
vt 0.871103 0.783271
vt 0.034333 0.798230
vt 0.034149 0.775219
vt 0.773062 0.980098
vt 0.792367 0.980098
vt 0.034408 0.826473
vt 0.034541 0.851737
vt 0.490680 0.816178
vt 0.489938 0.837612
vt 0.034606 0.871816
vt 0.854931 0.884283
vt 0.848620 0.884967
vt 0.858110 0.868673
vt 0.165846 0.595056
vt 0.239771 0.869425
vt 0.239872 0.875483
vt 0.240073 0.890491
vt 0.240471 0.926580
vt 0.034114 0.725847
vt 0.034398 0.708661
vt 0.491537 0.791401
vt 0.860635 0.850424
vt 0.955585 0.259275
vt 0.955739 0.240883
vt 0.969632 0.259138
vt 0.621916 0.955870
vt 0.629546 0.955708
vt 0.364656 0.469121
vt 0.379530 0.469094
vt 0.867985 0.937205
vt 0.885527 0.937095
vt 0.489202 0.858888
vt 0.165637 0.637562
vt 0.181399 0.496808
vt 0.162954 0.494298
vt 0.163061 0.482178
vt 0.181558 0.479747
vt 0.163134 0.461076
vt 0.181631 0.458644
vt 0.835817 0.369714
vt 0.835811 0.351905
vt 0.844188 0.937596
vt 0.240973 0.957353
vt 0.759870 0.706013
vt 0.758937 0.695408
vt 0.835801 0.340604
vt 0.247236 0.837826
vt 0.241163 0.823677
vt 0.488963 0.875248
vt 0.489275 0.889211
vt 0.914623 0.970120
vt 0.926931 0.970302
vt 0.645783 0.955543
vt 0.490677 0.944160
vt 0.493789 0.968639
vt 0.835526 0.465565
vt 0.835731 0.427018
vt 0.486629 0.909359
vt 0.753160 0.678456
vt 0.753016 0.661218
vt 0.835209 0.501064
vt 0.903696 0.969904
vt 0.385526 0.615595
vt 0.387348 0.598529
vt 0.751926 0.629188
vt 0.165614 0.713744
vt 0.165761 0.750523
vt 0.389304 0.469046
vt 0.382529 0.648304
vt 0.165542 0.677522
vt 0.748391 0.595905
vt 0.504147 0.893324
vt 0.490186 0.896206
vt 0.375699 0.688276
vt 0.165811 0.532301
vt 0.183718 0.513224
vt 0.351531 0.720416
vt 0.351520 0.726445
vt 0.834781 0.529612
vt 0.585755 0.766949
vt 0.585759 0.754764
vt 0.724347 0.930517
vt 0.742533 0.930558
vt 0.102135 0.869123
vt 0.094559 0.867120
vt 0.835825 0.391783
vt 0.162954 0.436847
vt 0.181451 0.434415
vt 0.488976 0.866889
vt 0.165585 0.655313
vt 0.984655 0.259144
vt 0.954173 0.617819
vt 0.956782 0.599338
vt 0.972444 0.618003
vt 0.945700 0.259493
vt 0.945853 0.241102
vt 0.166029 0.782952
vt 0.758808 0.723161
vt 0.985568 0.618063
vt 0.938056 0.259561
vt 0.938176 0.241289
vt 0.103351 0.758950
vt 0.103574 0.732297
vt 0.011883 0.360514
vt 0.029960 0.366058
vt 0.028390 0.372368
vt 0.010268 0.367942
vt 0.017435 0.352281
vt 0.031121 0.355272
vt 0.025699 0.344994
vt 0.030277 0.346133
vt 0.387851 0.745194
vt 0.383388 0.747933
vt 0.391291 0.754358
vt 0.388255 0.757093
vt 0.743886 0.902599
vt 0.725669 0.904436
vt 0.249535 0.965177
vt 0.241198 0.965136
vt 0.258226 0.965335
vt 0.220236 0.807905
vt 0.222814 0.819655
vt 0.217243 0.796072
vt 0.228845 0.830219
vt 0.014027 0.875295
vt 0.015224 0.881053
vt 0.006576 0.888621
vt 0.364941 0.217909
vt 0.371627 0.182753
vt 0.388118 0.205414
vt 0.343492 0.205159
vt 0.342595 0.241668
vt 0.440912 0.328761
vt 0.443927 0.350657
vt 0.422984 0.349493
vt 0.260130 0.690048
vt 0.240875 0.707263
vt 0.239429 0.684434
vt 0.458133 0.443518
vt 0.451807 0.433784
vt 0.449290 0.384961
vt 0.451851 0.421407
vt 0.432105 0.421264
vt 0.425380 0.380087
vt 0.409057 0.419983
vt 0.232182 0.177895
vt 0.256396 0.247100
vt 0.231195 0.218073
vt 0.254803 0.213955
vt 0.258190 0.174083
vt 0.242054 0.661285
vt 0.247074 0.678094
vt 0.242263 0.677437
vt 0.227781 0.661296
vt 0.221009 0.687932
vt 0.313698 0.261114
vt 0.284531 0.269629
vt 0.282891 0.242631
vt 0.314876 0.227160
vt 0.320605 0.230240
vt 0.314682 0.231991
vt 0.303213 0.232845
vt 0.294111 0.231554
vt 0.283299 0.226034
vt 0.283502 0.217990
vt 0.285012 0.220260
vt 0.291378 0.222132
vt 0.297732 0.219916
vt 0.300530 0.216071
vt 0.276590 0.205124
vt 0.275192 0.211351
vt 0.277385 0.219734
vt 0.283879 0.203070
vt 0.281185 0.199478
vt 0.327854 0.226820
vt 0.334750 0.219299
vt 0.336903 0.210238
vt 0.334989 0.202955
vt 0.328442 0.195844
vt 0.318547 0.191085
vt 0.315441 0.190641
vt 0.315594 0.181311
vt 0.301813 0.214306
vt 0.301989 0.207681
vt 0.298377 0.202406
vt 0.292365 0.200422
vt 0.286187 0.202459
vt 0.285039 0.203976
vt 0.304852 0.189359
vt 0.315390 0.192667
vt 0.311535 0.195576
vt 0.306861 0.203625
vt 0.307515 0.219581
vt 0.294840 0.191088
vt 0.284699 0.195840
vt 0.286499 0.181333
vt 0.286745 0.160103
vt 0.241196 0.634711
vt 0.217243 0.631412
vt 0.259595 0.628309
vt 0.249937 0.635607
vt 0.258466 0.604845
vt 0.231998 0.601688
vt 0.344208 0.267596
vt 0.250093 0.574605
vt 0.226757 0.574146
vt 0.370176 0.241825
vt 0.331081 0.181340
vt 0.346792 0.162408
vt 0.331294 0.151816
vt 0.339969 0.146833
vt 0.346792 0.138404
vt 0.367654 0.162296
vt 0.372929 0.162167
vt 0.373198 0.138504
vt 0.395904 0.162688
vt 0.351503 0.375947
vt 0.346396 0.335140
vt 0.330261 0.351609
vt 0.331247 0.376749
vt 0.316481 0.384145
vt 0.310311 0.375475
vt 0.274142 0.554624
vt 0.273025 0.570150
vt 0.272349 0.579348
vt 0.305627 0.333398
vt 0.294176 0.296672
vt 0.325084 0.312203
vt 0.317019 0.282782
vt 0.243290 0.549656
vt 0.394307 0.227697
vt 0.463552 0.397782
vt 0.463498 0.362719
vt 0.254552 0.684852
vt 0.272599 0.689285
vt 0.270124 0.607221
vt 0.271964 0.584291
vt 0.294090 0.303562
vt 0.293852 0.328664
vt 0.299567 0.366097
vt 0.463644 0.354598
vt 0.461890 0.328003
vt 0.464081 0.338387
vt 0.462515 0.445026
vt 0.458321 0.402026
vt 0.261564 0.701139
vt 0.473839 0.337120
vt 0.473399 0.354536
vt 0.281751 0.584688
vt 0.279894 0.607824
vt 0.283892 0.360623
vt 0.284058 0.328734
vt 0.472603 0.448499
vt 0.282821 0.570419
vt 0.282140 0.579700
vt 0.493484 0.433863
vt 0.493529 0.421487
vt 0.473251 0.362730
vt 0.284298 0.303407
vt 0.284385 0.296454
vt 0.278225 0.627326
vt 0.283949 0.554754
vt 0.472840 0.393636
vt 0.271268 0.702648
vt 0.006576 0.328221
vt 0.569723 0.056618
vt 0.365652 0.398385
vt 0.371655 0.398353
vt 0.374146 0.422762
vt 0.372260 0.422819
vt 0.576156 0.111317
vt 0.571658 0.088239
vt 0.528324 0.612345
vt 0.522320 0.612302
vt 0.519465 0.581605
vt 0.525468 0.581649
vt 0.589692 0.138961
vt 0.528919 0.665529
vt 0.522916 0.665486
vt 0.522915 0.641925
vt 0.528918 0.641968
vt 0.603930 0.082368
vt 0.719117 0.704718
vt 0.586534 0.053406
vt 0.527950 0.697129
vt 0.521947 0.697085
vt 0.368143 0.282814
vt 0.374146 0.282782
vt 0.371278 0.312356
vt 0.365275 0.312388
vt 0.924904 0.249123
vt 0.888510 0.241990
vt 0.892704 0.218854
vt 0.924904 0.225109
vt 0.901358 0.306096
vt 0.891079 0.272662
vt 0.916567 0.277716
vt 0.919218 0.191806
vt 0.902389 0.188691
vt 0.912760 0.166895
vt 0.364660 0.341671
vt 0.370663 0.341639
vt 0.370659 0.365599
vt 0.364656 0.365631
vt 0.521291 0.720951
vt 0.519465 0.720689
vt 0.333608 0.148106
vt 0.339736 0.144587
vt 0.283816 0.205538
vt 0.281893 0.207950
vt 0.281342 0.214817
vt 0.093402 0.713057
vt 0.103777 0.716971
vt 0.034576 0.878240
vt 0.024573 0.879388
vt 0.262407 0.861231
vt 0.255614 0.859483
vt 0.256310 0.855891
vt 0.261824 0.855776
vt 0.529256 0.772538
vt 0.530273 0.772698
vt 0.530273 0.778797
vt 0.529256 0.778637
vt 0.756874 0.772310
vt 0.755910 0.772438
vt 0.754767 0.755102
vt 0.755732 0.754974
vt 0.954458 0.470671
vt 0.947300 0.471647
vt 0.932890 0.464034
vt 0.941026 0.463704
vt 0.430699 0.214392
vt 0.420812 0.211251
vt 0.432952 0.182933
vt 0.442213 0.184940
vt 0.418778 0.282867
vt 0.409848 0.277093
vt 0.409266 0.271444
vt 0.420616 0.273015
vt 0.416512 0.248178
vt 0.424804 0.249356
vt 0.446465 0.253194
vt 0.454721 0.221897
vt 0.441370 0.276169
vt 0.440301 0.301802
vt 0.435582 0.295601
vt 0.464325 0.189967
vt 0.287576 0.807825
vt 0.272030 0.820967
vt 0.932069 0.424601
vt 0.940205 0.424271
vt 0.935201 0.392145
vt 0.943568 0.391814
vt 0.936318 0.375428
vt 0.944682 0.375072
vt 0.601395 0.772496
vt 0.607925 0.759929
vt 0.611725 0.763845
vt 0.942154 0.356364
vt 0.951223 0.356588
vt 0.457777 0.016954
vt 0.449232 0.028895
vt 0.433394 0.024044
vt 0.442524 0.012247
vt 0.984708 0.200363
vt 0.970555 0.206850
vt 0.970021 0.197124
vt 0.979729 0.187490
vt 0.414965 0.018380
vt 0.424072 0.006576
vt 0.473330 0.022533
vt 0.463631 0.033317
vt 0.969792 0.186294
vt 0.985546 0.214662
vt 0.971496 0.219741
vt 0.950708 0.197716
vt 0.951222 0.207187
vt 0.938056 0.201161
vt 0.943916 0.188672
vt 0.952137 0.219741
vt 0.938221 0.214518
vt 0.409057 0.036820
vt 0.427456 0.042474
vt 0.429122 0.053331
vt 0.409492 0.051601
vt 0.954458 0.347503
vt 0.945611 0.347341
vt 0.947537 0.328037
vt 0.954426 0.328003
vt 0.443291 0.047325
vt 0.457279 0.051620
vt 0.455951 0.060891
vt 0.445354 0.057583
vt 0.890544 0.854802
vt 0.884613 0.874472
vt 0.876722 0.873097
vt 0.882892 0.853470
vt 0.950426 0.186198
vt 0.470637 0.035480
vt 0.477769 0.024245
vt 0.484936 0.042740
vt 0.477470 0.037592
vt 0.483743 0.036331
vt 0.481894 0.027365
vt 0.480398 0.058344
vt 0.469823 0.055530
vt 0.462799 0.053358
vt 0.474625 0.084166
vt 0.465726 0.083140
vt 0.467910 0.064630
vt 0.478266 0.067758
vt 0.459282 0.081844
vt 0.460629 0.062381
vt 0.468825 0.101085
vt 0.462335 0.099814
vt 0.457062 0.098879
vt 0.462307 0.133358
vt 0.455395 0.131956
vt 0.450346 0.131091
vt 0.457097 0.173432
vt 0.450987 0.172262
vt 0.946840 0.463115
vt 0.945272 0.423599
vt 0.435635 0.251275
vt 0.442704 0.218156
vt 0.430995 0.274587
vt 0.431834 0.298830
vt 0.426553 0.293753
vt 0.420954 0.294644
vt 0.453270 0.187452
vt 0.469766 0.183696
vt 0.459424 0.181474
vt 0.449091 0.179233
vt 0.446651 0.171602
vt 0.704730 0.524346
vt 0.748711 0.532262
vt 0.727082 0.560474
vt 0.710707 0.557023
vt 0.758667 0.535992
vt 0.734210 0.562704
vt 0.685473 0.511652
vt 0.696010 0.549461
vt 0.695434 0.416172
vt 0.718594 0.431794
vt 0.711292 0.453252
vt 0.688069 0.437283
vt 0.775632 0.441900
vt 0.794538 0.447311
vt 0.791239 0.469417
vt 0.771995 0.463879
vt 0.731886 0.427776
vt 0.729729 0.454113
vt 0.711743 0.577158
vt 0.187152 0.534948
vt 0.176697 0.535022
vt 0.187214 0.517998
vt 0.706359 0.483270
vt 0.683541 0.472235
vt 0.777188 0.503061
vt 0.760933 0.497907
vt 0.733308 0.489320
vt 0.781121 0.380817
vt 0.795825 0.385024
vt 0.796116 0.429345
vt 0.777483 0.424036
vt 0.727999 0.361807
vt 0.747164 0.374167
vt 0.724486 0.414479
vt 0.701377 0.399138
vt 0.746730 0.344227
vt 0.764418 0.353049
vt 0.782171 0.356905
vt 0.796116 0.360181
vt 0.774230 0.333726
vt 0.786278 0.336644
vt 0.771098 0.354500
vt 0.795713 0.339134
vt 0.755567 0.328003
vt 0.843398 0.228847
vt 0.860889 0.226792
vt 0.862979 0.239670
vt 0.844843 0.240020
vt 0.867058 0.248558
vt 0.848409 0.251571
vt 0.872038 0.260155
vt 0.861489 0.263478
vt 0.849111 0.257244
vt 0.818081 0.259053
vt 0.830374 0.282974
vt 0.815785 0.243330
vt 0.816445 0.227829
vt 0.850604 0.281565
vt 0.844251 0.292338
vt 0.852237 0.294933
vt 0.870896 0.267908
vt 0.897430 0.472781
vt 0.904681 0.470358
vt 0.897941 0.480473
vt 0.051073 0.869582
vt 0.048928 0.870499
vt 0.047735 0.848734
vt 0.051992 0.848430
vt 0.049477 0.823495
vt 0.053483 0.821539
vt 0.894891 0.376154
vt 0.898648 0.374270
vt 0.900393 0.401846
vt 0.896276 0.402911
vt 0.906087 0.422701
vt 0.900100 0.425638
vt 0.901829 0.442694
vt 0.907982 0.438664
vt 0.907982 0.455580
vt 0.901878 0.460281
vt 0.323677 0.728512
vt 0.327898 0.725237
vt 0.332068 0.729084
vt 0.323364 0.736500
vt 0.319422 0.734713
vt 0.617371 0.789964
vt 0.612208 0.782154
vt 0.615885 0.771309
vt 0.622592 0.782154
vt 0.716645 0.368085
vt 0.735504 0.343986
vt 0.708661 0.376560
vt 0.741398 0.334265
vt 0.694349 0.384600
vt 0.708086 0.363767
vt 0.722133 0.344098
vt 0.693759 0.364554
vt 0.111440 0.788109
vt 0.109707 0.761178
vt 0.118235 0.759802
vt 0.117681 0.788293
vt 0.110932 0.732947
vt 0.116617 0.732922
vt 0.867716 0.224640
vt 0.869933 0.233251
vt 0.807176 0.238118
vt 0.808828 0.224640
vt 0.494472 0.044669
vt 0.490005 0.061597
vt 0.153417 0.751151
vt 0.159354 0.783579
vt 0.156455 0.783852
vt 0.148056 0.751423
vt 0.875357 0.245070
vt 0.048552 0.775288
vt 0.048476 0.758600
vt 0.054749 0.759315
vt 0.054665 0.775235
vt 0.810229 0.259026
vt 0.116864 0.848089
vt 0.117049 0.831384
vt 0.123213 0.829913
vt 0.123187 0.845857
vt 0.475162 0.858600
vt 0.474936 0.866601
vt 0.467378 0.868246
vt 0.467567 0.861531
vt 0.969666 0.277618
vt 0.983721 0.277636
vt 0.978772 0.285781
vt 0.971002 0.285786
vt 0.147350 0.655964
vt 0.147476 0.678150
vt 0.139630 0.678422
vt 0.139429 0.656247
vt 0.048470 0.740848
vt 0.044466 0.728736
vt 0.051701 0.727556
vt 0.054885 0.742403
vt 0.474923 0.874960
vt 0.467367 0.875260
vt 0.826576 0.290836
vt 0.852049 0.426806
vt 0.853893 0.391575
vt 0.861741 0.391485
vt 0.859137 0.426715
vt 0.981299 0.362024
vt 0.990326 0.363066
vt 0.985846 0.370143
vt 0.980336 0.370286
vt 0.724424 0.944661
vt 0.742610 0.944702
vt 0.743188 0.954115
vt 0.724637 0.952617
vt 0.599918 0.756161
vt 0.838763 0.526623
vt 0.841887 0.500833
vt 0.844787 0.500733
vt 0.840492 0.525325
vt 0.337369 0.721811
vt 0.341461 0.727496
vt 0.173401 0.534198
vt 0.186156 0.516552
vt 0.927189 0.463672
vt 0.927088 0.424238
vt 0.493116 0.035077
vt 0.466946 0.134752
vt 0.476179 0.174970
vt 0.149299 0.714371
vt 0.142212 0.714643
vt 0.929605 0.391782
vt 0.379611 0.487515
vt 0.390391 0.487457
vt 0.395623 0.495423
vt 0.382032 0.495463
vt 0.473941 0.102626
vt 0.928561 0.374880
vt 0.906606 0.982929
vt 0.917997 0.981891
vt 0.923584 0.986326
vt 0.907869 0.988586
vt 0.847873 0.465346
vt 0.853235 0.465250
vt 0.479739 0.086230
vt 0.476982 0.915063
vt 0.474426 0.944280
vt 0.467367 0.944332
vt 0.472792 0.917540
vt 0.480701 0.968639
vt 0.475017 0.968639
vt 0.628073 0.972068
vt 0.642308 0.965950
vt 0.640799 0.970470
vt 0.627433 0.979174
vt 0.930969 0.979599
vt 0.935416 0.984771
vt 0.271726 0.802772
vt 0.487608 0.027051
vt 0.255944 0.836577
vt 0.246559 0.827445
vt 0.251994 0.829337
vt 0.266125 0.833436
vt 0.854191 0.351698
vt 0.854187 0.331894
vt 0.862174 0.328110
vt 0.862174 0.351608
vt 0.487072 0.071700
vt 0.228028 0.926995
vt 0.230482 0.957714
vt 0.221737 0.958239
vt 0.218880 0.927542
vt 0.842075 0.956065
vt 0.868155 0.955720
vt 0.862067 0.963989
vt 0.839080 0.964229
vt 0.854058 0.369506
vt 0.861981 0.369416
vt 0.845029 0.303288
vt 0.870072 0.870757
vt 0.874745 0.852393
vt 0.856826 0.306096
vt 0.148322 0.595683
vt 0.147265 0.638233
vt 0.139285 0.638524
vt 0.140710 0.595956
vt 0.475898 0.837324
vt 0.468783 0.837738
vt 0.883972 0.955602
vt 0.874478 0.963833
vt 0.366641 0.487550
vt 0.371784 0.495488
vt 0.616955 0.974567
vt 0.614800 0.982688
vt 0.880321 0.811178
vt 0.879909 0.797160
vt 0.882457 0.797499
vt 0.955620 0.277754
vt 0.961207 0.285991
vt 0.477497 0.791113
vt 0.476639 0.815890
vt 0.468897 0.815898
vt 0.467367 0.791071
vt 0.877938 0.827771
vt 0.888465 0.829187
vt 0.229910 0.874431
vt 0.225947 0.890836
vt 0.218048 0.891362
vt 0.218156 0.867008
vt 0.478109 0.773095
vt 0.476023 0.783195
vt 0.476597 0.773096
vt 0.043560 0.711605
vt 0.051961 0.717303
vt 0.229420 0.866368
vt 0.226330 0.863738
vt 0.152370 0.571786
vt 0.146465 0.572021
vt 0.860805 0.886703
vt 0.867114 0.891644
vt 0.043109 0.871981
vt 0.042289 0.850032
vt 0.042737 0.825320
vt 0.044526 0.797015
vt 0.049127 0.795961
vt 0.950443 0.175631
vt 0.969809 0.175727
vt 0.969804 0.178853
vt 0.950438 0.178216
vt 0.880950 0.786674
vt 0.883297 0.788122
vt 0.981897 0.182469
vt 0.981013 0.185018
vt 0.112740 0.856407
vt 0.119741 0.856052
vt 0.888524 0.812264
vt 0.117198 0.813293
vt 0.123213 0.812717
vt 0.156030 0.551686
vt 0.151672 0.551922
vt 0.481919 0.759143
vt 0.478523 0.759159
vt 0.680060 0.388482
vt 0.968341 0.361985
vt 0.974709 0.361910
vt 0.974997 0.371490
vt 0.969746 0.370262
vt 0.876772 0.467241
vt 0.882143 0.466560
vt 0.885338 0.476117
vt 0.881870 0.478181
vt 0.891944 0.463426
vt 0.892422 0.476940
vt 0.876202 0.433769
vt 0.881281 0.431595
vt 0.881001 0.449337
vt 0.875327 0.450990
vt 0.890683 0.428619
vt 0.891313 0.446022
vt 0.879035 0.409549
vt 0.883197 0.407044
vt 0.889747 0.404979
vt 0.878605 0.380776
vt 0.882636 0.380026
vt 0.888777 0.378092
vt 0.120771 0.730932
vt 0.122097 0.758582
vt 0.882982 0.352212
vt 0.887755 0.350710
vt 0.892500 0.349205
vt 0.879335 0.331544
vt 0.883190 0.330032
vt 0.879823 0.353850
vt 0.886792 0.329018
vt 0.890384 0.328003
vt 0.887321 0.482747
vt 0.892676 0.482378
vt 0.409057 0.288419
vt 0.409454 0.282754
vt 0.981268 0.359594
vt 0.974620 0.359278
vt 0.968187 0.359462
vt 0.969960 0.166992
vt 0.982182 0.174341
vt 0.950594 0.166895
vt 0.041009 0.709960
vt 0.199944 0.482485
vt 0.199837 0.494605
vt 0.200017 0.461383
vt 0.501796 0.065039
vt 0.497703 0.074805
vt 0.475326 0.886287
vt 0.487353 0.088455
vt 0.481917 0.104956
vt 0.924070 0.391294
vt 0.923063 0.374391
vt 0.474922 0.137081
vt 0.921178 0.423750
vt 0.757894 0.595729
vt 0.756999 0.627975
vt 0.504547 0.038408
vt 0.506133 0.048074
vt 0.921135 0.463185
vt 0.108831 0.867534
vt 0.199837 0.437154
vt 0.975052 0.636404
vt 0.956782 0.636220
vt 0.945734 0.277973
vt 0.988177 0.636464
vt 0.938056 0.278003
vt 0.967940 0.856200
vt 0.968514 0.863702
vt 0.950140 0.866305
vt 0.949505 0.859922
vt 0.966849 0.845283
vt 0.949738 0.849127
vt 0.966650 0.839489
vt 0.950150 0.840162
vt 0.626759 0.787937
vt 0.319586 0.748121
vt 0.314137 0.745411
vt 0.314761 0.757043
vt 0.310586 0.754330
vt 0.743886 0.958278
vt 0.725669 0.956337
vt 0.232951 0.965428
vt 0.223666 0.965858
vt 0.440217 0.177410
vt 0.056712 0.875295
vt 0.062776 0.888621
vt 0.054051 0.881053
vt 0.054640 0.215326
vt 0.031187 0.201877
vt 0.049692 0.180067
vt 0.077372 0.203513
vt 0.075974 0.239814
vt 0.507709 0.328888
vt 0.525265 0.349687
vt 0.503277 0.350770
vt 0.486508 0.328050
vt 0.482691 0.445065
vt 0.487073 0.443573
vt 0.496612 0.385051
vt 0.513502 0.421419
vt 0.521377 0.380269
vt 0.537701 0.420228
vt 0.188427 0.179901
vt 0.160875 0.248021
vt 0.164833 0.215208
vt 0.186888 0.219850
vt 0.163671 0.175420
vt 0.301284 0.666412
vt 0.304538 0.682827
vt 0.299781 0.682656
vt 0.321545 0.669411
vt 0.322944 0.696755
vt 0.305999 0.690195
vt 0.103641 0.260141
vt 0.135617 0.242857
vt 0.131643 0.269486
vt 0.104985 0.226530
vt 0.104796 0.231240
vt 0.098961 0.229288
vt 0.116134 0.232472
vt 0.137134 0.203525
vt 0.136253 0.226355
vt 0.125305 0.231506
vt 0.142420 0.220273
vt 0.145084 0.212010
vt 0.144119 0.205783
vt 0.139936 0.200025
vt 0.083722 0.208806
vt 0.085405 0.218312
vt 0.091837 0.225618
vt 0.106687 0.180778
vt 0.106341 0.190071
vt 0.103196 0.190402
vt 0.092997 0.194782
vt 0.086036 0.201624
vt 0.116936 0.189152
vt 0.135543 0.181767
vt 0.136651 0.196288
vt 0.126814 0.191214
vt 0.136314 0.160600
vt 0.313325 0.640953
vt 0.336864 0.641765
vt 0.296342 0.631489
vt 0.301495 0.608569
vt 0.304632 0.640341
vt 0.327670 0.609968
vt 0.072033 0.265367
vt 0.314360 0.580167
vt 0.336864 0.583675
vt 0.047430 0.238803
vt 0.076061 0.160777
vt 0.091049 0.180234
vt 0.076890 0.136787
vt 0.083506 0.145467
vt 0.092101 0.150770
vt 0.049203 0.159468
vt 0.054677 0.159825
vt 0.052196 0.154041
vt 0.049900 0.135840
vt 0.025234 0.158978
vt 0.009887 0.180728
vt 0.217243 0.376342
vt 0.237979 0.351880
vt 0.236898 0.377026
vt 0.257444 0.375566
vt 0.252287 0.383215
vt 0.293628 0.556310
vt 0.291834 0.581035
vt 0.292510 0.571836
vt 0.262439 0.333525
vt 0.243662 0.312442
vt 0.274619 0.296729
vt 0.252515 0.282972
vt 0.324412 0.556677
vt 0.222613 0.335504
vt 0.022744 0.223617
vt 0.482128 0.397774
vt 0.483050 0.362756
vt 0.291141 0.688018
vt 0.284665 0.692171
vt 0.289609 0.608907
vt 0.291449 0.585978
vt 0.274533 0.303620
vt 0.274295 0.328722
vt 0.268239 0.366189
vt 0.483196 0.354635
vt 0.483632 0.338424
vt 0.487263 0.402078
vt 0.281049 0.702826
vt 0.774749 0.379358
vt 0.768403 0.434251
vt 0.772857 0.411112
vt 0.755325 0.458594
vt 0.740568 0.405330
vt 0.928016 0.356210
vt 0.757929 0.376193
vt 0.114110 0.713206
vt 0.044647 0.879388
vt 0.217706 0.856443
vt 0.217714 0.850979
vt 0.223356 0.852808
vt 0.223069 0.856393
vt 0.217243 0.861915
vt 0.223844 0.859963
vt 0.117165 0.710855
vt 0.655427 0.290278
vt 0.664946 0.276947
vt 0.809269 0.556614
vt 0.809269 0.542765
vt 0.818412 0.549338
vt 0.628531 0.281045
vt 0.620815 0.292866
vt 0.614277 0.278396
vt 0.767624 0.292445
vt 0.756145 0.282918
vt 0.636356 0.293128
vt 0.585503 0.276411
vt 0.576848 0.282081
vt 0.573147 0.268874
vt 0.585503 0.304343
vt 0.576848 0.298499
vt 0.588724 0.290357
vt 0.627227 0.306759
vt 0.615522 0.314505
vt 0.613000 0.304235
vt 0.768668 0.305548
vt 0.639439 0.304681
vt 0.603844 0.291871
vt 0.601877 0.305400
vt 0.756145 0.299093
vt 0.639422 0.278819
vt 0.601877 0.279616
vt 0.652592 0.303878
vt 0.625777 0.269714
vt 0.652592 0.277329
vt 0.610110 0.268874
vt 0.969746 0.332756
vt 0.974997 0.331355
vt 0.014467 0.717303
vt 0.514384 0.774005
vt 0.850880 0.792940
vt 0.511495 0.759964
vt 0.470311 0.773101
vt 0.886955 0.798081
vt 0.475296 0.759221
vt 0.890544 0.792594
vt 0.344555 0.138633
vt 0.954224 0.734633
vt 0.980615 0.733755
vt 0.981223 0.757411
vt 0.975956 0.757736
vt 0.978329 0.751968
vt 0.387299 0.385828
vt 0.388328 0.385790
vt 0.388328 0.413509
vt 0.387299 0.413548
vt 0.755910 0.749891
vt 0.756874 0.749763
vt 0.350017 0.701524
vt 0.350985 0.701429
vt 0.389013 0.282782
vt 0.389978 0.282841
vt 0.370239 0.118953
vt 0.370239 0.156620
s 1
usemtl MainFur
f 276/1/276 273/2/273 5/3/5 56/4/56
f 64/5/64 9/6/9 6/7/6 58/8/58
f 158/9/158 157/10/157 7/11/7 60/12/60
f 60/12/60 7/11/7 8/13/8 62/14/62
f 62/14/62 8/13/8 9/6/9 64/5/64
f 936/15/918 15/16/15 16/17/16 935/18/917
f 937/19/919 14/20/14 15/16/15 936/15/918
f 937/19/919 954/21/936 24/22/24 142/23/142 14/20/14
f 935/18/917 16/17/16 13/24/13 934/25/916
f 1207/26/1189 274/27/274 12/28/12 931/29/913
f 56/30/56 5/31/5 17/32/17 66/33/66
f 66/33/66 17/32/17 19/34/19 68/35/68
f 68/35/68 19/34/19 21/36/21 70/37/70
f 926/38/908 10/39/10 145/40/145 1298/41/1280
f 70/37/70 21/36/21 334/45/334 333/46/333
f 34/47/34 46/48/46 47/49/47 28/50/28
f 28/50/28 47/49/47 52/55/52 32/56/32
f 25/57/25 51/58/51 46/48/46 34/47/34
f 45/68/45 40/69/40 27/70/27 31/71/31
f 76/72/76 44/73/44 51/74/51 78/75/78
f 39/76/39 44/73/44 334/45/334 33/77/33
f 40/78/40 39/79/39 33/80/33 27/81/27
f 52/55/52 47/49/47 40/69/40 45/68/45
f 46/48/46 51/58/51 44/83/44 39/84/39
f 78/85/78 51/58/51 25/57/25 74/86/74
f 47/49/47 46/48/46 39/84/39 40/69/40
f 50/87/50 79/88/79 26/89/26
f 79/88/79 78/85/78 74/86/74 75/90/75
f 43/91/43 77/92/77 79/88/79 50/87/50
f 77/92/77 76/93/76 78/85/78 79/88/79
f 22/94/22 71/95/71 336/96/336 335/97/335
f 71/98/71 70/37/70 333/46/333 336/99/336
f 10/39/10 55/100/55 144/101/144 145/40/145
f 20/102/20 69/103/69 71/95/71 22/94/22
f 69/103/69 68/104/68 70/105/70 71/95/71
f 18/106/18 67/107/67 69/103/69 20/102/20
f 67/107/67 66/108/66 68/104/68 69/103/69
f 12/109/12 57/110/57 67/107/67 18/106/18
f 57/111/57 56/30/56 66/33/66 67/112/67
f 15/16/15 63/113/63 65/114/65 16/17/16
f 63/113/63 62/14/62 64/5/64 65/114/65
f 14/20/14 61/115/61 63/113/63 15/16/15
f 61/115/61 60/12/60 62/14/62 63/113/63
f 24/22/24 73/116/73 143/117/143 142/23/142
f 73/116/73 72/118/72 143/117/143
f 16/17/16 65/114/65 59/119/59 13/24/13
f 65/114/65 64/5/64 58/8/58 59/119/59
f 274/27/274 275/120/275 57/121/57 12/28/12
f 275/120/275 276/1/276 56/4/56 57/121/57
f 26/89/26 79/88/79 75/90/75
f 328/130/328 327/131/327 85/132/85 87/133/87
f 325/134/325 326/135/326 86/136/86 84/137/84
f 327/131/327 331/138/331 322/139/322 85/132/85
f 103/149/103 104/150/104 100/151/100 99/152/99
f 102/153/102 101/154/101 97/155/97 98/156/98
f 106/157/106 105/158/105 101/154/101 102/153/102
f 107/159/107 108/160/108 104/150/104 103/149/103
f 54/161/54 53/162/53 107/159/107 339/163/339 105/158/105
f 53/162/53 11/164/11 108/160/108 107/159/107
f 1/165/1 54/161/54 105/158/105 106/157/106
f 115/166/115 3/167/3 109/168/109 116/169/116
f 116/169/116 109/168/109 111/170/111 117/171/117
f 117/171/117 111/170/111 123/172/123 122/173/122 118/174/118
f 112/175/112 117/171/117 118/174/118 114/176/114
f 110/177/110 116/169/116 117/171/117 112/175/112
f 4/178/4 115/166/115 116/169/116 110/177/110
f 114/176/114 118/174/118 120/179/120 119/180/119
f 119/180/119 120/179/120 121/181/121
f 122/173/122 123/172/123 113/182/113
f 178/183/178 138/184/138 125/185/125
f 380/186/377 377/187/374 126/188/126 160/189/160
f 160/189/160 126/188/126 127/190/127 163/191/163
f 163/192/163 127/193/127 128/194/128 166/195/166
f 166/195/166 128/194/128 129/196/129 169/197/169
f 175/198/175 136/199/136 130/200/130 172/201/172
f 169/197/169 129/196/129 136/199/136 175/198/175
f 172/201/172 130/200/130 138/184/138 178/183/178
f 106/157/106 102/153/102 151/211/151 150/212/150
f 102/153/102 98/156/98 152/213/152 151/211/151
f 1/165/1 106/157/106 150/212/150 146/214/146
f 151/211/151 152/213/152 154/215/154 153/216/153
f 146/214/146 150/212/150 149/217/149
f 150/212/150 151/211/151 153/216/153 149/217/149
f 149/217/149 153/216/153 148/218/148
f 153/216/153 154/215/154 148/218/148
f 223/219/223 181/220/181 134/221/134 133/222/133
f 181/220/181 182/223/182 135/224/135 134/221/134
f 224/225/224 183/226/183 109/168/109 3/167/3
f 225/227/225 184/228/184 4/229/4 110/230/110
f 226/231/226 185/232/185 43/91/43 50/87/50
f 183/226/183 187/237/187 111/170/111 109/168/109
f 228/238/228 188/239/188 136/240/136 129/241/129
f 229/242/229 225/227/225 110/230/110 112/243/112
f 230/244/230 189/245/189 137/246/137 131/247/131
f 231/248/231 190/249/190 74/250/74 25/251/25
f 232/252/232 191/253/191 113/254/113 123/255/123
f 330/256/330 192/257/192 86/258/86 326/259/326
f 234/260/234 193/261/193 138/262/138 130/263/130
f 190/249/190 194/264/194 75/265/75 74/250/74
f 235/266/235 229/242/229 112/243/112 114/267/114
f 240/288/240 200/289/200 17/32/17 5/31/5
f 241/290/241 226/231/226 50/87/50 26/89/26
f 931/29/913 1141/291/1123 943/292/925
f 200/289/200 202/295/202 19/34/19 17/32/17
f 243/296/243 203/297/203 118/298/118 122/299/122
f 244/300/244 242/301/242 18/106/18 20/102/20
f 202/295/202 204/302/204 21/36/21 19/34/19
f 245/303/245 205/304/205 146/305/146 149/306/149
f 246/309/246 244/300/244 20/102/20 22/94/22
f 247/310/247 207/311/207 148/312/148 147/313/147
f 207/314/207 245/303/245 149/306/149 148/315/148
f 248/316/248 247/317/247 147/318/147 154/319/154
f 205/304/205 208/320/208 1/321/1 146/305/146
f 194/322/194 241/290/241 26/89/26 75/90/75
f 277/323/277 240/324/240 5/3/5 273/2/273
f 250/325/250 209/326/209 152/327/152 98/328/98
f 185/232/185 337/329/337 335/97/335 43/91/43
f 251/330/251 249/331/249 6/332/6 9/333/9
f 203/334/203 210/335/210 120/336/120 118/337/118
f 329/338/329 250/325/250 98/328/98 328/339/328
f 252/340/252 235/341/235 114/176/114 119/180/119
f 253/342/253 211/343/211 27/81/27 33/80/33
f 254/344/254 252/340/252 119/180/119 121/181/121
f 255/345/255 233/346/233 100/347/100 104/348/104
f 256/349/256 231/248/231 25/251/25 34/350/34
f 210/335/210 254/351/254 121/352/121 120/336/120
f 191/353/191 243/296/243 122/299/122 113/354/113
f 209/355/209 248/316/248 154/319/154 152/356/152
f 187/237/187 232/360/232 123/172/123 111/170/111
f 258/361/258 213/362/213 28/363/28 32/364/32
f 211/343/211 214/365/214 31/366/31 27/81/27
f 260/367/260 215/368/215 8/369/8 7/370/7
f 215/368/215 251/330/251 9/333/9 8/369/8
f 382/376/379 260/367/260 7/370/7 376/377/373
f 262/378/262 255/345/255 104/348/104 108/379/108
f 204/302/204 253/380/253 33/77/33 21/36/21
f 381/381/378 216/382/216 126/188/126 377/187/374
f 216/382/216 217/383/217 127/190/127 126/188/126
f 217/383/217 218/384/218 128/385/128 127/190/127
f 218/384/218 228/238/228 129/241/129 128/385/128
f 188/239/188 234/260/234 130/263/130 136/240/136
f 196/273/196 230/244/230 131/247/131 139/394/139
f 189/245/189 222/396/222 132/397/132 137/246/137
f 220/398/220 262/378/262 108/379/108 11/399/11
f 222/396/222 223/219/223 133/222/133 132/397/132
f 148/218/148 154/215/154 147/402/147
f 131/409/131 174/410/174 180/411/180 139/412/139
f 174/410/174 173/413/173 179/414/179 180/411/180
f 173/413/173 172/201/172 178/183/178 179/414/179
f 132/415/132 171/416/171 177/417/177 137/418/137
f 171/416/171 170/419/170 176/420/176 177/417/177
f 170/419/170 169/197/169 175/198/175 176/420/176
f 137/418/137 177/417/177 174/410/174 131/409/131
f 177/417/177 176/420/176 173/413/173 174/410/174
f 176/420/176 175/198/175 172/201/172 173/413/173
f 133/421/133 168/422/168 171/416/171 132/415/132
f 168/422/168 167/423/167 170/419/170 171/416/171
f 167/423/167 166/195/166 169/197/169 170/419/170
f 134/424/134 165/425/165 168/422/168 133/421/133
f 165/425/165 164/426/164 167/423/167 168/422/168
f 164/426/164 163/192/163 166/195/166 167/423/167
f 135/224/135 162/427/162 165/428/165 134/221/134
f 162/429/162 161/430/161 164/426/164 165/425/165
f 161/430/161 160/431/160 163/192/163 164/426/164
f 376/432/373 378/433/375 162/427/162 135/224/135
f 378/434/375 379/435/376 161/430/161 162/429/162
f 379/435/376 380/436/377 160/431/160 161/430/161
f 139/394/139 180/437/180 124/438/124
f 180/411/180 179/414/179 159/439/159 124/440/124
f 179/414/179 178/183/178 125/185/125 159/439/159
f 72/118/72 155/441/155 158/9/158
f 158/9/158 155/441/155 156/442/156
f 158/9/158 156/442/156 157/10/157
f 651/443/647 570/444/567 237/407/237 264/404/264
f 612/445/608 651/443/647 264/404/264 259/403/259
f 624/446/620 541/447/538 223/219/223 222/396/222
f 622/450/618 616/451/612 262/378/262 220/398/220
f 555/452/552 624/446/620 222/396/222 189/245/189
f 569/455/566 556/456/553 230/244/230 196/273/196
f 552/459/549 564/460/561 234/260/234 188/239/188
f 619/464/615 553/465/550 228/238/228 218/384/218
f 618/468/614 619/464/615 218/384/218 217/383/217
f 617/469/613 618/468/614 217/383/217 216/382/216
f 854/472/846 617/469/613 216/382/216 381/381/378
f 587/473/584 603/474/600 253/342/253 204/475/204
f 616/451/612 605/476/602 255/345/255 262/378/262
f 855/477/847 614/478/610 260/367/260 382/376/379
f 613/479/609 599/480/596 251/330/251 215/368/215
f 563/481/560 612/482/608 259/374/259 193/261/193
f 614/478/610 613/479/609 215/368/215 260/367/260
f 602/484/599 611/453/607 214/365/214 211/343/211
f 610/483/606 609/470/603 213/362/213 258/361/258
f 551/485/548 560/486/557 232/252/232 187/487/187
f 597/488/594 594/489/591 248/316/248 209/355/209
f 559/490/556 585/491/582 243/296/243 191/353/191
f 600/492/597 604/493/601 254/351/254 210/335/210
f 606/471/603 558/494/555 231/248/231 256/349/256
f 605/476/602 562/495/559 233/346/233 255/345/255
f 604/496/601 601/497/598 252/498/252 254/499/254
f 603/474/600 602/484/599 211/343/211 253/342/253
f 601/497/598 566/500/563 235/501/235 252/498/252
f 812/502/808 598/503/595 250/325/250 329/338/329
f 584/504/581 600/492/597 210/335/210 203/334/203
f 599/480/596 596/505/593 249/331/249 251/330/251
f 547/506/544 822/507/818 337/329/337 185/232/185
f 598/503/595 597/508/594 209/326/209 250/325/250
f 749/509/745 578/510/575 240/324/240 277/323/277
f 565/511/562 579/512/576 241/513/241 194/264/194
f 588/514/585 595/515/592 208/320/208 205/304/205
f 594/489/591 593/516/590 247/317/247 248/316/248
f 592/517/589 589/518/586 245/303/245 207/314/207
f 593/521/590 592/522/589 207/311/207 247/310/247
f 591/523/588 586/524/583 244/300/244 246/309/246
f 589/518/586 588/514/585 205/304/205 245/303/245
f 583/526/580 587/527/584 204/302/204 202/295/202
f 586/524/583 581/528/578 242/301/242 244/300/244
f 585/491/582 584/531/581 203/297/203 243/296/243
f 577/532/574 583/526/580 202/295/202 200/289/200
f 1550/534/1528 1141/291/1123 12/28/12 580/535/577
f 579/536/576 548/537/545 226/231/226 241/290/241
f 578/538/575 577/532/574 200/289/200 240/288/240
f 570/548/567 569/455/566 196/273/196 237/272/237
f 566/550/563 554/551/551 229/242/229 235/266/235
f 557/552/554 565/511/562 194/264/194 190/249/190
f 564/460/561 563/481/560 193/261/193 234/260/234
f 813/553/809 561/533/558 192/257/192 330/256/330
f 560/486/557 559/554/556 191/253/191 232/252/232
f 558/494/555 557/552/554 190/249/190 231/248/231
f 556/456/553 555/452/552 189/245/189 230/244/230
f 554/551/551 546/555/543 225/227/225 229/242/229
f 553/465/550 552/459/549 188/239/188 228/238/228
f 543/556/540 551/485/548 187/487/187 183/557/183
f 548/537/545 547/506/544 185/232/185 226/231/226
f 546/555/543 545/559/542 184/228/184 225/227/225
f 544/560/541 543/556/540 183/557/183 224/561/224
f 540/562/537 542/563/539 182/223/182 181/220/181
f 541/447/538 540/562/537 181/220/181 223/219/223
f 14/20/14 142/23/142 143/117/143 61/115/61
f 60/12/60 61/115/61 143/117/143 158/9/158
f 596/578/593 749/509/745 277/323/277 249/579/249
f 249/579/249 277/323/277 273/2/273 6/580/6
f 59/581/59 58/582/58 276/1/276 275/120/275
f 13/583/13 59/581/59 275/120/275 274/27/274
f 934/584/916 13/583/13 274/27/274 1207/26/1189
f 58/582/58 6/580/6 273/2/273 276/1/276
f 158/9/158 143/117/143 72/118/72
f 155/585/155 72/586/72 23/587/23
f 278/588/278 281/589/281 284/590/284
f 278/588/278 284/590/284 287/591/287
f 278/588/278 287/591/287 288/592/288
f 279/593/279 293/594/293 296/595/296
f 294/596/294 279/593/279 296/595/296
f 11/597/11 53/598/53 1236/599/1218 1215/600/1197
f 295/601/295 297/602/297 54/603/54
f 296/604/296 298/605/298 295/601/295
f 54/603/54 297/602/297 1236/599/1218
f 297/602/297 1235/606/1217 1236/599/1218
f 295/601/295 298/605/298 297/602/297
f 298/605/298 299/607/299 297/602/297
f 297/602/297 299/607/299 1235/606/1217
f 299/608/299 1234/609/1216 1235/610/1217
f 296/595/296 293/594/293 298/611/298
f 293/612/293 292/613/292 298/614/298
f 298/614/298 292/613/292 299/608/299
f 292/613/292 291/615/291 299/608/299
f 299/608/299 291/615/291 1234/609/1216
f 291/615/291 1214/616/1196 1234/609/1216
f 115/617/115 338/618/338 3/619/3
f 290/620/290 293/594/293 279/593/279
f 289/621/289 300/622/300 290/623/290
f 290/623/290 300/622/300 293/612/293
f 300/622/300 292/613/292 293/612/293
f 289/621/289 359/625/359 357/627/357 300/622/300
f 300/622/300 363/633/363 374/635/372 375/636/372 360/637/360 292/613/292
f 288/592/288 287/591/287 365/640/365 368/641/368 369/642/368 361/626/361
f 287/591/287 286/643/286 362/644/362 371/645/370 372/646/371 373/647/371 365/640/365
f 286/643/286 354/659/354 366/660/366 367/661/367 358/652/358
f 285/662/285 1214/616/1196 291/615/291
f 115/617/115 290/620/290 338/618/338
f 115/617/115 303/663/303 290/620/290
f 303/663/303 289/664/289 290/620/290
f 184/665/184 304/666/304 4/667/4
f 304/666/304 305/668/305 303/663/303
f 303/663/303 305/668/305 289/664/289
f 305/669/305 288/592/288 289/621/289
f 304/666/304 283/670/283 305/668/305
f 283/671/283 282/672/282 305/673/305
f 305/669/305 282/674/282 288/592/288
f 282/674/282 278/588/278 288/592/288
f 285/662/285 1264/675/1246 1214/616/1196
f 287/591/287 306/676/306 353/677/353 286/643/286
f 306/676/306 384/679/381 356/680/356 355/681/355
f 287/591/287 284/590/284 306/676/306
f 284/590/284 385/682/382 386/683/383 306/676/306
f 306/676/306 383/684/380 384/679/381
f 284/590/284 307/685/307 385/682/382
f 1220/686/1202 307/685/307 1263/687/1245
f 307/688/307 1249/689/1231 1263/690/1245
f 284/590/284 281/589/281 307/685/307
f 281/691/281 280/692/280 307/688/307
f 307/688/307 280/692/280 352/693/352
f 280/692/280 55/694/55 10/695/10 352/693/352
f 308/696/308 283/671/283 315/697/315 314/698/314
f 309/699/309 310/700/310 308/696/308
f 308/696/308 310/700/310 283/671/283
f 310/700/310 282/672/282 283/671/283
f 55/694/55 280/692/280 309/699/309
f 309/699/309 280/692/280 310/700/310
f 280/692/280 281/691/281 310/700/310
f 310/700/310 281/691/281 282/672/282
f 281/589/281 278/588/278 282/674/282
f 208/701/208 312/702/312 295/601/295
f 224/703/224 294/596/294 544/704/541
f 313/705/313 318/706/318 304/666/304
f 4/667/4 303/663/303 115/617/115
f 317/707/317 316/708/316 309/699/309 308/696/308
f 2/709/2 55/694/55 309/699/309
f 319/710/319 311/711/311 294/596/294 296/595/296
f 220/712/220 11/597/11 1215/600/1197
f 1/713/1 208/701/208 295/601/295 54/603/54
f 312/702/312 319/714/319 296/604/296 295/601/295
f 184/665/184 313/705/313 304/666/304
f 318/706/318 315/715/315 283/670/283 304/666/304
f 311/711/311 544/704/541 294/596/294
f 316/708/316 2/709/2 309/699/309
f 311/711/311 319/710/319 802/716/798 793/717/789
f 318/706/318 313/705/313 796/718/792 801/719/797
f 2/709/2 316/708/316 799/720/795 573/721/570
f 220/712/220 1215/600/1197 1761/722/1737 622/723/618
f 314/698/314 315/697/315 798/724/794 797/725/793
f 1732/726/1708 441/727/438 440/728/437
f 319/714/319 312/702/312 795/729/791 802/730/798
f 317/707/317 308/696/308 794/731/790 800/732/796
f 313/705/313 184/665/184 545/733/542 796/718/792
f 308/696/308 314/698/314 797/725/793 794/731/790
f 315/715/315 318/706/318 801/719/797 798/734/794
f 316/708/316 317/707/317 800/732/796 799/720/795
f 312/702/312 208/701/208 595/735/592 795/729/791
f 544/704/541 311/711/311 793/717/789
f 10/695/10 926/736/908 1249/689/1231
f 107/159/107 103/149/103 340/737/340 339/163/339
f 341/738/341 339/739/339 351/740/351 350/741/350
f 332/742/332 323/743/323 99/152/99 325/134/325
f 321/748/321 332/742/332 325/134/325 84/137/84
f 323/749/323 332/750/332 347/751/347 344/752/344
f 562/495/559 813/553/809 330/256/330 233/346/233
f 567/549/564 812/502/808 329/338/329 195/269/195
f 195/269/195 329/338/329 328/339/328 87/270/87
f 233/346/233 330/256/330 326/259/326 100/347/100
f 97/155/97 324/753/324 331/138/331 327/131/327
f 99/152/99 100/151/100 326/135/326 325/134/325
f 98/156/98 97/155/97 327/131/327 328/130/328
f 335/97/335 336/96/336 77/92/77 43/91/43
f 335/97/335 337/329/337 246/309/246 22/94/22
f 336/99/336 333/46/333 76/72/76 77/754/77
f 337/329/337 822/507/818 591/523/588 246/309/246
f 333/46/333 334/45/334 44/73/44 76/72/76
f 33/77/33 334/45/334 21/36/21
f 3/619/3 338/618/338 279/593/279 224/703/224
f 4/667/4 304/666/304 303/663/303
f 103/149/103 99/152/99 323/743/323 340/737/340
f 339/163/339 341/755/341 101/154/101 105/158/105
f 340/756/340 323/749/323 344/752/344 349/757/349
f 341/755/341 324/753/324 97/155/97 101/154/101
f 331/772/331 324/773/324 345/774/345 346/775/346
f 339/776/339 340/756/340 349/757/349 351/777/351
f 332/750/332 321/744/321 342/747/342 347/751/347
f 324/773/324 341/738/341 350/741/350 345/774/345
f 322/759/322 331/772/331 346/775/346 343/760/343
f 352/693/352 10/695/10 1249/689/1231
f 352/693/352 1249/689/1231 307/688/307
f 1298/41/1280 145/40/145 24/22/24 954/21/936
f 355/681/355 353/677/353 306/676/306
f 360/637/360 364/639/364 291/615/291 292/613/292
f 289/621/289 288/592/288 361/626/361 359/625/359
f 357/627/357 370/634/369 300/622/300
f 364/639/364 366/660/366 354/659/354 285/662/285 291/615/291
f 358/652/358 362/644/362 286/643/286
f 300/622/300 370/634/369 363/633/363
f 542/563/539 855/785/847 382/786/379 182/223/182
f 576/787/573 854/472/846 381/381/378 199/788/199
f 156/789/156 155/790/155 380/791/377 379/792/376
f 157/793/157 156/789/156 379/792/376 378/794/375
f 7/370/7 157/793/157 378/794/375 376/377/373
f 199/788/199 381/381/378 377/187/374 23/587/23
f 182/223/182 382/786/379 376/432/373 135/224/135
f 155/585/155 23/587/23 377/187/374 380/186/377
f 224/703/224 279/593/279 294/596/294
f 338/618/338 290/620/290 279/593/279
f 386/795/383 385/796/382 923/797/905 924/798/906
f 383/799/380 387/800/384 925/801/907 921/802/903
f 748/803/744 443/804/440 392/805/389 745/806/741
f 451/807/448 445/808/442 393/809/390 396/810/393
f 628/811/624 447/812/444 394/813/391 627/814/623
f 447/812/444 449/815/446 395/816/392 394/813/391
f 449/815/446 451/807/448 396/810/393 395/816/392
f 1345/817/1324 1344/818/1323 403/819/400 402/820/399
f 1346/821/1325 1345/817/1324 402/820/399 401/822/398
f 1346/821/1325 401/822/398 529/823/526 411/824/408 1363/825/1342
f 1344/818/1323 1343/826/1322 400/827/397 403/819/400
f 1702/828/1678 1340/829/1319 399/830/396 746/831/742
f 443/832/440 453/833/450 404/834/401 392/835/389
f 453/833/450 455/836/452 406/837/403 404/834/401
f 455/836/452 457/838/454 408/839/405 406/837/403
f 457/838/454 818/843/814 819/844/815 408/839/405
f 421/845/418 415/846/412 434/847/431 433/848/430
f 415/846/412 419/853/416 439/854/436 434/847/431
f 412/855/409 421/845/418 433/848/430 438/856/435
f 432/868/429 418/869/415 414/870/411 427/871/424
f 463/872/460 465/873/462 438/874/435 431/875/428
f 426/876/423 420/877/417 819/844/815 431/875/428
f 427/871/424 414/870/411 420/878/417 426/879/423
f 439/854/436 432/868/429 427/871/424 434/847/431
f 433/848/430 426/879/423 431/883/428 438/856/435
f 465/884/462 461/885/458 412/855/409 438/856/435
f 434/847/431 427/871/424 426/879/423 433/848/430
f 437/886/434 413/887/410 466/888/463
f 466/888/463 462/889/459 461/885/458 465/884/462
f 430/890/427 437/886/434 466/888/463 464/891/461
f 464/891/461 466/888/463 465/884/462 463/892/460
f 409/893/406 820/894/816 821/895/817 458/896/455
f 458/897/455 821/898/817 818/843/814 457/838/454
f 407/899/404 409/893/406 458/896/455 456/900/453
f 456/900/453 458/896/455 457/901/454 455/902/452
f 405/903/402 407/899/404 456/900/453 454/904/451
f 454/904/451 456/900/453 455/902/452 453/905/450
f 399/906/396 405/903/402 454/904/451 444/907/441
f 444/908/441 454/909/451 453/833/450 443/832/440
f 402/820/399 403/819/400 452/910/449 450/911/447
f 450/911/447 452/910/449 451/807/448 449/815/446
f 401/822/398 402/820/399 450/911/447 448/912/445
f 448/912/445 450/911/447 449/815/446 447/812/444
f 411/824/408 529/823/526 530/913/527 460/914/457
f 460/914/457 530/913/527 459/915/456
f 403/819/400 400/827/397 446/916/443 452/910/449
f 452/910/449 446/916/443 445/808/442 451/807/448
f 746/831/742 399/830/396 444/917/441 747/918/743
f 747/918/743 444/917/441 443/804/440 748/803/744
f 413/887/410 462/889/459 466/888/463
f 811/927/807 474/928/471 472/929/469 810/930/806
f 808/931/804 471/932/468 473/933/470 809/934/805
f 810/930/806 472/929/469 805/935/801 816/936/812
f 490/946/487 486/947/483 487/948/484 491/949/488
f 489/950/486 485/951/482 484/952/481 488/953/485
f 493/954/490 489/950/486 488/953/485 492/955/489
f 494/956/491 490/946/487 491/949/488 495/957/492
f 441/958/438 492/955/489 825/959/821 494/956/491 440/960/437
f 440/960/437 494/956/491 495/957/492 398/961/395
f 388/962/385 493/954/490 492/955/489 441/958/438
f 502/963/499 503/964/500 496/965/493 390/966/387
f 503/964/500 504/967/501 498/968/495 496/965/493
f 504/967/501 505/969/502 509/970/506 510/971/507 498/968/495
f 499/972/496 501/973/498 505/969/502 504/967/501
f 497/974/494 499/972/496 504/967/501 503/964/500
f 391/975/388 497/974/494 503/964/500 502/963/499
f 501/973/498 506/976/503 507/977/504 505/969/502
f 506/976/503 508/978/505 507/977/504
f 509/970/506 500/979/497 510/971/507
f 648/980/644 512/981/509 525/982/522
f 858/983/850 630/984/626 513/985/510 853/986/845
f 630/984/626 633/987/629 514/988/511 513/985/510
f 633/989/629 636/990/632 515/991/512 514/992/511
f 636/990/632 639/993/635 516/994/513 515/991/512
f 645/995/641 642/996/638 517/997/514 523/998/520
f 639/993/635 645/995/641 523/998/520 516/994/513
f 642/996/638 648/980/644 525/982/522 517/997/514
f 493/954/490 535/1008/532 536/1009/533 489/950/486
f 489/950/486 536/1009/533 537/1010/534 485/951/482
f 388/962/385 531/1011/528 535/1008/532 493/954/490
f 536/1009/533 538/1012/535 539/1013/536 537/1010/534
f 531/1011/528 534/1014/531 535/1008/532
f 535/1008/532 534/1014/531 538/1012/535 536/1009/533
f 534/1014/531 533/1015/530 538/1012/535
f 538/1012/535 533/1015/530 539/1013/536
f 695/1016/691 520/1017/517 521/1018/518 652/1019/648
f 652/1019/648 521/1018/518 522/1020/519 653/1021/649
f 696/1022/692 390/1023/387 496/1024/493 654/1025/650
f 697/1026/693 497/1027/494 391/1028/388 655/1029/651
f 698/1030/694 437/886/434 430/890/427 656/1031/652
f 654/1036/650 496/965/493 498/968/495 658/1037/654
f 700/1038/696 516/1039/513 523/1040/520 659/1041/655
f 701/1042/697 499/972/496 497/974/494 697/1043/693
f 702/1044/698 518/1045/515 524/1046/521 660/1047/656
f 703/1048/699 412/1049/409 461/1050/458 661/1051/657
f 704/1052/700 510/1053/507 500/1054/497 662/1055/658
f 815/1056/811 809/1057/805 473/1058/470 663/1059/659
f 706/1060/702 517/1061/514 525/1062/522 664/1063/660
f 661/1051/657 461/1050/458 462/1064/459 665/1065/661
f 707/1066/703 501/973/498 499/972/496 701/1042/697
f 709/1071/705 511/1072/508 526/1073/523 667/1074/663
f 712/1088/708 392/835/389 404/834/401 671/1089/667
f 713/1090/709 413/887/410 437/886/434 698/1030/694
f 714/1091/710 405/903/402 399/906/396 672/1092/668
f 671/1089/667 404/834/401 406/837/403 674/1095/670
f 715/1096/711 509/1097/506 505/1098/502 675/1099/671
f 716/1100/712 407/899/404 405/903/402 714/1091/710
f 674/1095/670 406/837/403 408/839/405 676/1101/672
f 717/1102/713 534/1103/531 531/1104/528 677/1105/673
f 718/1108/714 409/893/406 407/899/404 716/1100/712
f 719/1109/715 532/1110/529 533/1111/530 679/1112/675
f 679/1113/675 533/1114/530 534/1103/531 717/1102/713
f 720/1115/716 539/1116/536 532/1117/529 719/1118/715
f 677/1105/673 531/1104/528 388/1119/385 680/1120/676
f 672/1121/668 399/830/396 1340/829/1319 1636/1122/1612
f 665/1123/661 462/889/459 413/887/410 713/1090/709
f 750/1124/746 745/806/741 392/805/389 712/1125/708
f 722/1126/718 485/1127/482 537/1128/534 681/1129/677
f 656/1031/652 430/890/427 820/894/816 823/1130/819
f 723/1131/719 396/1132/393 393/1133/390 721/1134/717
f 675/1135/671 505/1136/502 507/1137/504 682/1138/678
f 814/1139/810 811/1140/807 485/1127/482 722/1126/718
f 724/1141/720 506/976/503 501/973/498 707/1066/703
f 725/1142/721 420/1143/417 414/1144/411 683/1145/679
f 726/1146/722 508/978/505 506/976/503 724/1141/720
f 727/1147/723 491/1148/488 487/1149/484 705/1150/701
f 728/1151/724 421/1152/418 412/1049/409 703/1048/699
f 682/1138/678 507/1137/504 508/1153/505 726/1154/722
f 662/1155/658 500/1156/497 509/1097/506 715/1096/711
f 681/1157/677 537/1158/534 539/1116/536 720/1115/716
f 658/1162/654 498/1163/495 510/1053/507 704/1052/700
f 730/1164/726 419/860/416 415/1165/412 685/1166/681
f 683/1145/679 414/1144/411 418/1167/415 686/1168/682
f 732/1169/728 394/1170/391 395/1171/392 687/1172/683
f 664/1063/660 525/1062/522 512/1176/509 731/1177/727
f 687/1172/683 395/1171/392 396/1132/393 723/1131/719
f 860/1178/852 852/1179/844 394/1170/391 732/1169/728
f 734/1180/730 495/1181/492 491/1148/488 727/1147/723
f 676/1101/672 408/839/405 420/877/417 725/1182/721
f 859/1183/851 853/986/845 513/985/510 688/1184/684
f 688/1184/684 513/985/510 514/988/511 689/1185/685
f 689/1185/685 514/988/511 515/1186/512 690/1187/686
f 690/1187/686 515/1186/512 516/1039/513 700/1038/696
f 659/1041/655 523/1040/520 517/1061/514 706/1060/702
f 667/1074/663 526/1073/523 518/1045/515 702/1044/698
f 660/1047/656 524/1046/521 519/1199/516 694/1200/690
f 692/1201/688 398/1202/395 495/1181/492 734/1180/730
f 694/1200/690 519/1199/516 520/1017/517 695/1016/691
f 533/1015/530 532/1203/529 539/1013/536
f 731/1204/727 512/1205/509 629/1206/625 736/1207/732
f 736/1207/732 629/1206/625 511/1208/508 709/1209/705
f 518/1210/515 526/1211/523 650/1212/646 644/1213/640
f 644/1213/640 650/1212/646 649/1214/645 643/1215/639
f 643/1215/639 649/1214/645 648/980/644 642/996/638
f 519/1216/516 524/1217/521 647/1218/643 641/1219/637
f 641/1219/637 647/1218/643 646/1220/642 640/1221/636
f 640/1221/636 646/1220/642 645/995/641 639/993/635
f 524/1217/521 518/1210/515 644/1213/640 647/1218/643
f 647/1218/643 644/1213/640 643/1215/639 646/1220/642
f 646/1220/642 643/1215/639 642/996/638 645/995/641
f 520/1222/517 519/1216/516 641/1219/637 638/1223/634
f 638/1223/634 641/1219/637 640/1221/636 637/1224/633
f 637/1224/633 640/1221/636 639/993/635 636/990/632
f 521/1225/518 520/1222/517 638/1223/634 635/1226/631
f 635/1226/631 638/1223/634 637/1224/633 634/1227/630
f 634/1227/630 637/1224/633 636/990/632 633/989/629
f 522/1020/519 521/1018/518 635/1228/631 632/1229/628
f 632/1230/628 635/1226/631 634/1227/630 631/1231/627
f 631/1231/627 634/1227/630 633/989/629 630/1232/626
f 852/1233/844 522/1234/519 632/1230/628 856/1235/848
f 856/1235/848 632/1230/628 631/1231/627 857/1236/849
f 857/1236/849 631/1231/627 630/1232/626 858/1237/850
f 526/1211/523 511/1238/508 650/1212/646
f 650/1212/646 511/1238/508 629/1239/625 649/1214/645
f 649/1214/645 629/1239/625 512/981/509 648/980/644
f 459/915/456 628/811/624 625/1240/621
f 628/811/624 626/1241/622 625/1240/621
f 628/811/624 627/814/623 626/1241/622
f 651/443/647 903/1242/885 904/1243/886 570/444/567
f 612/445/608 905/1244/887 903/1242/885 651/443/647
f 624/446/620 694/1200/690 695/1016/691 541/447/538
f 622/450/618 692/1201/688 734/1180/730 616/451/612
f 555/452/552 660/1047/656 694/1200/690 624/446/620
f 569/455/566 667/1074/663 702/1044/698 556/456/553
f 552/459/549 659/1041/655 706/1060/702 564/460/561
f 619/464/615 690/1187/686 700/1038/696 553/465/550
f 618/468/614 689/1185/685 690/1187/686 619/464/615
f 617/469/613 688/1184/684 689/1185/685 618/468/614
f 854/472/846 859/1183/851 688/1184/684 617/469/613
f 587/1248/584 676/1101/672 725/1182/721 603/1249/600
f 616/451/612 734/1180/730 727/1147/723 605/476/602
f 855/477/847 860/1178/852 732/1169/728 614/478/610
f 613/479/609 687/1172/683 723/1131/719 599/480/596
f 563/481/560 664/1063/660 905/1250/887 612/482/608
f 614/478/610 732/1169/728 687/1172/683 613/479/609
f 602/484/599 683/1145/679 686/1168/682 611/453/607
f 610/483/606 730/1164/726 685/1166/681 609/470/603
f 551/485/548 658/1162/654 704/1052/700 560/486/557
f 597/488/594 681/1157/677 720/1115/716 594/489/591
f 559/490/556 662/1155/658 715/1096/711 585/491/582
f 600/492/597 682/1138/678 726/1154/722 604/493/601
f 606/471/603 728/1151/724 703/1048/699 558/494/555
f 605/476/602 727/1147/723 705/1150/701 562/495/559
f 604/496/601 726/1251/722 724/1252/720 601/497/598
f 603/474/600 725/1142/721 683/1145/679 602/484/599
f 601/497/598 724/1252/720 707/1253/703 566/500/563
f 812/502/808 814/1139/810 722/1126/718 598/503/595
f 584/504/581 675/1135/671 682/1138/678 600/492/597
f 599/480/596 723/1131/719 721/1134/717 596/505/593
f 547/1254/544 656/1031/652 823/1130/819 822/1255/818
f 598/503/595 722/1126/718 681/1129/677 597/508/594
f 749/509/745 750/1124/746 712/1125/708 578/510/575
f 565/511/562 665/1065/661 713/1256/709 579/512/576
f 580/535/577 672/1121/668 1636/1122/1612 1550/534/1528
f 588/514/585 677/1105/673 680/1120/676 595/515/592
f 594/489/591 720/1115/716 719/1118/715 593/516/590
f 592/517/589 679/1113/675 717/1102/713 589/518/586
f 593/521/590 719/1109/715 679/1112/675 592/522/589
f 591/1257/588 718/1108/714 716/1100/712 586/1258/583
f 589/518/586 717/1102/713 677/1105/673 588/514/585
f 583/1259/580 674/1095/670 676/1101/672 587/1248/584
f 586/1258/583 716/1100/712 714/1091/710 581/1260/578
f 585/491/582 715/1096/711 675/1099/671 584/531/581
f 577/1261/574 671/1089/667 674/1095/670 583/1259/580
f 581/528/578 714/1262/710 672/1263/668 580/1264/577
f 579/1265/576 713/1090/709 698/1030/694 548/1266/545
f 578/1267/575 712/1088/708 671/1089/667 577/1261/574
f 570/548/567 904/1268/886 667/1074/663 569/455/566
f 566/550/563 707/1269/703 701/1270/697 554/551/551
f 557/552/554 661/1051/657 665/1065/661 565/511/562
f 564/460/561 706/1060/702 664/1063/660 563/481/560
f 813/553/809 815/1056/811 663/1059/659 561/533/558
f 560/486/557 704/1052/700 662/1055/658 559/554/556
f 558/494/555 703/1048/699 661/1051/657 557/552/554
f 556/456/553 702/1044/698 660/1047/656 555/452/552
f 554/551/551 701/1270/697 697/1026/693 546/555/543
f 553/465/550 700/1038/696 659/1041/655 552/459/549
f 543/556/540 654/1025/650 658/1162/654 551/485/548
f 548/1266/545 698/1030/694 656/1031/652 547/1254/544
f 546/555/543 697/1026/693 655/1029/651 545/559/542
f 544/560/541 696/1022/692 654/1025/650 543/556/540
f 540/562/537 652/1019/648 653/1021/649 542/563/539
f 541/447/538 695/1016/691 652/1019/648 540/562/537
f 401/822/398 448/912/445 530/913/527 529/823/526
f 447/812/444 628/811/624 530/913/527 448/912/445
f 596/578/593 721/1286/717 750/1124/746 749/509/745
f 721/1286/717 393/1287/390 745/806/741 750/1124/746
f 446/916/443 747/1288/743 748/1289/744 445/808/442
f 400/827/397 746/1290/742 747/1288/743 446/916/443
f 1343/826/1322 1702/1291/1678 746/1290/742 400/827/397
f 445/1292/442 748/803/744 745/806/741 393/1287/390
f 628/811/624 459/915/456 530/913/527
f 625/1293/621 410/1294/407 459/1295/456
f 751/1296/747 757/1297/753 754/1298/750
f 751/1296/747 760/1299/756 757/1297/753
f 751/1296/747 761/1300/757 760/1299/756
f 752/1301/748 769/1302/765 766/1303/762
f 767/1304/763 769/1302/765 752/1301/748
f 692/1305/688 1711/1306/1687 1732/726/1708 398/1307/395
f 768/1308/764 441/727/438 770/1309/766
f 769/1310/765 768/1308/764 771/1311/767
f 441/727/438 1732/726/1708 770/1309/766
f 770/1309/766 1732/726/1708 1731/1312/1707
f 768/1308/764 770/1309/766 771/1311/767
f 771/1311/767 770/1309/766 772/1313/768
f 770/1309/766 1731/1312/1707 772/1313/768
f 772/1314/768 1731/1315/1707 1730/1316/1706
f 769/1310/765 771/1311/767 766/1317/762
f 766/1318/762 771/1319/767 765/1320/761
f 771/1319/767 772/1314/768 765/1320/761
f 765/1320/761 772/1314/768 764/1321/760
f 772/1314/768 1730/1316/1706 764/1321/760
f 764/1321/760 1730/1316/1706 1710/1322/1686
f 502/1323/499 390/1324/387 824/1325/820
f 763/1326/759 752/1301/748 766/1303/762
f 762/1327/758 763/1328/759 773/1329/769
f 774/1330/770 837/1331/833 835/1332/831
f 763/1328/759 766/1318/762 773/1329/769
f 773/1329/769 766/1318/762 765/1320/761
f 762/1327/758 773/1329/769 833/1333/829 835/1332/831
f 774/1330/770 833/1333/829 846/1334/841 839/1335/835 775/1336/771
f 773/1329/769 765/1320/761 836/1337/832 851/1338/843 850/1339/843 839/1335/835
f 775/1336/771 836/1337/832 840/1340/836
f 761/1300/757 837/1331/833 845/1341/840 844/1342/840 841/1343/837 760/1299/756
f 760/1299/756 841/1343/837 849/1344/842 848/1345/842 847/1346/842 838/1347/834 759/1348/755
f 774/1330/770 775/1336/771 834/1349/830 838/1347/834
f 759/1348/755 834/1349/830 843/1350/839 842/1351/838 830/1352/826
f 775/1336/771 840/1340/836 842/1351/838
f 758/1353/754 764/1321/760 1710/1322/1686
f 502/1323/499 824/1325/820 763/1326/759
f 502/1323/499 763/1326/759 776/1354/772
f 776/1354/772 763/1326/759 762/1355/758
f 655/1356/651 391/1357/388 777/1358/773
f 777/1358/773 776/1354/772 778/1359/774
f 776/1354/772 762/1355/758 778/1359/774
f 778/1360/774 762/1327/758 761/1300/757
f 777/1358/773 778/1359/774 756/1361/752
f 756/1362/752 778/1360/774 755/1363/751
f 778/1360/774 761/1300/757 755/1363/751
f 755/1363/751 761/1300/757 751/1296/747
f 758/1353/754 1710/1322/1686 1760/1364/1736
f 760/1299/756 759/1348/755 829/1365/825 779/1366/775
f 758/1353/754 1760/1364/1736 1742/1367/1718
f 779/1366/775 831/1368/827 832/1369/828 862/1370/854
f 760/1299/756 779/1366/775 757/1297/753
f 757/1297/753 779/1366/775 861/1371/853 865/1372/856 864/1373/856 863/1374/855
f 779/1366/775 862/1370/854 861/1371/853
f 757/1297/753 863/1374/855 1716/1375/1692 780/1376/776
f 1716/1375/1692 1759/1377/1735 780/1376/776
f 780/1376/776 1759/1377/1735 1745/1378/1721
f 757/1297/753 780/1376/776 754/1298/750
f 754/1379/750 780/1380/776 753/1381/749
f 780/1380/776 828/1382/824 753/1381/749
f 753/1381/749 828/1382/824 397/1383/394 442/1384/439
f 781/1385/777 787/1386/783 788/1387/784 756/1388/752
f 782/1389/778 781/1385/777 783/1390/779
f 781/1385/777 756/1388/752 783/1390/779
f 783/1390/779 756/1388/752 755/1391/751
f 442/1384/439 782/1389/778 753/1381/749
f 782/1389/778 783/1390/779 753/1381/749
f 753/1381/749 783/1390/779 754/1379/750
f 783/1390/779 755/1391/751 754/1379/750
f 754/1298/750 755/1363/751 751/1296/747
f 680/1392/676 768/1308/764 785/1393/781
f 696/1394/692 544/704/541 767/1304/763
f 786/1395/782 777/1358/773 791/1396/787
f 391/1357/388 502/1323/499 776/1354/772
f 790/1397/786 781/1385/777 782/1389/778 789/1398/785
f 389/1399/386 782/1389/778 442/1384/439
f 792/1400/788 769/1302/765 767/1304/763 784/1401/780
f 440/728/437 398/1307/395 1732/726/1708
f 388/1402/385 441/727/438 768/1308/764 680/1392/676
f 785/1393/781 768/1308/764 769/1310/765 792/1403/788
f 655/1356/651 777/1358/773 786/1395/782
f 791/1396/787 777/1358/773 756/1361/752 788/1404/784
f 784/1401/780 767/1304/763 544/704/541
f 789/1398/785 782/1389/778 389/1399/386
f 784/1401/780 793/717/789 802/716/798 792/1400/788
f 791/1396/787 801/719/797 796/718/792 786/1395/782
f 389/1399/386 573/721/570 799/720/795 789/1398/785
f 692/1305/688 622/723/618 1761/722/1737 1711/1306/1687
f 787/1386/783 797/725/793 798/724/794 788/1387/784
f 792/1403/788 802/730/798 795/729/791 785/1393/781
f 790/1397/786 800/732/796 794/731/790 781/1385/777
f 786/1395/782 796/718/792 545/733/542 655/1356/651
f 781/1385/777 794/731/790 797/725/793 787/1386/783
f 788/1404/784 798/734/794 801/719/797 791/1396/787
f 789/1398/785 799/720/795 800/732/796 790/1397/786
f 785/1393/781 795/729/791 595/735/592 680/1392/676
f 544/704/541 793/717/789 784/1401/780
f 397/1383/394 1745/1405/1721 1335/1406/1314
f 494/956/491 825/959/821 826/1407/822 490/946/487
f 817/1408/813 808/931/804 486/947/483 806/1409/802
f 804/1410/800 471/932/468 808/931/804 817/1408/813
f 562/495/559 705/1150/701 815/1056/811 813/553/809
f 567/549/564 666/1070/662 814/1139/810 812/502/808
f 666/1070/662 474/1069/471 811/1140/807 814/1139/810
f 705/1150/701 487/1149/484 809/1057/805 815/1056/811
f 484/952/481 810/930/806 816/936/812 807/1411/803
f 486/947/483 808/931/804 809/934/805 487/948/484
f 485/951/482 811/927/807 810/930/806 484/952/481
f 820/894/816 430/890/427 464/891/461 821/895/817
f 820/894/816 409/893/406 718/1108/714 823/1130/819
f 821/898/817 464/1412/461 463/872/460 818/843/814
f 823/1130/819 718/1108/714 591/1257/588 822/1255/818
f 818/843/814 463/872/460 431/875/428 819/844/815
f 420/877/417 408/839/405 819/844/815
f 390/1324/387 696/1394/692 752/1301/748 824/1325/820
f 391/1357/388 776/1354/772 777/1358/773
f 490/946/487 826/1407/822 806/1409/802 486/947/483
f 825/959/821 492/955/489 488/953/485 827/1413/823
f 827/1413/823 488/953/485 484/952/481 807/1411/803
f 817/1408/813 816/936/812 805/935/801 804/1410/800
f 816/936/812 817/1408/813 806/1409/802 807/1411/803
f 807/1411/803 806/1409/802 826/1407/822 827/1413/823
f 825/959/821 827/1413/823 826/1407/822
f 828/1382/824 1745/1405/1721 397/1383/394
f 828/1382/824 780/1380/776 1745/1405/1721
f 759/1348/755 1742/1367/1718 831/1368/827 829/1365/825
f 831/1368/827 779/1366/775 829/1365/825
f 759/1348/755 758/1353/754 1742/1367/1718
f 831/1368/827 1742/1367/1718 1800/1416/1776
f 830/1352/826 758/1353/754 759/1348/755
f 831/1368/827 1800/1416/1776 832/1369/828
f 1800/1416/1776 1758/1417/1734 862/1370/854 832/1369/828
f 836/1337/832 765/1320/761 764/1321/760 840/1340/836
f 833/1333/829 774/1330/770 835/1332/831
f 834/1349/830 775/1336/771 842/1351/838 843/1350/839
f 762/1327/758 835/1332/831 837/1331/833 761/1300/757
f 837/1331/833 774/1330/770 841/1343/837 844/1342/840 845/1341/840
f 833/1333/829 773/1329/769 846/1334/841
f 840/1340/836 764/1321/760 758/1353/754 830/1352/826 842/1351/838
f 841/1343/837 774/1330/770 838/1347/834 847/1346/842 848/1345/842 849/1344/842
f 836/1337/832 775/1336/771 839/1335/835 850/1339/843 851/1338/843
f 834/1349/830 759/1348/755 838/1347/834
f 773/1329/769 839/1335/835 846/1334/841
f 542/563/539 653/1021/649 860/1418/852 855/785/847
f 576/787/573 670/1419/666 859/1183/851 854/472/846
f 626/1420/622 857/1421/849 858/1422/850 625/1423/621
f 627/1424/623 856/1425/848 857/1421/849 626/1420/622
f 394/1170/391 852/1179/844 856/1425/848 627/1424/623
f 670/1419/666 410/1294/407 853/986/845 859/1183/851
f 653/1021/649 522/1020/519 852/1426/844 860/1418/852
f 625/1293/621 858/983/850 853/986/845 410/1294/407
f 696/1394/692 767/1304/763 752/1301/748
f 824/1325/820 752/1301/748 763/1326/759
f 862/1370/854 1758/1417/1734 1716/1375/1692 861/1371/853
f 861/1371/853 1716/1375/1692 863/1374/855 864/1373/856 865/1372/856
f 1838/1431/1809 871/1432/862 870/1433/861
f 866/1434/857 871/1432/862 1848/1435/1819
f 1838/1431/1809 870/1433/861 1849/1436/1820
f 867/1437/858 872/1438/863 874/1439/865
f 1841/1440/1812 873/1441/864 876/1442/867
f 867/1437/858 874/1439/865 877/1443/868
f 868/1444/859 878/1445/869 880/1446/871
f 869/1447/860 879/1448/870 881/1449/872
f 1857/1450/1828 869/1451/860 881/1452/872
f 881/1453/872 880/1454/871 1844/1455/1815
f 881/1453/872 879/1456/870 880/1454/871
f 879/1448/870 868/1444/859 880/1446/871
f 880/1454/871 1860/1457/1831 1844/1455/1815
f 880/1454/871 878/1458/869 1860/1457/1831
f 876/1442/867 869/1451/860 1857/1450/1828
f 877/1443/868 879/1448/870 869/1447/860
f 877/1443/868 874/1439/865 879/1448/870
f 874/1439/865 868/1444/859 879/1448/870
f 875/1459/866 878/1445/869 868/1444/859
f 876/1442/867 877/1460/868 869/1451/860
f 876/1442/867 873/1441/864 877/1460/868
f 873/1461/864 867/1437/858 877/1443/868
f 874/1439/865 875/1459/866 868/1444/859
f 874/1439/865 872/1438/863 875/1459/866
f 872/1438/863 866/1462/857 875/1459/866
f 1849/1463/1820 873/1441/864 1841/1440/1812
f 1849/1436/1820 870/1433/861 873/1464/864
f 870/1433/861 867/1465/858 873/1464/864
f 1858/1466/1829 1857/1467/1828 881/1453/872
f 1848/1435/1819 871/1432/862 1863/1468/1834
f 871/1432/862 1838/1431/1809 1863/1468/1834
f 870/1433/861 872/1469/863 867/1465/858
f 870/1433/861 871/1432/862 872/1469/863
f 871/1432/862 866/1434/857 872/1469/863
f 1844/1455/1815 1858/1466/1829 881/1453/872
f 1862/1470/1833 1841/1440/1812 876/1442/867
f 1857/1450/1828 1862/1470/1833 876/1442/867
f 884/628/875 889/658/877 888/657/877 887/656/877 886/655/877 890/654/877 885/653/876
f 883/784/874 892/783/878 891/782/878 882/632/873
f 882/632/873 895/631/879 894/630/879 893/629/879 884/628/875 885/653/876 883/784/874
f 53/598/53 54/603/54 1236/599/1218
f 901/406/883 902/405/884 159/1471/159 125/1472/125
f 902/405/884 900/408/882 124/1473/124 159/1471/159
f 900/274/882 196/273/196 139/394/139 124/438/124
f 901/375/883 125/1474/125 138/262/138 193/261/193
f 384/1494/381 383/1495/380 921/1496/903 922/1497/904
f 387/800/384 386/1498/383 924/1499/906 925/801/907
f 385/1504/382 1220/1505/1202 1906/1506/1868 923/1507/905
f 1210/1508/1192 988/1509/970 932/1510/914 1206/1511/1188
f 996/1512/978 990/1513/972 933/1514/915 940/1515/922
f 1090/1516/1072 992/1517/974 938/1518/920 1089/1519/1071
f 992/1517/974 994/1520/976 939/1521/921 938/1518/920
f 994/1520/976 996/1512/978 940/1515/922 939/1521/921
f 936/15/918 935/18/917 947/1522/929 946/1523/928
f 937/19/919 936/15/918 946/1523/928 945/1524/927
f 937/19/919 945/1524/927 1074/1525/1056 956/1526/938 954/21/936
f 935/18/917 934/25/916 944/1527/926 947/1522/929
f 1207/26/1189 931/29/913 943/292/925 1208/1528/1190
f 988/1529/970 998/1530/980 948/1531/930 932/1532/914
f 998/1530/980 1000/1533/982 950/1534/932 948/1531/930
f 1000/1533/982 1002/1535/984 952/1536/934 950/1534/932
f 926/38/908 1298/41/1280 1077/1537/1059 941/1538/923
f 1002/1535/984 1278/1542/1260 1279/1543/1261 952/1536/934
f 966/1544/948 960/1545/942 979/1546/961 978/1547/960
f 960/1545/942 964/1552/946 984/1553/966 979/1546/961
f 957/1554/939 966/1544/948 978/1547/960 983/1555/965
f 977/1565/959 963/1566/945 959/1567/941 972/1568/954
f 1008/1569/990 1010/1570/992 983/1571/965 976/1572/958
f 971/1573/953 965/1574/947 1279/1575/1261 976/1576/958
f 972/1568/954 959/1567/941 965/1574/947 971/1573/953
f 984/1553/966 977/1565/959 972/1568/954 979/1546/961
f 978/1547/960 971/1573/953 976/1576/958 983/1555/965
f 1010/1578/992 1006/1579/988 957/1554/939 983/1555/965
f 979/1546/961 972/1568/954 971/1573/953 978/1547/960
f 982/1580/964 958/1581/940 1011/1582/993
f 1011/1582/993 1007/1583/989 1006/1579/988 1010/1578/992
f 975/1584/957 982/1580/964 1011/1582/993 1009/1585/991
f 1009/1586/991 1011/1587/993 1010/1570/992 1008/1569/990
f 953/1588/935 1280/1589/1262 1281/1590/1263 1003/1591/985
f 1003/1591/985 1281/1590/1263 1278/1592/1260 1002/1593/984
f 941/1538/923 1077/1537/1059 1076/1594/1058 987/1595/969
f 951/1596/933 953/1588/935 1003/1591/985 1001/1597/983
f 1001/1597/983 1003/1591/985 1002/1593/984 1000/1598/982
f 949/1599/931 951/1596/933 1001/1597/983 999/1600/981
f 999/1601/981 1001/1602/983 1000/1533/982 998/1530/980
f 943/1603/925 949/1599/931 999/1600/981 989/1604/971
f 989/1605/971 999/1601/981 998/1530/980 988/1529/970
f 946/1523/928 947/1522/929 997/1606/979 995/1607/977
f 995/1607/977 997/1606/979 996/1512/978 994/1520/976
f 945/1524/927 946/1523/928 995/1607/977 993/1608/975
f 993/1608/975 995/1607/977 994/1520/976 992/1517/974
f 956/1526/938 1074/1525/1056 1075/1609/1057 1005/1610/987
f 1005/1610/987 1075/1609/1057 1004/1611/986
f 947/1522/929 944/1527/926 991/1612/973 997/1606/979
f 997/1606/979 991/1612/973 990/1513/972 996/1512/978
f 1208/1528/1190 943/292/925 989/1613/971 1209/1614/1191
f 1209/1614/1191 989/1613/971 988/1509/970 1210/1508/1192
f 958/1581/940 1007/1583/989 1011/1582/993
f 1273/1623/1255 1019/1624/1001 1017/1625/999 1272/1626/1254
f 1270/1627/1252 1016/1628/998 1018/1629/1000 1271/1630/1253
f 1272/1626/1254 1017/1625/999 1267/1631/1249 1276/1632/1258
f 1035/1642/1017 1031/1643/1013 1032/1644/1014 1036/1645/1018
f 1034/1646/1016 1030/1647/1012 1029/1648/1011 1033/1649/1015
f 1038/1650/1020 1034/1646/1016 1033/1649/1015 1037/1651/1019
f 1039/1652/1021 1035/1642/1017 1036/1645/1018 1040/1653/1022
f 986/1654/968 1037/1651/1019 1284/1655/1266 1039/1652/1021 985/1656/967
f 985/1656/967 1039/1652/1021 1040/1653/1022 942/1657/924
f 927/1658/909 1038/1650/1020 1037/1651/1019 986/1654/968
f 1047/1659/1029 1048/1660/1030 1041/1661/1023 929/1662/911
f 1048/1660/1030 1049/1663/1031 1043/1664/1025 1041/1661/1023
f 1049/1663/1031 1050/1665/1032 1054/1666/1036 1055/1667/1037 1043/1664/1025
f 1044/1668/1026 1046/1669/1028 1050/1665/1032 1049/1663/1031
f 1042/1670/1024 1044/1668/1026 1049/1663/1031 1048/1660/1030
f 930/1671/912 1042/1670/1024 1048/1660/1030 1047/1659/1029
f 1046/1669/1028 1051/1672/1033 1052/1673/1034 1050/1665/1032
f 1051/1672/1033 1053/1674/1035 1052/1673/1034
f 1054/1666/1036 1045/1675/1027 1055/1667/1037
f 1110/1676/1092 1057/1677/1039 1070/1678/1052
f 1327/1679/1306 1092/1680/1074 1058/1681/1040 1324/1682/1303
f 1092/1680/1074 1095/1683/1077 1059/1684/1041 1058/1681/1040
f 1095/1685/1077 1098/1686/1080 1060/1687/1042 1059/1688/1041
f 1098/1686/1080 1101/1689/1083 1061/1690/1043 1060/1687/1042
f 1107/1691/1089 1104/1692/1086 1062/1693/1044 1068/1694/1050
f 1101/1689/1083 1107/1691/1089 1068/1694/1050 1061/1690/1043
f 1104/1692/1086 1110/1676/1092 1070/1678/1052 1062/1693/1044
f 1038/1650/1020 1082/1704/1064 1083/1705/1065 1034/1646/1016
f 1034/1646/1016 1083/1705/1065 1084/1706/1066 1030/1647/1012
f 927/1658/909 1078/1707/1060 1082/1704/1064 1038/1650/1020
f 1083/1705/1065 1085/1708/1067 1086/1709/1068 1084/1706/1066
f 1078/1707/1060 1081/1710/1063 1082/1704/1064
f 1082/1704/1064 1081/1710/1063 1085/1708/1067 1083/1705/1065
f 1081/1710/1063 1080/1711/1062 1085/1708/1067
f 1085/1708/1067 1080/1711/1062 1086/1709/1068
f 1156/1712/1138 1065/1713/1047 1066/1714/1048 1113/1715/1095
f 1113/1715/1095 1066/1714/1048 1067/1716/1049 1114/1717/1096
f 1157/1718/1139 929/1662/911 1041/1661/1023 1115/1719/1097
f 1158/1720/1140 1042/1721/1024 930/1722/912 1116/1723/1098
f 1159/1724/1141 982/1580/964 975/1584/957 1117/1725/1099
f 1115/1719/1097 1041/1661/1023 1043/1664/1025 1119/1730/1101
f 1161/1731/1143 1061/1732/1043 1068/1733/1050 1120/1734/1102
f 1162/1735/1144 1044/1668/1026 1042/1670/1024 1158/1736/1140
f 1163/1737/1145 1063/1738/1045 1069/1739/1051 1121/1740/1103
f 1164/1741/1146 957/1742/939 1006/1743/988 1122/1744/1104
f 1165/1745/1147 1055/1746/1037 1045/1747/1027 1123/1748/1105
f 1275/1749/1257 1271/1750/1253 1018/1751/1000 1124/1752/1106
f 1167/1753/1149 1062/1754/1044 1070/1755/1052 1125/1756/1107
f 1122/1744/1104 1006/1743/988 1007/1757/989 1126/1758/1108
f 1168/1759/1150 1046/1669/1028 1044/1668/1026 1162/1735/1144
f 1173/1780/1155 932/1532/914 948/1531/930 1132/1781/1114
f 1174/1782/1156 958/1581/940 982/1580/964 1159/1724/1141
f 943/292/925 1141/291/1123 1550/534/1528 1534/1783/1512
f 1132/1781/1114 948/1531/930 950/1534/932 1134/1786/1116
f 1176/1787/1158 1054/1788/1036 1050/1789/1032 1135/1790/1117
f 1177/1791/1159 951/1596/933 949/1599/931 1175/1792/1157
f 1134/1786/1116 950/1534/932 952/1536/934 1136/1793/1118
f 1178/1794/1160 1081/1795/1063 1078/1796/1060 1137/1797/1119
f 1179/1800/1161 953/1588/935 951/1596/933 1177/1791/1159
f 1180/1801/1162 1079/1802/1061 1080/1803/1062 1139/1804/1121
f 1139/1804/1121 1080/1803/1062 1081/1805/1063 1178/1806/1160
f 1181/1807/1163 1086/1808/1068 1079/1809/1061 1180/1810/1162
f 1137/1797/1119 1078/1796/1060 927/1811/909 1140/1812/1122
f 12/28/12 1141/291/1123 931/29/913
f 1126/1758/1108 1007/1757/989 958/1813/940 1174/1814/1156
f 1211/1815/1193 1206/1511/1188 932/1510/914 1173/1816/1155
f 1183/1817/1165 1030/1818/1012 1084/1819/1066 1142/1820/1124
f 1117/1725/1099 975/1584/957 1280/1589/1262 1282/1821/1264
f 1184/1822/1166 940/1823/922 933/1824/915 1182/1825/1164
f 1135/1826/1117 1050/1827/1032 1052/1828/1034 1143/1829/1125
f 1274/1830/1256 1273/1831/1255 1030/1818/1012 1183/1817/1165
f 1185/1832/1167 1051/1672/1033 1046/1669/1028 1168/1759/1150
f 1186/1833/1168 965/1834/947 959/1835/941 1144/1836/1126
f 1187/1837/1169 1053/1674/1035 1051/1672/1033 1185/1832/1167
f 1188/1838/1170 1036/1839/1018 1032/1840/1014 1166/1841/1148
f 1189/1842/1171 966/1843/948 957/1742/939 1164/1741/1146
f 1143/1829/1125 1052/1828/1034 1053/1844/1035 1187/1845/1169
f 1123/1846/1105 1045/1847/1027 1054/1788/1036 1176/1787/1158
f 1142/1848/1124 1084/1849/1066 1086/1808/1068 1181/1807/1163
f 1119/1730/1101 1043/1664/1025 1055/1667/1037 1165/1853/1147
f 1191/1854/1173 964/1855/946 960/1856/942 1146/1857/1128
f 1144/1836/1126 959/1835/941 963/1858/945 1147/1859/1129
f 1193/1860/1175 938/1861/920 939/1862/921 1148/1863/1130
f 1148/1863/1130 939/1862/921 940/1823/922 1184/1822/1166
f 1329/1869/1308 1323/1870/1302 938/1861/920 1193/1860/1175
f 1195/1871/1177 1040/1872/1022 1036/1839/1018 1188/1838/1170
f 1136/1793/1118 952/1536/934 965/1873/947 1186/1874/1168
f 1328/1875/1307 1324/1682/1303 1058/1681/1040 1149/1876/1131
f 1149/1876/1131 1058/1681/1040 1059/1684/1041 1150/1877/1132
f 1150/1877/1132 1059/1684/1041 1060/1878/1042 1151/1879/1133
f 1151/1879/1133 1060/1878/1042 1061/1732/1043 1161/1731/1143
f 1120/1734/1102 1068/1733/1050 1062/1754/1044 1167/1753/1149
f 1128/1888/1110 1071/1889/1053 1063/1738/1045 1163/1737/1145
f 1121/1740/1103 1069/1739/1051 1064/1891/1046 1155/1892/1137
f 1153/1893/1135 942/1894/924 1040/1872/1022 1195/1871/1177
f 1155/1892/1137 1064/1891/1046 1065/1713/1047 1156/1712/1138
f 1080/1711/1062 1079/1897/1061 1086/1709/1068
f 1063/1902/1045 1071/1903/1053 1112/1904/1094 1106/1905/1088
f 1106/1905/1088 1112/1904/1094 1111/1906/1093 1105/1907/1087
f 1105/1907/1087 1111/1906/1093 1110/1676/1092 1104/1692/1086
f 1064/1908/1046 1069/1909/1051 1109/1910/1091 1103/1911/1085
f 1103/1911/1085 1109/1910/1091 1108/1912/1090 1102/1913/1084
f 1102/1913/1084 1108/1912/1090 1107/1691/1089 1101/1689/1083
f 1069/1909/1051 1063/1902/1045 1106/1905/1088 1109/1910/1091
f 1109/1910/1091 1106/1905/1088 1105/1907/1087 1108/1912/1090
f 1108/1912/1090 1105/1907/1087 1104/1692/1086 1107/1691/1089
f 1065/1713/1047 1064/1891/1046 1103/1914/1085 1100/1915/1082
f 1100/1916/1082 1103/1911/1085 1102/1913/1084 1099/1917/1081
f 1099/1917/1081 1102/1913/1084 1101/1689/1083 1098/1686/1080
f 1066/1918/1048 1065/1919/1047 1100/1916/1082 1097/1920/1079
f 1097/1920/1079 1100/1916/1082 1099/1917/1081 1096/1921/1078
f 1096/1921/1078 1099/1917/1081 1098/1686/1080 1095/1685/1077
f 1067/1716/1049 1066/1714/1048 1097/1922/1079 1094/1923/1076
f 1094/1924/1076 1097/1920/1079 1096/1921/1078 1093/1925/1075
f 1093/1925/1075 1096/1921/1078 1095/1685/1077 1092/1926/1074
f 1323/1927/1302 1067/1716/1049 1094/1923/1076 1325/1928/1304
f 1325/1929/1304 1094/1924/1076 1093/1925/1075 1326/1930/1305
f 1326/1930/1305 1093/1925/1075 1092/1926/1074 1327/1931/1306
f 1071/1932/1053 1056/1933/1038 1112/1934/1094
f 1112/1904/1094 1056/1935/1038 1091/1936/1073 1111/1906/1093
f 1111/1906/1093 1091/1936/1073 1057/1677/1039 1110/1676/1092
f 1004/1611/986 1090/1516/1072 1087/1937/1069
f 1090/1516/1072 1088/1938/1070 1087/1937/1069
f 1090/1516/1072 1089/1519/1071 1088/1938/1070
f 1606/1939/1582 1197/1901/1179 1170/1764/1152 1524/1940/1502
f 1567/1941/1543 1192/1898/1174 1197/1901/1179 1606/1939/1582
f 1579/1942/1555 1155/1892/1137 1156/1712/1138 1495/1943/1473
f 1577/1946/1553 1153/1893/1135 1195/1871/1177 1571/1947/1547
f 1509/1948/1487 1121/1740/1103 1155/1892/1137 1579/1942/1555
f 1523/1951/1501 1128/1888/1110 1163/1737/1145 1510/1952/1488
f 1506/1955/1484 1120/1734/1102 1167/1753/1149 1518/1956/1496
f 1574/1960/1550 1151/1879/1133 1161/1731/1143 1507/1961/1485
f 1573/1964/1549 1150/1877/1132 1151/1879/1133 1574/1960/1550
f 1572/1965/1548 1149/1876/1131 1150/1877/1132 1573/1964/1549
f 1824/1968/1796 1328/1875/1307 1149/1876/1131 1572/1965/1548
f 1541/1969/1519 1136/1970/1118 1186/1833/1168 1558/1971/1536
f 1571/1947/1547 1195/1871/1177 1188/1838/1170 1560/1972/1538
f 1825/1973/1797 1329/1869/1308 1193/1860/1175 1569/1974/1545
f 1568/1975/1544 1148/1863/1130 1184/1822/1166 1554/1976/1532
f 1517/1977/1495 1125/1756/1107 1192/1868/1174 1567/1978/1543
f 1569/1974/1545 1193/1860/1175 1148/1863/1130 1568/1975/1544
f 1557/1980/1535 1144/1836/1126 1147/1859/1129 1566/1949/1542
f 1565/1979/1541 1191/1854/1173 1146/1857/1128 1564/1966/603
f 1505/1981/1483 1119/1982/1101 1165/1745/1147 1514/1983/1492
f 1552/1984/1530 1142/1848/1124 1181/1807/1163 1548/1985/1526
f 1513/1986/1491 1123/1846/1105 1176/1787/1158 1539/1987/1517
f 1555/1988/1533 1143/1829/1125 1187/1845/1169 1559/1989/1537
f 1561/1967/603 1189/1842/1171 1164/1741/1146 1512/1990/1490
f 1560/1972/1538 1188/1838/1170 1166/1841/1148 1516/1991/1494
f 1559/1992/1537 1187/1993/1169 1185/1994/1167 1556/1995/1534
f 1558/1971/1536 1186/1833/1168 1144/1836/1126 1557/1980/1535
f 1556/1995/1534 1185/1994/1167 1168/1996/1150 1520/1997/1498
f 1781/1998/1757 1274/1830/1256 1183/1817/1165 1553/1999/1531
f 1538/2000/1516 1135/1826/1117 1143/1829/1125 1555/1988/1533
f 1554/1976/1532 1184/1822/1166 1182/1825/1164 1551/2001/1529
f 1501/2002/1479 1117/1725/1099 1282/1821/1264 1791/2003/1767
f 1553/1999/1531 1183/1817/1165 1142/1820/1124 1552/2004/1530
f 1706/2005/1682 1211/1815/1193 1173/1816/1155 1532/2006/1510
f 1519/2007/1497 1126/1758/1108 1174/1814/1156 1533/2008/1511
f 18/106/18 242/301/242 581/528/578 580/1264/577 12/109/12
f 1542/2009/1520 1137/1797/1119 1140/1812/1122 1549/2010/1527
f 1548/1985/1526 1181/1807/1163 1180/1810/1162 1547/2011/1525
f 1546/2012/1524 1139/1804/1121 1178/1806/1160 1543/2013/1521
f 1547/2016/1525 1180/1801/1162 1139/1804/1121 1546/2012/1524
f 1545/2017/1523 1179/1800/1161 1177/1791/1159 1540/2018/1518
f 1543/2020/1521 1178/1794/1160 1137/1797/1119 1542/2009/1520
f 1537/2021/1515 1134/1786/1116 1136/1793/1118 1541/2022/1519
f 1540/2018/1518 1177/1791/1159 1175/1792/1157 1535/2023/1513
f 1539/1987/1517 1176/1787/1158 1135/1790/1117 1538/2026/1516
f 1531/2027/1509 1132/1781/1114 1134/1786/1116 1537/2021/1515
f 1534/2029/1512 1535/2023/1513 1175/1792/1157 949/1599/931 943/1603/925
f 1533/2008/1511 1174/1814/1156 1159/2030/1141 1502/2031/1480
f 1532/2032/1510 1173/1780/1155 1132/1781/1114 1531/2027/1509
f 1524/2042/1502 1170/2043/1152 1128/1888/1110 1523/1951/1501
f 1520/1997/1498 1168/1996/1150 1162/2045/1144 1508/2046/1486
f 1511/2047/1489 1122/1744/1104 1126/1758/1108 1519/2007/1497
f 1518/1956/1496 1167/1753/1149 1125/1756/1107 1517/1977/1495
f 1782/2048/1758 1275/1749/1257 1124/1752/1106 1515/2028/1493
f 1514/1983/1492 1165/1745/1147 1123/1748/1105 1513/2049/1491
f 1512/1990/1490 1164/1741/1146 1122/1744/1104 1511/2047/1489
f 1510/1952/1488 1163/1737/1145 1121/1740/1103 1509/1948/1487
f 1508/2050/1486 1162/2051/1144 1158/1720/1140 1500/2052/1478
f 1507/1961/1485 1161/1731/1143 1120/1734/1102 1506/1955/1484
f 1497/2053/1475 1115/2054/1097 1119/1982/1101 1505/1981/1483
f 1502/2056/1480 1159/1724/1141 1117/1725/1099 1501/2002/1479
f 1500/2052/1478 1158/1720/1140 1116/1723/1098 1499/2057/1477
f 1498/2058/1476 1157/2059/1139 1115/2054/1097 1497/2053/1475
f 1494/2060/1472 1113/1715/1095 1114/1717/1096 1496/2061/1474
f 1495/1943/1473 1156/1712/1138 1113/1715/1095 1494/2060/1472
f 945/1524/927 993/1608/975 1075/1609/1057 1074/1525/1056
f 992/1517/974 1090/1516/1072 1075/1609/1057 993/1608/975
f 1551/2001/1529 1182/1825/1164 1211/2076/1193 1706/2077/1682
f 1182/1825/1164 933/1824/915 1206/2078/1188 1211/2076/1193
f 991/2079/973 1209/1614/1191 1210/1508/1192 990/2080/972
f 944/2081/926 1208/1528/1190 1209/1614/1191 991/2079/973
f 934/584/916 1207/26/1189 1208/1528/1190 944/2081/926
f 990/2080/972 1210/1508/1192 1206/1511/1188 933/2082/915
f 1090/1516/1072 1004/1611/986 1075/1609/1057
f 1087/2083/1069 955/2084/937 1004/2085/986
f 1212/2086/1194 1221/2087/1203 1217/2088/1199
f 1212/2086/1194 1224/2089/1206 1221/2087/1203
f 1212/2086/1194 1225/2090/1207 1224/2089/1206
f 1213/2091/1195 1233/2092/1215 1230/2093/1212
f 1231/2094/1213 1233/2095/1215 1213/2096/1195
f 942/2097/924 1215/600/1197 1236/599/1218 985/2098/967
f 1232/2099/1214 986/2100/968 1237/2101/1219
f 1233/2092/1215 1232/2099/1214 1238/2102/1220
f 986/2100/968 1236/599/1218 1237/2101/1219
f 1237/2101/1219 1236/599/1218 1235/606/1217
f 1232/2099/1214 1237/2101/1219 1238/2102/1220
f 1238/2102/1220 1237/2101/1219 1239/2103/1221
f 1237/2101/1219 1235/606/1217 1239/2103/1221
f 1239/2104/1221 1235/610/1217 1234/609/1216
f 1233/2092/1215 1238/2102/1220 1230/2093/1212
f 1230/2105/1212 1238/2106/1220 1229/2107/1211
f 1238/2106/1220 1239/2104/1221 1229/2107/1211
f 1229/2107/1211 1239/2104/1221 1228/2108/1210
f 1239/2104/1221 1234/609/1216 1228/2108/1210
f 1228/2108/1210 1234/609/1216 1214/616/1196
f 1047/2109/1029 929/2110/911 1283/2111/1265
f 1227/2112/1209 1213/2096/1195 1230/2113/1212
f 1226/2114/1208 1227/2115/1209 1240/2116/1222
f 1227/2115/1209 1230/2105/1212 1240/2116/1222
f 1240/2116/1222 1230/2105/1212 1229/2107/1211
f 1226/2114/1208 1240/2116/1222 1304/2120/1286 1306/2119/1288
f 1240/2116/1222 1229/2107/1211 1307/2128/1289 1322/2129/1301 1321/2130/1301 1310/2122/1292
f 1225/2090/1207 1308/2118/1290 1316/2133/1297 1315/2134/1297 1312/2135/1294 1224/2089/1206
f 1224/2089/1206 1312/2135/1294 1320/2136/1300 1319/2137/1300 1318/2138/1299 1309/2139/1291 1223/2140/1205
f 1223/2140/1205 1305/2147/1287 1314/2152/1296 1313/2153/1295 1300/2154/1282
f 1222/2155/1204 1228/2108/1210 1214/616/1196
f 1047/2109/1029 1283/2111/1265 1227/2112/1209
f 1047/2109/1029 1227/2112/1209 1243/2156/1225
f 1243/2156/1225 1227/2112/1209 1226/2157/1208
f 1116/2158/1098 930/2159/912 1244/2160/1226
f 1244/2160/1226 1243/2156/1225 1245/2161/1227
f 1243/2156/1225 1226/2157/1208 1245/2161/1227
f 1245/2162/1227 1226/2114/1208 1225/2090/1207
f 1244/2160/1226 1245/2161/1227 1219/2163/1201
f 1219/2163/1201 1245/2161/1227 1218/2164/1200
f 1245/2162/1227 1225/2090/1207 1218/2165/1200
f 1218/2165/1200 1225/2090/1207 1212/2086/1194
f 1222/2155/1204 1214/616/1196 1264/675/1246
f 1224/2089/1206 1223/2140/1205 1299/2166/1281 1247/2167/1229
f 1247/2167/1229 1302/2168/1284 1303/2169/1285 1331/2170/1310
f 1224/2089/1206 1247/2167/1229 1221/2087/1203
f 1221/2087/1203 1247/2167/1229 1333/2171/1312 1332/2172/1311
f 1247/2167/1229 1331/2170/1310 1330/2173/1309
f 1221/2087/1203 1332/2172/1311 1248/2174/1230
f 1220/686/1202 1263/687/1245 1248/2174/1230
f 1248/2175/1230 1263/690/1245 1249/689/1231
f 1221/2087/1203 1248/2174/1230 1217/2088/1199
f 1217/2176/1199 1248/2175/1230 1216/2177/1198
f 1248/2175/1230 1297/2178/1279 1216/2177/1198
f 1216/2177/1198 1297/2178/1279 941/2179/923 987/2180/969
f 1250/2181/1232 1256/2182/1238 1257/2183/1239 1219/2163/1201
f 1251/2184/1233 1250/2185/1232 1252/2186/1234
f 1250/2185/1232 1219/2187/1201 1252/2186/1234
f 1252/2188/1234 1219/2163/1201 1218/2164/1200
f 987/2180/969 1251/2184/1233 1216/2177/1198
f 1251/2184/1233 1252/2186/1234 1216/2177/1198
f 1216/2177/1198 1252/2186/1234 1217/2176/1199
f 1252/2189/1234 1218/2165/1200 1217/2088/1199
f 1217/2088/1199 1218/2165/1200 1212/2086/1194
f 1140/2190/1122 1232/2099/1214 1254/2191/1236
f 1157/2192/1139 1498/2193/1476 1231/2094/1213
f 1255/2194/1237 1244/2160/1226 1260/2195/1242
f 930/2159/912 1047/2109/1029 1243/2156/1225
f 1259/2196/1241 1250/2185/1232 1251/2184/1233 1258/2197/1240
f 928/2198/910 1251/2184/1233 987/2180/969
f 1261/2199/1243 1233/2092/1215 1231/2200/1213 1253/2201/1235
f 1153/2202/1135 1215/600/1197 942/2097/924
f 927/2203/909 986/2100/968 1232/2099/1214 1140/2190/1122
f 1254/2191/1236 1232/2099/1214 1233/2092/1215 1261/2199/1243
f 1116/2158/1098 1244/2160/1226 1255/2194/1237
f 1260/2195/1242 1244/2160/1226 1219/2163/1201 1257/2183/1239
f 1253/2204/1235 1231/2094/1213 1498/2193/1476
f 1258/2197/1240 1251/2184/1233 928/2198/910
f 1253/2201/1235 1762/2205/1738 1771/2206/1747 1261/2199/1243
f 1260/2195/1242 1770/2207/1746 1765/2208/1741 1255/2194/1237
f 928/2198/910 1527/2209/1505 1768/2210/1744 1258/2197/1240
f 1153/2202/1135 1577/2211/1553 1761/722/1737 1215/600/1197
f 1256/2182/1238 1766/2212/1742 1767/2213/1743 1257/2183/1239
f 1732/726/1708 1394/2214/1373 1395/2215/1374
f 1261/2199/1243 1771/2206/1747 1764/2216/1740 1254/2191/1236
f 1259/2196/1241 1769/2217/1745 1763/2218/1739 1250/2185/1232
f 1255/2194/1237 1765/2208/1741 1499/2219/1477 1116/2158/1098
f 1250/2181/1232 1763/2220/1739 1766/2212/1742 1256/2182/1238
f 1257/2183/1239 1767/2213/1743 1770/2207/1746 1260/2195/1242
f 1258/2197/1240 1768/2210/1744 1769/2217/1745 1259/2196/1241
f 1254/2191/1236 1764/2216/1740 1549/2221/1527 1140/2190/1122
f 1498/2193/1476 1762/2222/1738 1253/2204/1235
f 941/1538/923 1249/2223/1231 926/38/908
f 1039/1652/1021 1284/1655/1266 1285/2224/1267 1035/1642/1017
f 1286/2225/1268 1295/2226/1277 1296/2227/1278 1284/2228/1266
f 1277/2229/1259 1270/1627/1252 1031/1643/1013 1268/2230/1250
f 1266/2235/1248 1016/1628/998 1270/1627/1252 1277/2229/1259
f 1268/2236/1250 1289/2237/1271 1292/2238/1274 1277/2239/1259
f 1516/1991/1494 1166/1841/1148 1275/1749/1257 1782/2048/1758
f 1521/2044/1499 1127/1763/1109 1274/1830/1256 1781/1998/1757
f 1127/1763/1109 1019/1762/1001 1273/1831/1255 1274/1830/1256
f 1166/1841/1148 1032/1840/1014 1271/1750/1253 1275/1749/1257
f 1029/1648/1011 1272/1626/1254 1276/1632/1258 1269/2240/1251
f 1031/1643/1013 1270/1627/1252 1271/1630/1253 1032/1644/1014
f 1030/1647/1012 1273/1623/1255 1272/1626/1254 1029/1648/1011
f 1280/1589/1262 975/1584/957 1009/1585/991 1281/1590/1263
f 1280/1589/1262 953/1588/935 1179/1800/1161 1282/1821/1264
f 1281/1590/1263 1009/1585/991 1008/2241/990 1278/1592/1260
f 1282/1821/1264 1179/1800/1161 1545/2017/1523 1791/2003/1767
f 1278/1542/1260 1008/1569/990 976/1572/958 1279/1543/1261
f 965/1873/947 952/1536/934 1279/1543/1261
f 929/2110/911 1157/2192/1139 1213/2096/1195 1283/2111/1265
f 930/2159/912 1243/2156/1225 1244/2160/1226
f 1035/1642/1017 1285/2224/1267 1268/2230/1250 1031/1643/1013
f 1284/1655/1266 1037/1651/1019 1033/1649/1015 1286/2242/1268
f 1285/2243/1267 1294/2244/1276 1289/2237/1271 1268/2236/1250
f 1286/2242/1268 1033/1649/1015 1029/1648/1011 1269/2240/1251
f 1276/2259/1258 1291/2260/1273 1290/2261/1272 1269/2262/1251
f 1284/2263/1266 1296/2264/1278 1294/2244/1276 1285/2243/1267
f 1277/2239/1259 1292/2238/1274 1287/2232/1269 1266/2231/1248
f 1269/2262/1251 1290/2261/1272 1295/2226/1277 1286/2225/1268
f 1267/2248/1249 1288/2247/1270 1291/2260/1273 1276/2259/1258
f 1297/2178/1279 1249/689/1231 941/2179/923
f 1297/2178/1279 1248/2175/1230 1249/689/1231
f 1298/41/1280 954/21/936 956/1526/938 1077/1537/1059
f 1302/2168/1284 1247/2167/1229 1299/2166/1281
f 1307/2128/1289 1229/2107/1211 1228/2108/1210 1311/2132/1293
f 1226/2114/1208 1306/2119/1288 1308/2118/1290 1225/2090/1207
f 1304/2120/1286 1240/2116/1222 1317/2121/1298
f 1311/2132/1293 1228/2108/1210 1222/2155/1204 1300/2154/1282 1313/2153/1295
f 1305/2147/1287 1223/2140/1205 1309/2139/1291
f 1240/2116/1222 1310/2122/1292 1317/2121/1298
f 1496/2061/1474 1114/1717/1096 1329/2270/1308 1825/2271/1797
f 1530/2272/1508 1131/2273/1113 1328/1875/1307 1824/1968/1796
f 1088/1938/1070 1326/1930/1305 1327/1931/1306 1087/1937/1069
f 1089/2274/1071 1325/2275/1304 1326/2276/1305 1088/2277/1070
f 938/1861/920 1323/1870/1302 1325/2275/1304 1089/2274/1071
f 1131/2273/1113 955/2084/937 1324/1682/1303 1328/1875/1307
f 1114/1717/1096 1067/1716/1049 1323/1927/1302 1329/2270/1308
f 1087/2083/1069 1327/1679/1306 1324/1682/1303 955/2084/937
f 1157/2192/1139 1231/2094/1213 1213/2096/1195
f 1283/2111/1265 1213/2096/1195 1227/2112/1209
f 1333/2278/1312 1910/2279/1872 1909/2280/1871 1332/2281/1311
f 1330/2282/1309 1905/2283/1867 1911/2284/1873 1334/2285/1313
f 1705/2286/1681 1701/2287/1677 1341/2288/1320 1397/2289/1376
f 1405/2290/1384 1349/2291/1328 1342/2292/1321 1399/2293/1378
f 1583/2294/1559 1582/2295/1558 1347/2296/1326 1401/2297/1380
f 1401/2297/1380 1347/2296/1326 1348/2298/1327 1403/2299/1382
f 1403/2299/1382 1348/2298/1327 1349/2291/1328 1405/2290/1384
f 1345/817/1324 1355/2300/1334 1356/2301/1335 1344/818/1323
f 1346/821/1325 1354/2302/1333 1355/2300/1334 1345/817/1324
f 1346/821/1325 1363/825/1342 1365/2303/1344 1483/2304/1461 1354/2302/1333
f 1344/818/1323 1356/2301/1335 1353/2305/1332 1343/826/1322
f 1702/828/1678 1703/2306/1679 1352/2307/1331 1340/829/1319
f 1397/2289/1376 1341/2288/1320 1357/2308/1336 1407/2309/1386
f 1407/2309/1386 1357/2308/1336 1359/2310/1338 1409/2311/1388
f 1409/2311/1388 1359/2310/1338 1361/2312/1340 1411/2313/1390
f 1411/2313/1390 1361/2312/1340 1788/2317/1764 1787/2318/1763
f 1375/2319/1354 1387/2320/1366 1388/2321/1367 1369/2322/1348
f 1369/2322/1348 1388/2321/1367 1393/2327/1372 1373/2328/1352
f 1366/2329/1345 1392/2330/1371 1387/2320/1366 1375/2319/1354
f 1386/2340/1365 1381/2341/1360 1368/2342/1347 1372/2343/1351
f 1417/2344/1396 1385/2345/1364 1392/2346/1371 1419/2347/1398
f 1380/2348/1359 1385/2349/1364 1788/2350/1764 1374/2351/1353
f 1381/2352/1360 1380/2353/1359 1374/2354/1353 1368/2355/1347
f 1393/2327/1372 1388/2321/1367 1381/2341/1360 1386/2340/1365
f 1387/2320/1366 1392/2330/1371 1385/2349/1364 1380/2348/1359
f 1419/2357/1398 1392/2330/1371 1366/2329/1345 1415/2358/1394
f 1388/2321/1367 1387/2320/1366 1380/2348/1359 1381/2341/1360
f 1391/2359/1370 1420/2360/1399 1367/2361/1346
f 1420/2360/1399 1419/2357/1398 1415/2358/1394 1416/2362/1395
f 1384/2363/1363 1418/2364/1397 1420/2360/1399 1391/2359/1370
f 1418/2364/1397 1417/2365/1396 1419/2357/1398 1420/2360/1399
f 1362/2366/1341 1412/2367/1391 1790/2368/1766 1789/2369/1765
f 1412/2367/1391 1411/2370/1390 1787/2371/1763 1790/2368/1766
f 1360/2372/1339 1410/2373/1389 1412/2367/1391 1362/2366/1341
f 1410/2373/1389 1409/2374/1388 1411/2370/1390 1412/2367/1391
f 1358/2375/1337 1408/2376/1387 1410/2373/1389 1360/2372/1339
f 1408/2376/1387 1407/2377/1386 1409/2374/1388 1410/2373/1389
f 1352/2378/1331 1398/2379/1377 1408/2376/1387 1358/2375/1337
f 1398/2380/1377 1397/2289/1376 1407/2309/1386 1408/2381/1387
f 1355/2300/1334 1404/2382/1383 1406/2383/1385 1356/2301/1335
f 1404/2382/1383 1403/2299/1382 1405/2290/1384 1406/2383/1385
f 1354/2302/1333 1402/2384/1381 1404/2382/1383 1355/2300/1334
f 1402/2384/1381 1401/2297/1380 1403/2299/1382 1404/2382/1383
f 1365/2303/1344 1414/2385/1393 1484/2386/1462 1483/2304/1461
f 1414/2385/1393 1413/2387/1392 1484/2386/1462
f 1356/2301/1335 1406/2383/1385 1400/2388/1379 1353/2305/1332
f 1406/2383/1385 1405/2290/1384 1399/2293/1378 1400/2388/1379
f 1703/2389/1679 1704/2390/1680 1398/2379/1377 1352/2378/1331
f 1704/2390/1680 1705/2391/1681 1397/2392/1376 1398/2379/1377
f 1367/2361/1346 1420/2360/1399 1416/2362/1395
f 1780/2401/1756 1779/2402/1755 1426/2403/1405 1428/2404/1407
f 1777/2405/1753 1778/2406/1754 1427/2407/1406 1425/2408/1404
f 1779/2402/1755 1785/2409/1761 1774/2410/1750 1426/2403/1405
f 1444/2420/1423 1445/2421/1424 1441/2422/1420 1440/2423/1419
f 1443/2424/1422 1442/2425/1421 1438/2426/1417 1439/2427/1418
f 1447/2428/1426 1446/2429/1425 1442/2425/1421 1443/2424/1422
f 1448/2430/1427 1449/2431/1428 1445/2421/1424 1444/2420/1423
f 1395/2432/1374 1394/2433/1373 1448/2430/1427 1794/2434/1770 1446/2429/1425
f 1394/2433/1373 1351/2435/1330 1449/2431/1428 1448/2430/1427
f 1336/2436/1315 1395/2432/1374 1446/2429/1425 1447/2428/1426
f 1456/2437/1435 1338/2438/1317 1450/2439/1429 1457/2440/1436
f 1457/2440/1436 1450/2439/1429 1452/2441/1431 1458/2442/501
f 1458/2442/501 1452/2441/1431 1464/2443/1442 1463/2444/1441 1459/2445/1437
f 1453/2446/1432 1458/2442/501 1459/2445/1437 1455/2447/1434
f 1451/2448/1430 1457/2440/1436 1458/2442/501 1453/2446/1432
f 1339/2449/1318 1456/2437/1435 1457/2440/1436 1451/2448/1430
f 1455/2447/1434 1459/2445/1437 1461/2450/1439 1460/2451/1438
f 1460/2451/1438 1461/2450/1439 1462/2452/1440
f 1463/2444/1441 1464/2443/1442 1454/2453/1433
f 1603/2454/1579 1479/2455/1457 1466/2456/1444
f 1828/2457/1800 1823/2458/1795 1467/2459/1445 1585/2460/1561
f 1585/2460/1561 1467/2459/1445 1468/2461/1446 1588/2462/1564
f 1588/2463/1564 1468/2464/1446 1469/2465/1447 1591/2466/1567
f 1591/2466/1567 1469/2465/1447 1470/2467/1448 1594/2468/1570
f 1600/2469/1576 1477/2470/1455 1471/2471/1449 1597/2472/1573
f 1594/2468/1570 1470/2467/1448 1477/2470/1455 1600/2469/1576
f 1597/2472/1573 1471/2471/1449 1479/2455/1457 1603/2454/1579
f 1447/2428/1426 1443/2424/1422 1490/2482/1468 1489/2483/1467
f 1443/2424/1422 1439/2427/1418 1491/2484/1469 1490/2482/1468
f 1336/2436/1315 1447/2428/1426 1489/2483/1467 1485/2485/1463
f 1490/2482/1468 1491/2484/1469 1493/2486/1471 1492/2487/1470
f 1485/2485/1463 1489/2483/1467 1488/2488/1466
f 1489/2483/1467 1490/2482/1468 1492/2487/1470 1488/2488/1466
f 1488/2488/1466 1492/2487/1470 1487/2489/1465
f 1492/2487/1470 1493/2486/1471 1487/2489/1465
f 1651/2490/1627 1607/2491/1583 1475/2492/1453 1474/2493/1452
f 1607/2491/1583 1608/2494/1584 1476/2495/1454 1475/2492/1453
f 1652/2496/1628 1609/2497/1585 1450/2439/1429 1338/2438/1317
f 1653/2498/1629 1610/2499/1586 1339/2449/1318 1451/2448/1430
f 1654/2500/1630 1611/2501/1587 1384/2363/1363 1391/2359/1370
f 1609/2497/1585 1613/2506/1589 1452/2441/1431 1450/2439/1429
f 1656/2507/1632 1614/2508/1590 1477/2509/1455 1470/2510/1448
f 1657/2511/1633 1653/2498/1629 1451/2448/1430 1453/2446/1432
f 1658/2512/1634 1615/2513/1591 1478/2514/1456 1472/2515/1450
f 1659/2516/1635 1616/2517/1592 1415/2518/1394 1366/2519/1345
f 1660/2520/1636 1617/2521/1593 1454/2522/1433 1464/2523/1442
f 1784/2524/1760 1618/2525/1594 1427/2526/1406 1778/2527/1754
f 1662/2528/1638 1619/2529/1595 1479/2530/1457 1471/2531/1449
f 1616/2517/1592 1620/2532/1596 1416/2533/1395 1415/2518/1394
f 1663/2534/1639 1657/2511/1633 1453/2446/1432 1455/2447/1434
f 1665/2539/1641 1622/2540/1598 1480/2541/1458 1465/2542/1443
f 1668/2556/1644 1626/2557/1602 1357/2308/1336 1341/2288/1320
f 1669/2558/1645 1654/2500/1630 1391/2359/1370 1367/2361/1346
f 1670/2559/1646 1627/2560/1603 1352/2378/1331 1358/2375/1337
f 1626/2557/1602 1629/2563/1605 1359/2310/1338 1357/2308/1336
f 1671/2564/1647 1630/2565/1606 1459/2566/1437 1463/2567/1441
f 1672/2568/1648 1670/2559/1646 1358/2375/1337 1360/2372/1339
f 1629/2563/1605 1631/2569/1607 1361/2312/1340 1359/2310/1338
f 1673/2570/1649 1632/2571/1608 1485/2572/1463 1488/2573/1466
f 1674/2576/1650 1672/2568/1648 1360/2372/1339 1362/2366/1341
f 1675/2577/1651 1634/2578/1610 1487/2579/1465 1486/2580/1464
f 1634/2578/1610 1673/2581/1649 1488/2582/1466 1487/2579/1465
f 1676/2583/1652 1675/2584/1651 1486/2585/1464 1493/2586/1471
f 1632/2571/1608 1635/2587/1611 1336/2588/1315 1485/2572/1463
f 1627/2589/1603 1636/1122/1612 1340/829/1319 1352/2307/1331
f 1620/2590/1596 1669/2558/1645 1367/2361/1346 1416/2362/1395
f 1707/2591/1683 1668/2592/1644 1341/2593/1320 1701/2594/1677
f 1678/2595/1654 1637/2596/1613 1491/2597/1469 1439/2598/1418
f 1611/2501/1587 1792/2599/1768 1789/2369/1765 1384/2363/1363
f 1679/2600/1655 1677/2601/1653 1342/2602/1321 1349/2603/1328
f 1630/2604/1606 1638/2605/1614 1461/2606/1439 1459/2607/1437
f 1783/2608/1759 1678/2595/1654 1439/2598/1418 1780/2609/1756
f 1680/2610/1656 1663/2534/1639 1455/2447/1434 1460/2451/1438
f 1681/2611/1657 1639/2612/1615 1368/2355/1347 1374/2354/1353
f 1682/2613/1658 1680/2610/1656 1460/2451/1438 1462/2452/1440
f 1683/2614/1659 1661/2615/1637 1441/2616/1420 1445/2617/1424
f 1684/2618/1660 1659/2516/1635 1366/2519/1345 1375/2619/1354
f 1638/2605/1614 1682/2620/1658 1462/2621/1440 1461/2606/1439
f 1617/2622/1593 1671/2564/1647 1463/2567/1441 1454/2623/1433
f 1637/2624/1613 1676/2583/1652 1493/2586/1471 1491/2625/1469
f 1613/2629/1589 1660/2520/1636 1464/2523/1442 1452/2630/1431
f 1686/2631/1662 1641/2632/1617 1369/2633/1348 1373/2634/1352
f 1639/2612/1615 1642/2635/1618 1372/2636/1351 1368/2355/1347
f 1688/2637/1664 1643/2638/1619 1348/2639/1327 1347/2640/1326
f 1619/2529/1595 1687/2644/1663 1466/2645/1444 1479/2530/1457
f 1643/2638/1619 1679/2600/1655 1349/2603/1328 1348/2639/1327
f 1830/2646/1802 1688/2637/1664 1347/2640/1326 1822/2647/1794
f 1690/2648/1666 1683/2614/1659 1445/2617/1424 1449/2649/1428
f 1631/2650/1607 1681/2611/1657 1374/2354/1353 1361/2651/1340
f 1829/2652/1801 1644/2653/1620 1467/2459/1445 1823/2458/1795
f 1644/2653/1620 1645/2654/1621 1468/2461/1446 1467/2459/1445
f 1645/2654/1621 1646/2655/1622 1469/2656/1447 1468/2461/1446
f 1646/2655/1622 1656/2507/1632 1470/2510/1448 1469/2656/1447
f 1614/2508/1590 1662/2528/1638 1471/2531/1449 1477/2509/1455
f 1622/2665/1598 1658/2512/1634 1472/2515/1450 1480/2666/1458
f 1615/2513/1591 1650/2668/1626 1473/2669/1451 1478/2514/1456
f 1648/2670/1624 1690/2648/1666 1449/2649/1428 1351/2671/1330
f 1650/2668/1626 1651/2490/1627 1474/2493/1452 1473/2669/1451
f 1487/2489/1465 1493/2486/1471 1486/2674/1464
f 1687/2675/1663 1692/2676/1668 1584/2677/1560 1466/2678/1444
f 1692/2676/1668 1665/2539/1641 1465/2542/1443 1584/2677/1560
f 1472/2679/1450 1599/2680/1575 1605/2681/1581 1480/2682/1458
f 1599/2680/1575 1598/2683/1574 1604/2684/1580 1605/2681/1581
f 1598/2683/1574 1597/2472/1573 1603/2454/1579 1604/2684/1580
f 1473/2685/1451 1596/2686/1572 1602/2687/1578 1478/2688/1456
f 1596/2686/1572 1595/2689/1571 1601/2690/1577 1602/2687/1578
f 1595/2689/1571 1594/2468/1570 1600/2469/1576 1601/2690/1577
f 1478/2688/1456 1602/2687/1578 1599/2680/1575 1472/2679/1450
f 1602/2687/1578 1601/2690/1577 1598/2683/1574 1599/2680/1575
f 1601/2690/1577 1600/2469/1576 1597/2472/1573 1598/2683/1574
f 1474/2691/1452 1593/2692/1569 1596/2686/1572 1473/2685/1451
f 1593/2692/1569 1592/2693/1568 1595/2689/1571 1596/2686/1572
f 1592/2693/1568 1591/2466/1567 1594/2468/1570 1595/2689/1571
f 1475/2694/1453 1590/2695/1566 1593/2692/1569 1474/2691/1452
f 1590/2695/1566 1589/2696/1565 1592/2693/1568 1593/2692/1569
f 1589/2696/1565 1588/2463/1564 1591/2466/1567 1592/2693/1568
f 1476/2495/1454 1587/2697/1563 1590/2698/1566 1475/2492/1453
f 1587/2699/1563 1586/2700/1562 1589/2696/1565 1590/2695/1566
f 1586/2700/1562 1585/2701/1561 1588/2463/1564 1589/2696/1565
f 1822/2702/1794 1826/2703/1798 1587/2699/1563 1476/2704/1454
f 1826/2703/1798 1827/2705/1799 1586/2700/1562 1587/2699/1563
f 1827/2705/1799 1828/2706/1800 1585/2701/1561 1586/2700/1562
f 1480/2682/1458 1605/2681/1581 1465/2707/1443
f 1605/2681/1581 1604/2684/1580 1584/2708/1560 1465/2707/1443
f 1604/2684/1580 1603/2454/1579 1466/2456/1444 1584/2708/1560
f 1413/2387/1392 1580/2709/1556 1583/2294/1559
f 1583/2294/1559 1580/2709/1556 1581/2710/1557
f 1583/2294/1559 1581/2710/1557 1582/2295/1558
f 1606/1939/1582 1524/1940/1502 1886/2711/1848 1885/2712/1847
f 1567/1941/1543 1606/1939/1582 1885/2712/1847 1887/2713/1849
f 1579/1942/1555 1495/1943/1473 1651/2490/1627 1650/2668/1626
f 1577/1946/1553 1571/1947/1547 1690/2648/1666 1648/2670/1624
f 1509/1948/1487 1579/1942/1555 1650/2668/1626 1615/2513/1591
f 1523/1951/1501 1510/1952/1488 1658/2512/1634 1622/2665/1598
f 1506/1955/1484 1518/1956/1496 1662/2528/1638 1614/2508/1590
f 1574/1960/1550 1507/1961/1485 1656/2507/1632 1646/2655/1622
f 1573/1964/1549 1574/1960/1550 1646/2655/1622 1645/2654/1621
f 1572/1965/1548 1573/1964/1549 1645/2654/1621 1644/2653/1620
f 1824/1968/1796 1572/1965/1548 1644/2653/1620 1829/2652/1801
f 1541/1969/1519 1558/1971/1536 1681/2611/1657 1631/2650/1607
f 1571/1947/1547 1560/1972/1538 1683/2614/1659 1690/2648/1666
f 1825/1973/1797 1569/1974/1545 1688/2637/1664 1830/2646/1802
f 1568/1975/1544 1554/1976/1532 1679/2600/1655 1643/2638/1619
f 1517/1977/1495 1567/1978/1543 1887/2717/1849 1619/2529/1595
f 1569/1974/1545 1568/1975/1544 1643/2638/1619 1688/2637/1664
f 1557/1980/1535 1566/1949/1542 1642/2635/1618 1639/2612/1615
f 1565/1979/1541 1564/1966/603 1641/2632/1617 1686/2631/1662
f 1505/1981/1483 1514/1983/1492 1660/2520/1636 1613/2629/1589
f 1552/1984/1530 1548/1985/1526 1676/2583/1652 1637/2624/1613
f 1513/1986/1491 1539/1987/1517 1671/2564/1647 1617/2622/1593
f 1555/1988/1533 1559/1989/1537 1682/2620/1658 1638/2605/1614
f 1561/1967/603 1512/1990/1490 1659/2516/1635 1684/2618/1660
f 1560/1972/1538 1516/1991/1494 1661/2615/1637 1683/2614/1659
f 1559/1992/1537 1556/1995/1534 1680/2718/1656 1682/2719/1658
f 1558/1971/1536 1557/1980/1535 1639/2612/1615 1681/2611/1657
f 1556/1995/1534 1520/1997/1498 1663/2720/1639 1680/2718/1656
f 1781/1998/1757 1553/1999/1531 1678/2595/1654 1783/2608/1759
f 1538/2000/1516 1555/1988/1533 1638/2605/1614 1630/2604/1606
f 1554/1976/1532 1551/2001/1529 1677/2601/1653 1679/2600/1655
f 1501/2721/1479 1791/2722/1767 1792/2599/1768 1611/2501/1587
f 1553/1999/1531 1552/2004/1530 1637/2596/1613 1678/2595/1654
f 1706/2005/1682 1532/2006/1510 1668/2592/1644 1707/2591/1683
f 1519/2007/1497 1533/2008/1511 1669/2723/1645 1620/2532/1596
f 1534/1783/1512 1550/534/1528 1636/1122/1612 1627/2589/1603
f 1542/2009/1520 1549/2010/1527 1635/2587/1611 1632/2571/1608
f 1548/1985/1526 1547/2011/1525 1675/2584/1651 1676/2583/1652
f 1546/2012/1524 1543/2013/1521 1673/2581/1649 1634/2578/1610
f 1547/2016/1525 1546/2012/1524 1634/2578/1610 1675/2577/1651
f 1545/2724/1523 1540/2725/1518 1672/2568/1648 1674/2576/1650
f 1543/2020/1521 1542/2009/1520 1632/2571/1608 1673/2570/1649
f 1537/2726/1515 1541/2727/1519 1631/2569/1607 1629/2563/1605
f 1540/2725/1518 1535/2728/1513 1670/2559/1646 1672/2568/1648
f 1539/1987/1517 1538/2026/1516 1630/2565/1606 1671/2564/1647
f 1531/2729/1509 1537/2726/1515 1629/2563/1605 1626/2557/1602
f 1535/2023/1513 1534/2029/1512 1627/2730/1603 1670/2731/1646
f 1533/2732/1511 1502/2733/1480 1654/2500/1630 1669/2558/1645
f 1532/2734/1510 1531/2729/1509 1626/2557/1602 1668/2556/1644
f 1524/2042/1502 1523/1951/1501 1622/2665/1598 1886/2735/1848
f 1520/1997/1498 1508/2046/1486 1657/2736/1633 1663/2720/1639
f 1511/2047/1489 1519/2007/1497 1620/2532/1596 1616/2517/1592
f 1518/1956/1496 1517/1977/1495 1619/2529/1595 1662/2528/1638
f 1782/2048/1758 1515/2028/1493 1618/2525/1594 1784/2524/1760
f 1514/1983/1492 1513/2049/1491 1617/2521/1593 1660/2520/1636
f 1512/1990/1490 1511/2047/1489 1616/2517/1592 1659/2516/1635
f 1510/1952/1488 1509/1948/1487 1615/2513/1591 1658/2512/1634
f 1508/2050/1486 1500/2052/1478 1653/2737/1629 1657/2738/1633
f 1507/1961/1485 1506/1955/1484 1614/2508/1590 1656/2507/1632
f 1497/2053/1475 1505/1981/1483 1613/2629/1589 1609/2739/1585
f 1502/2733/1480 1501/2721/1479 1611/2501/1587 1654/2500/1630
f 1500/2052/1478 1499/2057/1477 1610/2740/1586 1653/2737/1629
f 1498/2058/1476 1497/2053/1475 1609/2739/1585 1652/2741/1628
f 1494/2060/1472 1496/2061/1474 1608/2494/1584 1607/2491/1583
f 1495/1943/1473 1494/2060/1472 1607/2491/1583 1651/2490/1627
f 1354/2302/1333 1483/2304/1461 1484/2386/1462 1402/2384/1381
f 1401/2297/1380 1402/2384/1381 1484/2386/1462 1583/2294/1559
f 1551/2001/1529 1706/2077/1682 1707/2757/1683 1677/2601/1653
f 1677/2601/1653 1707/2757/1683 1701/2758/1677 1342/2602/1321
f 1400/2388/1379 1399/2293/1378 1705/2391/1681 1704/2390/1680
f 1353/2305/1332 1400/2388/1379 1704/2390/1680 1703/2389/1679
f 1343/826/1322 1353/2305/1332 1703/2389/1679 1702/1291/1678
f 1399/2293/1378 1342/2292/1321 1701/2759/1677 1705/2391/1681
f 1583/2294/1559 1484/2386/1462 1413/2387/1392
f 1580/2760/1556 1413/2761/1392 1364/2762/1343
f 1708/2763/1684 1713/2764/1689 1717/2765/1693
f 1708/2763/1684 1717/2765/1693 1720/2766/1696
f 1708/2763/1684 1720/2766/1696 1721/2767/1697
f 1709/2768/1685 1726/2769/1702 1729/2770/1705
f 1727/2771/1703 1709/2768/1685 1729/2770/1705
f 1648/2772/1624 1351/2773/1330 1732/726/1708 1711/1306/1687
f 1728/2774/1704 1733/2775/1709 1395/2215/1374
f 1729/2770/1705 1734/2776/1710 1728/2774/1704
f 1395/2215/1374 1733/2775/1709 1732/726/1708
f 1733/2775/1709 1731/1312/1707 1732/726/1708
f 1728/2774/1704 1734/2776/1710 1733/2775/1709
f 1734/2776/1710 1735/2777/1711 1733/2775/1709
f 1733/2775/1709 1735/2777/1711 1731/1312/1707
f 1735/2778/1711 1730/1316/1706 1731/1315/1707
f 1729/2770/1705 1726/2769/1702 1734/2776/1710
f 1726/2779/1702 1725/2780/1701 1734/2781/1710
f 1734/2781/1710 1725/2780/1701 1735/2778/1711
f 1725/2780/1701 1724/2782/1700 1735/2778/1711
f 1735/2778/1711 1724/2782/1700 1730/1316/1706
f 1724/2782/1700 1710/1322/1686 1730/1316/1706
f 1456/2783/1435 1793/2784/1769 1338/2785/1317
f 1723/2786/1699 1726/2787/1702 1709/2788/1685
f 1722/2789/1698 1736/2790/1712 1723/2791/1699
f 1737/2792/1713 1805/2793/1781 1807/2794/1783
f 1723/2791/1699 1736/2790/1712 1726/2779/1702
f 1736/2790/1712 1725/2780/1701 1726/2779/1702
f 1722/2789/1698 1805/2793/1781 1803/2795/1779 1736/2790/1712
f 1737/2792/1713 1738/2796/1714 1809/2797/1785 1816/2798/1791 1803/2795/1779
f 1736/2790/1712 1809/2797/1785 1820/2799/1793 1821/2800/1793 1806/2801/1782 1725/2780/1701
f 1738/2796/1714 1810/2802/1786 1806/2801/1782
f 1721/2767/1697 1720/2766/1696 1811/2803/1787 1814/2804/1790 1815/2805/1790 1807/2794/1783
f 1720/2766/1696 1719/2806/1695 1808/2807/1784 1817/2808/1792 1818/2809/1792 1819/2810/1792 1811/2803/1787
f 1737/2792/1713 1808/2807/1784 1804/2811/1780 1738/2796/1714
f 1719/2806/1695 1799/2812/1775 1812/2813/1788 1813/2814/1789 1804/2811/1780
f 1738/2796/1714 1812/2813/1788 1810/2802/1786
f 1718/2815/1694 1710/1322/1686 1724/2782/1700
f 1456/2783/1435 1723/2786/1699 1793/2784/1769
f 1456/2783/1435 1739/2816/1715 1723/2786/1699
f 1739/2816/1715 1722/2817/1698 1723/2786/1699
f 1610/2818/1586 1740/2819/1716 1339/2820/1318
f 1740/2819/1716 1741/2821/1717 1739/2816/1715
f 1739/2816/1715 1741/2821/1717 1722/2817/1698
f 1741/2822/1717 1721/2767/1697 1722/2789/1698
f 1740/2819/1716 1715/2823/1691 1741/2821/1717
f 1715/2823/1691 1714/2824/1690 1741/2821/1717
f 1741/2822/1717 1714/2825/1690 1721/2767/1697
f 1714/2825/1690 1708/2763/1684 1721/2767/1697
f 1718/2815/1694 1760/1364/1736 1710/1322/1686
f 1720/2766/1696 1743/2826/1719 1798/2827/1774 1719/2806/1695
f 1718/2815/1694 1742/1367/1718 1760/1364/1736
f 1743/2826/1719 1832/2828/1804 1802/2829/1778 1801/2830/1777
f 1720/2766/1696 1717/2765/1693 1743/2826/1719
f 1717/2765/1693 1833/2831/1805 1834/2832/1806 1835/2833/1806 1831/2834/1803 1743/2826/1719
f 1743/2826/1719 1831/2834/1803 1832/2828/1804
f 1717/2765/1693 1744/2835/1720 1716/1375/1692 1833/2831/1805
f 1716/1375/1692 1744/2835/1720 1759/1377/1735
f 1744/2835/1720 1745/1378/1721 1759/1377/1735
f 1717/2765/1693 1713/2764/1689 1744/2835/1720
f 1713/2764/1689 1712/2836/1688 1744/2835/1720
f 1744/2837/1720 1712/2838/1688 1797/2839/1773
f 1712/2838/1688 1396/2840/1375 1350/2841/1329 1797/2839/1773
f 1746/2842/1722 1715/2823/1691 1753/2843/1729 1752/2844/1728
f 1747/2845/1723 1748/2846/1724 1746/2847/1722
f 1746/2847/1722 1748/2846/1724 1715/2848/1691
f 1748/2849/1724 1714/2824/1690 1715/2823/1691
f 1396/2840/1375 1712/2838/1688 1747/2845/1723
f 1747/2845/1723 1712/2838/1688 1748/2846/1724
f 1712/2838/1688 1713/2850/1689 1748/2846/1724
f 1748/2851/1724 1713/2764/1689 1714/2825/1690
f 1713/2764/1689 1708/2763/1684 1714/2825/1690
f 1635/2852/1611 1750/2853/1726 1728/2774/1704
f 1652/2854/1628 1727/2855/1703 1498/2193/1476
f 1751/2856/1727 1756/2857/1732 1740/2819/1716
f 1339/2820/1318 1739/2816/1715 1456/2783/1435
f 1755/2858/1731 1754/2859/1730 1747/2845/1723 1746/2847/1722
f 1337/2860/1316 1396/2840/1375 1747/2845/1723
f 1757/2861/1733 1749/2862/1725 1727/2771/1703 1729/2770/1705
f 1394/2214/1373 1732/726/1708 1351/2773/1330
f 1336/2863/1315 1635/2852/1611 1728/2774/1704 1395/2215/1374
f 1750/2853/1726 1757/2861/1733 1729/2770/1705 1728/2774/1704
f 1610/2818/1586 1751/2856/1727 1740/2819/1716
f 1756/2857/1732 1753/2843/1729 1715/2823/1691 1740/2819/1716
f 1749/2864/1725 1498/2193/1476 1727/2855/1703
f 1754/2859/1730 1337/2860/1316 1747/2845/1723
f 1749/2862/1725 1757/2861/1733 1771/2206/1747 1762/2205/1738
f 1756/2857/1732 1751/2856/1727 1765/2208/1741 1770/2207/1746
f 1337/2860/1316 1754/2859/1730 1768/2210/1744 1527/2209/1505
f 1648/2772/1624 1711/1306/1687 1761/722/1737 1577/2211/1553
f 1752/2844/1728 1753/2843/1729 1767/2213/1743 1766/2212/1742
f 1757/2861/1733 1750/2853/1726 1764/2216/1740 1771/2206/1747
f 1755/2858/1731 1746/2847/1722 1763/2218/1739 1769/2217/1745
f 1751/2856/1727 1610/2818/1586 1499/2219/1477 1765/2208/1741
f 1746/2842/1722 1752/2844/1728 1766/2212/1742 1763/2220/1739
f 1753/2843/1729 1756/2857/1732 1770/2207/1746 1767/2213/1743
f 1754/2859/1730 1755/2858/1731 1769/2217/1745 1768/2210/1744
f 1750/2853/1726 1635/2852/1611 1549/2221/1527 1764/2216/1740
f 1498/2193/1476 1749/2864/1725 1762/2222/1738
f 1350/2841/1329 1335/1406/1314 1745/1405/1721
f 1448/2430/1427 1444/2420/1423 1795/2865/1771 1794/2434/1770
f 1786/2866/1762 1775/2867/1751 1440/2423/1419 1777/2405/1753
f 1773/2868/1749 1786/2866/1762 1777/2405/1753 1425/2408/1404
f 1516/1991/1494 1782/2048/1758 1784/2524/1760 1661/2615/1637
f 1521/2044/1499 1781/1998/1757 1783/2608/1759 1621/2536/1597
f 1621/2536/1597 1783/2608/1759 1780/2609/1756 1428/2537/1407
f 1661/2615/1637 1784/2524/1760 1778/2527/1754 1441/2616/1420
f 1438/2426/1417 1776/2869/1752 1785/2409/1761 1779/2402/1755
f 1440/2423/1419 1441/2422/1420 1778/2406/1754 1777/2405/1753
f 1439/2427/1418 1438/2426/1417 1779/2402/1755 1780/2401/1756
f 1789/2369/1765 1790/2368/1766 1418/2364/1397 1384/2363/1363
f 1789/2369/1765 1792/2599/1768 1674/2576/1650 1362/2366/1341
f 1790/2368/1766 1787/2371/1763 1417/2365/1396 1418/2364/1397
f 1792/2599/1768 1791/2722/1767 1545/2724/1523 1674/2576/1650
f 1787/2318/1763 1788/2317/1764 1385/2345/1364 1417/2344/1396
f 1374/2870/1353 1788/2317/1764 1361/2312/1340
f 1338/2785/1317 1793/2784/1769 1709/2788/1685 1652/2854/1628
f 1339/2820/1318 1740/2819/1716 1739/2816/1715
f 1444/2420/1423 1440/2423/1419 1775/2867/1751 1795/2865/1771
f 1794/2434/1770 1796/2871/1772 1442/2425/1421 1446/2429/1425
f 1796/2871/1772 1776/2869/1752 1438/2426/1417 1442/2425/1421
f 1786/2866/1762 1773/2868/1749 1774/2410/1750 1785/2409/1761
f 1785/2409/1761 1776/2869/1752 1775/2867/1751 1786/2866/1762
f 1776/2869/1752 1796/2871/1772 1795/2865/1771 1775/2867/1751
f 1794/2434/1770 1795/2865/1771 1796/2871/1772
f 1797/2839/1773 1350/2841/1329 1745/1405/1721
f 1797/2839/1773 1745/1405/1721 1744/2837/1720
f 1719/2806/1695 1798/2827/1774 1801/2830/1777 1742/1367/1718
f 1801/2830/1777 1798/2827/1774 1743/2826/1719
f 1719/2806/1695 1742/1367/1718 1718/2815/1694
f 1801/2830/1777 1800/1416/1776 1742/1367/1718
f 1799/2812/1775 1719/2806/1695 1718/2815/1694
f 1801/2830/1777 1802/2829/1778 1800/1416/1776
f 1800/1416/1776 1802/2829/1778 1832/2828/1804 1758/1417/1734
f 1806/2801/1782 1810/2802/1786 1724/2782/1700 1725/2780/1701
f 1803/2795/1779 1805/2793/1781 1737/2792/1713
f 1804/2811/1780 1813/2814/1789 1812/2813/1788 1738/2796/1714
f 1722/2789/1698 1721/2767/1697 1807/2794/1783 1805/2793/1781
f 1807/2794/1783 1815/2805/1790 1814/2804/1790 1811/2803/1787 1737/2792/1713
f 1803/2795/1779 1816/2798/1791 1736/2790/1712
f 1810/2802/1786 1812/2813/1788 1799/2812/1775 1718/2815/1694 1724/2782/1700
f 1811/2803/1787 1819/2810/1792 1818/2809/1792 1817/2808/1792 1808/2807/1784 1737/2792/1713
f 1806/2801/1782 1821/2800/1793 1820/2799/1793 1809/2797/1785 1738/2796/1714
f 1804/2811/1780 1808/2807/1784 1719/2806/1695
f 1736/2790/1712 1816/2798/1791 1809/2797/1785
f 1496/2061/1474 1825/2271/1797 1830/2872/1802 1608/2494/1584
f 1530/2272/1508 1824/1968/1796 1829/2652/1801 1625/2873/1601
f 1581/2874/1557 1580/2875/1556 1828/2876/1800 1827/2877/1799
f 1582/2878/1558 1581/2874/1557 1827/2877/1799 1826/2879/1798
f 1347/2640/1326 1582/2878/1558 1826/2879/1798 1822/2647/1794
f 1625/2873/1601 1829/2652/1801 1823/2458/1795 1364/2762/1343
f 1608/2494/1584 1830/2872/1802 1822/2880/1794 1476/2495/1454
f 1580/2760/1556 1364/2762/1343 1823/2458/1795 1828/2457/1800
f 1652/2854/1628 1709/2788/1685 1727/2855/1703
f 1793/2784/1769 1723/2786/1699 1709/2788/1685
f 1832/2828/1804 1831/2834/1803 1716/1375/1692 1758/1417/1734
f 1831/2834/1803 1835/2833/1806 1834/2832/1806 1833/2831/1805 1716/1375/1692
f 1838/1431/1809 1845/2881/1816 1846/2882/1817
f 1839/2883/1810 1848/2884/1819 1846/2885/1817
f 1838/1431/1809 1849/1436/1820 1845/2881/1816
f 1840/2886/1811 1851/2887/1822 1847/2888/1818
f 1841/1440/1812 1853/2889/1824 1850/2890/1821
f 1840/2886/1811 1854/2891/1825 1851/2887/1822
f 1842/2892/1813 1859/2893/1830 1855/2894/1826
f 1843/2895/1814 1861/2896/1832 1856/2897/1827
f 1857/1467/1828 1861/2896/1832 1843/2895/1814
f 1861/2896/1832 1844/1455/1815 1859/2893/1830
f 1861/2896/1832 1859/2893/1830 1856/2897/1827
f 1856/2898/1827 1859/2899/1830 1842/2900/1813
f 1859/2893/1830 1844/1455/1815 1860/1457/1831
f 1859/2893/1830 1860/1457/1831 1855/2894/1826
f 1853/2889/1824 1857/1450/1828 1843/2901/1814
f 1854/2891/1825 1843/2902/1814 1856/2898/1827
f 1854/2891/1825 1856/2898/1827 1851/2887/1822
f 1851/2887/1822 1856/2898/1827 1842/2900/1813
f 1852/2903/1823 1842/2900/1813 1855/2904/1826
f 1853/2889/1824 1843/2901/1814 1854/2905/1825
f 1853/2889/1824 1854/2905/1825 1850/2890/1821
f 1850/2906/1821 1854/2891/1825 1840/2886/1811
f 1851/2887/1822 1842/2900/1813 1852/2903/1823
f 1851/2887/1822 1852/2903/1823 1847/2888/1818
f 1847/2888/1818 1852/2903/1823 1839/2907/1810
f 1849/1463/1820 1841/1440/1812 1850/2890/1821
f 1849/1436/1820 1850/2908/1821 1845/2881/1816
f 1845/2909/1816 1850/2906/1821 1840/2886/1811
f 1858/1466/1829 1861/2896/1832 1857/1467/1828
f 1848/1435/1819 1863/1468/1834 1846/2882/1817
f 1846/2882/1817 1863/1468/1834 1838/1431/1809
f 1845/2909/1816 1840/2886/1811 1847/2888/1818
f 1845/2881/1816 1847/2910/1818 1846/2882/1817
f 1846/2911/1817 1847/2888/1818 1839/2907/1810
f 1844/1455/1815 1861/2896/1832 1858/1466/1829
f 1862/1470/1833 1853/2889/1824 1841/1440/1812
f 1857/1450/1828 1853/2889/1824 1862/1470/1833
f 1866/2127/1837 1867/2146/1838 1872/2145/1839 1868/2144/1839 1869/2143/1839 1870/2142/1839 1871/2141/1839
f 1865/2267/1836 1864/2123/1835 1873/2269/1840 1874/2268/1840
f 1864/2123/1835 1865/2267/1836 1867/2146/1838 1866/2127/1837 1875/2126/1841 1876/2125/1841 1877/2124/1841
f 985/2098/967 1236/599/1218 986/2100/968
f 1883/1899/1845 1057/2912/1039 1091/2913/1073 1884/1900/1846
f 1884/1900/1846 1091/2913/1073 1056/1933/1038 1882/1765/1844
f 1882/1765/1844 1056/1933/1038 1071/1932/1053 1128/1766/1110
f 1883/1867/1845 1125/1756/1107 1070/1755/1052 1057/2914/1039
f 1331/2928/1310 1908/2929/1870 1905/2930/1867 1330/2931/1309
f 1334/2285/1313 1911/2284/1873 1910/2932/1872 1333/2933/1312
f 1332/2936/1311 1909/2937/1871 1906/1506/1868 1220/1505/1202
f 385/682/382 307/685/307 1220/686/1202
f 306/676/306 386/683/383 387/2938/384 383/684/380
f 1333/2171/1312 1247/2167/1229 1330/2173/1309 1334/2939/1313
f 1248/2174/1230 1332/2172/1311 1220/686/1202
usemtl Secondary
f 213/362/213 256/349/256 34/350/34 28/363/28
f 609/470/603 606/471/603 256/349/256 213/362/213
f 285/662/285 1246/678/1228 1264/675/1246
f 346/762/346 345/763/345 344/764/344 347/765/347
f 348/766/348 343/767/343 342/768/342
f 343/767/343 346/762/346 347/765/347 342/768/342
f 350/769/350 351/770/351 349/771/349
f 349/771/349 344/764/344 345/763/345 350/769/350
f 286/643/286 353/677/353 355/681/355 1246/678/1228
f 286/643/286 1246/678/1228 285/662/285
f 355/681/355 1301/778/1283 1246/678/1228
f 354/659/354 286/643/286 285/662/285
f 685/1166/681 415/1165/412 421/1152/418 728/1151/724
f 609/470/603 685/1166/681 728/1151/724 606/471/603
f 1146/1857/1128 960/1856/942 966/1843/948 1189/1842/1171
f 1564/1966/603 1146/1857/1128 1189/1842/1171 1561/1967/603
f 1222/2155/1204 1264/675/1246 1246/678/1228
f 1291/2249/1273 1292/2250/1274 1289/2251/1271 1290/2252/1272
f 1293/2253/1275 1287/2254/1269 1288/2255/1270
f 1288/2255/1270 1287/2254/1269 1292/2250/1274 1291/2249/1273
f 1295/2256/1277 1294/2257/1276 1296/2258/1278
f 1294/2257/1276 1295/2256/1277 1290/2252/1272 1289/2251/1271
f 1223/2140/1205 1246/678/1228 1302/2168/1284 1299/2166/1281
f 1223/2140/1205 1222/2155/1204 1246/678/1228
f 1302/2168/1284 1246/678/1228 1301/778/1283
f 1300/2154/1282 1222/2155/1204 1223/2140/1205
f 1641/2632/1617 1684/2618/1660 1375/2619/1354 1369/2633/1348
f 1564/1966/603 1561/1967/603 1684/2618/1660 1641/2632/1617
usemtl Eyes
f 237/272/237 196/273/196 900/274/882
f 257/357/257 212/358/212 907/359/889
f 261/371/261 908/372/890 911/373/893
f 193/261/193 259/374/259 901/375/883
f 263/386/263 219/387/219 906/388/888 909/389/891
f 212/390/212 263/386/263 909/389/891 907/391/889
f 219/387/219 221/392/221 910/393/892 906/388/888
f 221/400/221 261/371/261 911/373/893 910/401/892
f 259/403/259 264/404/264 902/405/884 901/406/883
f 264/404/264 237/407/237 900/408/882 902/405/884
f 301/624/301 359/625/359 361/626/361
f 301/624/301 884/628/875 893/629/879 894/630/879 895/631/879 882/632/873 363/633/363 370/634/369 357/627/357
f 302/638/302 364/639/364 360/637/360
f 301/624/301 898/648/881 897/649/881 899/650/881 896/651/880 362/644/362 358/652/358 302/638/302 885/653/876 890/654/877 886/655/877 887/656/877 888/657/877 889/658/877 884/628/875
f 302/638/302 366/660/366 364/639/364
f 357/627/357 359/625/359 301/624/301
f 358/652/358 367/661/367 366/660/366 302/638/302
f 360/637/360 375/636/372 374/635/372 363/633/363 882/632/873 891/782/878 892/783/878 883/784/874 302/638/302
f 729/1159/725 915/1160/897 684/1161/680
f 733/1173/729 917/1174/899 912/1175/894
f 735/1188/731 913/1189/895 914/1190/896 691/1191/687
f 684/1192/680 915/1193/897 913/1189/895 735/1188/731
f 691/1194/687 914/1195/896 916/1196/898 693/1197/689
f 693/1197/689 916/1196/898 917/1174/899 733/1173/729
f 883/784/874 885/653/876 302/638/302
f 896/651/880 371/645/370 362/644/362
f 904/1243/886 903/1242/885 736/1207/732 709/1209/705
f 905/1250/887 664/1063/660 731/1177/727
f 903/1242/885 905/1244/887 731/1204/727 736/1207/732
f 667/1074/663 904/1268/886 709/1071/705
f 1170/1764/1152 1882/1765/1844 1128/1766/1110
f 1190/1850/1172 1889/1851/1851 1145/1852/1127
f 1194/1864/1176 1893/1865/1855 1890/1866/1852
f 1125/1756/1107 1883/1867/1845 1192/1868/1174
f 1196/1880/1178 1891/1881/1853 1888/1882/1850 1152/1883/1134
f 1145/1884/1127 1889/1885/1851 1891/1881/1853 1196/1880/1178
f 1152/1883/1134 1888/1882/1850 1892/1886/1854 1154/1887/1136
f 1154/1895/1136 1892/1896/1854 1893/1865/1855 1194/1864/1176
f 1192/1898/1174 1883/1899/1845 1884/1900/1846 1197/1901/1179
f 1197/1901/1179 1884/1900/1846 1882/1765/1844 1170/1764/1152
f 1241/2117/1223 1308/2118/1290 1306/2119/1288
f 1241/2117/1223 1304/2120/1286 1317/2121/1298 1310/2122/1292 1864/2123/1835 1877/2124/1841 1876/2125/1841 1875/2126/1841 1866/2127/1837
f 1242/2131/1224 1307/2128/1289 1311/2132/1293
f 1241/2117/1223 1866/2127/1837 1871/2141/1839 1870/2142/1839 1869/2143/1839 1868/2144/1839 1872/2145/1839 1867/2146/1838 1242/2131/1224 1305/2147/1287 1309/2139/1291 1878/2148/1842 1881/2149/1843 1879/2150/1843 1880/2151/1843
f 1242/2131/1224 1311/2132/1293 1313/2153/1295
f 1304/2120/1286 1241/2117/1223 1306/2119/1288
f 1305/2147/1287 1242/2131/1224 1313/2153/1295 1314/2152/1296
f 1307/2128/1289 1242/2131/1224 1865/2267/1836 1874/2268/1840 1873/2269/1840 1864/2123/1835 1310/2122/1292 1321/2130/1301 1322/2129/1301
f 1685/2626/1661 1640/2627/1616 1897/2628/1859
f 1689/2641/1665 1894/2642/1856 1899/2643/1861
f 1691/2657/1667 1647/2658/1623 1896/2659/1858 1895/2660/1857
f 1640/2627/1616 1691/2661/1667 1895/2662/1857 1897/2628/1859
f 1647/2658/1623 1649/2663/1625 1898/2664/1860 1896/2659/1858
f 1649/2672/1625 1689/2641/1665 1899/2643/1861 1898/2673/1860
f 1865/2267/1836 1242/2131/1224 1867/2146/1838
f 1878/2148/1842 1309/2139/1291 1318/2138/1299
f 1886/2711/1848 1665/2539/1641 1692/2676/1668 1885/2712/1847
f 1887/2717/1849 1687/2644/1663 1619/2529/1595
f 1885/2712/1847 1692/2676/1668 1687/2675/1663 1887/2713/1849
f 1622/2540/1598 1665/2539/1641 1886/2711/1848
usemtl Nose
f 87/133/87 85/132/85 94/144/94 96/145/96
f 84/137/84 86/136/86 91/146/91 89/147/89
f 85/132/85 322/139/322 320/148/320 94/144/94
f 236/268/236 195/269/195 87/270/87 96/271/96
f 192/257/192 201/293/201 91/294/91 86/258/86
f 561/533/558 582/529/579 201/293/201 192/257/192
f 568/520/565 567/549/564 195/269/195 236/268/236
f 321/744/321 320/745/320 348/746/348 342/747/342
f 321/748/321 84/137/84 89/147/89 320/148/320
f 320/758/320 322/759/322 343/760/343 348/761/348
f 1301/778/1283 355/681/355 918/779/900 1900/780/1862
f 355/681/355 356/680/356 920/781/902 918/779/900
f 474/928/471 483/941/480 481/942/478 472/929/469
f 471/932/468 476/943/473 478/944/475 473/933/470
f 472/929/469 481/942/478 803/945/799 805/935/801
f 708/1067/704 483/1068/480 474/1069/471 666/1070/662
f 663/1059/659 473/1058/470 478/1093/475 673/1094/669
f 561/533/558 663/1059/659 673/1094/669 582/529/579
f 568/520/565 708/1067/704 666/1070/662 567/549/564
f 804/1410/800 803/945/799 476/943/473 471/932/468
f 803/945/799 804/1410/800 805/935/801
f 918/779/900 920/781/902 1900/780/1862
f 1900/780/1862 920/781/902 919/1480/901 1901/1481/1863
f 356/1482/356 384/1483/381 919/1484/901 920/1485/902
f 384/679/381 1262/1486/1244 1901/1481/1863 919/1480/901
f 1262/1500/1244 384/1501/381 922/1502/904 1907/1503/1869
f 1019/1624/1001 1028/1637/1010 1026/1638/1008 1017/1625/999
f 1016/1628/998 1021/1639/1003 1023/1640/1005 1018/1629/1000
f 1017/1625/999 1026/1638/1008 1265/1641/1247 1267/1631/1249
f 1169/1760/1151 1028/1761/1010 1019/1762/1001 1127/1763/1109
f 1124/1752/1106 1018/1751/1000 1023/1784/1005 1133/1785/1115
f 1515/2028/1493 1124/1752/1106 1133/1785/1115 1536/2024/1514
f 1522/2015/1500 1169/1760/1151 1127/1763/1109 1521/2044/1499
f 1266/2231/1248 1287/2232/1269 1293/2233/1275 1265/2234/1247
f 1266/2235/1248 1265/1641/1247 1021/1639/1003 1016/1628/998
f 1265/2245/1247 1293/2246/1275 1288/2247/1270 1267/2248/1249
f 1301/778/1283 1900/780/1862 1902/2265/1864 1302/2168/1284
f 1302/2168/1284 1902/2265/1864 1904/2266/1866 1303/2169/1285
f 1428/2404/1407 1426/2403/1405 1435/2415/1414 1437/2416/1416
f 1425/2408/1404 1427/2407/1406 1432/2417/1411 1430/2418/1409
f 1426/2403/1405 1774/2410/1750 1772/2419/1748 1435/2415/1414
f 1664/2535/1640 1621/2536/1597 1428/2537/1407 1437/2538/1416
f 1618/2525/1594 1628/2561/1604 1432/2562/1411 1427/2526/1406
f 1515/2028/1493 1536/2024/1514 1628/2561/1604 1618/2525/1594
f 1522/2015/1500 1521/2044/1499 1621/2536/1597 1664/2535/1640
f 1773/2868/1749 1425/2408/1404 1430/2418/1409 1772/2419/1748
f 1772/2419/1748 1774/2410/1750 1773/2868/1749
f 1902/2265/1864 1900/780/1862 1904/2266/1866
f 1900/780/1862 1901/1481/1863 1903/2922/1865 1904/2266/1866
f 1303/2169/1285 1904/2266/1866 1903/2922/1865 1331/2170/1310
f 1331/2170/1310 1903/2922/1865 1901/1481/1863 1262/1486/1244
f 1262/1500/1244 1907/1503/1869 1908/2934/1870 1331/2935/1310
usemtl Highlights
f 2/42/2 140/43/140 265/44/265
f 38/51/38 49/52/49 48/53/48 30/54/30
f 30/54/30 48/53/48 36/59/36
f 32/60/32 52/61/52 49/52/49 38/51/38
f 41/62/41 42/63/42 37/64/37 29/65/29
f 42/63/42 45/66/45 31/67/31 37/64/37
f 35/82/35 41/62/41 29/65/29
f 48/53/48 49/52/49 42/63/42 41/62/41
f 49/52/49 52/61/52 45/66/45 42/63/42
f 36/59/36 48/53/48 41/62/41 35/82/35
f 93/122/93 90/123/90 82/124/82 83/125/83
f 90/123/90 92/126/92 81/127/81 82/124/82
f 95/128/95 93/122/93 83/125/83 80/129/80
f 83/125/83 82/124/82 88/140/88
f 82/141/82 81/142/81 88/143/88
f 80/129/80 83/125/83 88/140/88
f 96/145/96 94/144/94 93/122/93 95/128/95
f 89/147/89 91/146/91 92/126/92 90/123/90
f 94/144/94 320/148/320 89/147/89 90/123/90 93/122/93
f 266/202/266 141/203/141 23/204/23
f 23/204/23 72/205/72 271/206/271 266/202/266
f 144/207/144 55/208/55 270/209/270 272/210/272
f 227/233/227 186/234/186 81/235/81 92/236/92
f 238/275/238 197/276/197 141/277/141 140/278/140
f 2/42/2 238/279/238 140/43/140
f 239/280/239 198/281/198 80/282/80 88/283/88
f 197/284/197 199/285/199 23/204/23 141/203/141
f 186/286/186 239/287/239 88/143/88 81/142/81
f 201/293/201 227/233/227 92/236/92 91/294/91
f 198/281/198 206/307/206 95/308/95 80/282/80
f 206/307/206 236/268/236 96/271/96 95/308/95
f 214/365/214 257/357/257 37/395/37 31/366/31
f 623/448/619 615/449/611 261/371/261 221/400/221
f 611/453/607 608/454/605 257/357/257 214/365/214
f 620/457/616 623/448/619 221/400/221 219/458/219
f 607/461/604 621/462/617 263/463/263 212/358/212
f 621/466/617 620/467/616 219/387/219 263/386/263
f 615/449/611 610/483/606 258/361/258 908/372/890 261/371/261
f 608/454/605 607/461/604 212/358/212 257/357/257
f 590/519/587 568/520/565 236/268/236 206/307/206
f 574/525/571 590/519/587 206/307/206 198/281/198
f 582/529/579 550/530/547 227/233/227 201/293/201
f 549/539/546 575/540/572 239/287/239 186/286/186
f 571/541/568 576/542/573 199/285/199 197/284/197
f 575/543/572 574/525/571 198/281/198 239/280/239
f 573/544/570 572/545/569 238/279/238 2/42/2
f 572/546/569 571/547/568 197/276/197 238/275/238
f 550/530/547 549/558/546 186/234/186 227/233/227
f 270/564/270 265/565/265 266/566/266 271/567/271
f 272/568/272 270/564/270 271/567/271 269/569/269
f 267/570/267 272/568/272 269/569/269 268/571/268
f 55/208/55 2/42/2 265/44/265 270/209/270
f 145/40/145 144/101/144 272/568/272 267/570/267
f 72/205/72 73/572/73 269/573/269 271/206/271
f 73/572/73 24/574/24 268/575/268 269/573/269
f 24/22/24 145/40/145 267/570/267 268/571/268
f 266/576/266 265/577/265 140/278/140 141/277/141
f 365/640/365 373/647/371 372/646/371 371/645/370 896/651/880 301/624/301
f 389/840/386 737/841/733 527/842/524
f 425/849/422 417/850/414 435/851/432 436/852/433
f 417/857/414 423/858/420 435/859/432
f 419/860/416 425/849/422 436/852/433 439/861/436
f 428/862/425 416/863/413 424/864/421 429/865/426
f 429/865/426 424/864/421 418/866/415 432/867/429
f 422/880/419 416/863/413 428/862/425
f 435/859/432 428/862/425 429/865/426 436/881/433
f 436/881/433 429/865/426 432/867/429 439/882/436
f 423/858/420 422/880/419 428/862/425 435/859/432
f 480/919/477 470/920/467 469/921/466 477/922/474
f 477/922/474 469/921/466 468/923/465 479/924/476
f 482/925/479 467/926/464 470/920/467 480/919/477
f 470/920/467 475/937/472 469/921/466
f 469/938/466 475/939/472 468/940/465
f 467/926/464 475/937/472 470/920/467
f 483/941/480 482/925/479 480/919/477 481/942/478
f 476/943/473 477/922/474 479/924/476 478/944/475
f 481/942/478 480/919/477 477/922/474 476/943/473 803/945/799
f 738/999/734 410/1000/407 528/1001/525
f 410/1000/407 738/999/734 743/1002/739 459/1003/456
f 397/1004/394 744/1005/740 742/1006/738 442/1007/439
f 699/1032/695 479/1033/476 468/1034/465 657/1035/653
f 710/1075/706 527/1076/524 528/1077/525 668/1078/664
f 389/840/386 527/842/524 710/1079/706
f 711/1080/707 475/1081/472 467/1082/464 669/1083/665
f 668/1084/664 528/1001/525 410/1000/407 670/1085/666
f 657/1086/653 468/940/465 475/939/472 711/1087/707
f 673/1094/669 478/1093/475 479/1033/476 699/1032/695
f 669/1083/665 467/1082/464 482/1106/479 678/1107/674
f 678/1107/674 482/1106/479 483/1068/480 708/1067/704
f 686/1168/682 418/1167/415 424/1198/421 729/1159/725
f 623/448/619 693/1197/689 733/1173/729 615/449/611
f 611/453/607 686/1168/682 729/1159/725 608/454/605
f 620/457/616 691/1194/687 693/1197/689 623/448/619
f 607/1245/604 684/1192/680 735/1188/731 621/1246/617
f 621/1246/617 735/1188/731 691/1191/687 620/1247/616
f 615/449/611 733/1173/729 912/1175/894 730/1164/726 610/483/606
f 608/454/605 729/1159/725 684/1161/680 607/461/604
f 590/519/587 678/1107/674 708/1067/704 568/520/565
f 574/525/571 669/1083/665 678/1107/674 590/519/587
f 582/529/579 673/1094/669 699/1032/695 550/530/547
f 549/539/546 657/1086/653 711/1087/707 575/540/572
f 571/541/568 668/1084/664 670/1085/666 576/542/573
f 575/543/572 711/1080/707 669/1083/665 574/525/571
f 573/544/570 389/840/386 710/1079/706 572/545/569
f 572/546/569 710/1075/706 668/1078/664 571/547/568
f 550/530/547 699/1032/695 657/1035/653 549/558/546
f 742/1271/738 743/1272/739 738/1273/734 737/1274/733
f 744/1275/740 741/1276/737 743/1272/739 742/1271/738
f 739/1277/735 740/1278/736 741/1276/737 744/1275/740
f 442/1007/439 742/1006/738 737/841/733 389/840/386
f 397/1004/394 739/1279/735 744/1005/740
f 459/1003/456 743/1002/739 741/1280/737 460/1281/457
f 460/1281/457 741/1280/737 740/1282/736 411/1283/408
f 738/1284/734 528/1077/525 527/1076/524 737/1285/733
f 1335/1414/1314 1836/1415/1807 739/1279/735 397/1004/394
f 1363/1427/1342 411/1283/408 740/1282/736 1837/1428/1808
f 740/1278/736 739/1277/735 1836/1429/1807 1837/1430/1808
f 896/651/880 899/650/881 897/649/881 898/648/881 301/624/301
f 301/624/301 361/626/361 369/642/368 368/641/368 365/640/365
f 907/391/889 909/389/891 35/82/35 29/65/29
f 909/389/891 906/388/888 36/59/36 35/82/35
f 911/373/893 908/372/890 258/361/258 32/364/32 38/1475/38
f 906/388/888 910/393/892 30/54/30 36/59/36
f 907/359/889 29/1476/29 37/395/37 257/357/257
f 910/401/892 911/373/893 38/1475/38 30/1477/30
f 914/1190/896 913/1189/895 422/880/419 423/858/420
f 912/1175/894 917/1174/899 425/849/422 419/860/416 730/1164/726
f 916/1478/898 914/1190/896 423/858/420 417/857/414
f 915/1160/897 729/1159/725 424/1198/421 416/1479/413
f 917/1174/899 916/1196/898 417/850/414 425/849/422
f 913/1189/895 915/1193/897 416/863/413 422/880/419
f 928/1539/910 1198/1540/1180 1072/1541/1054
f 970/1548/952 962/1549/944 980/1550/962 981/1551/963
f 962/1549/944 968/1556/950 980/1550/962
f 964/1557/946 970/1548/952 981/1551/963 984/1558/966
f 973/1559/955 961/1560/943 969/1561/951 974/1562/956
f 974/1562/956 969/1561/951 963/1563/945 977/1564/959
f 967/1577/949 961/1560/943 973/1559/955
f 980/1550/962 973/1559/955 974/1562/956 981/1551/963
f 981/1551/963 974/1562/956 977/1564/959 984/1558/966
f 968/1556/950 967/1577/949 973/1559/955 980/1550/962
f 1025/1615/1007 1015/1616/997 1014/1617/996 1022/1618/1004
f 1022/1618/1004 1014/1617/996 1013/1619/995 1024/1620/1006
f 1027/1621/1009 1012/1622/994 1015/1616/997 1025/1615/1007
f 1015/1616/997 1020/1633/1002 1014/1617/996
f 1014/1634/996 1020/1635/1002 1013/1636/995
f 1012/1622/994 1020/1633/1002 1015/1616/997
f 1028/1637/1010 1027/1621/1009 1025/1615/1007 1026/1638/1008
f 1021/1639/1003 1022/1618/1004 1024/1620/1006 1023/1640/1005
f 1026/1638/1008 1025/1615/1007 1022/1618/1004 1021/1639/1003 1265/1641/1247
f 1199/1695/1181 955/1696/937 1073/1697/1055
f 955/1696/937 1199/1695/1181 1204/1698/1186 1004/1699/986
f 1076/1700/1058 1205/1701/1187 1203/1702/1185 987/1703/969
f 1160/1726/1142 1024/1727/1006 1013/1728/995 1118/1729/1100
f 1171/1767/1153 1072/1768/1054 1073/1769/1055 1129/1770/1111
f 928/1539/910 1072/1541/1054 1171/1771/1153
f 1172/1772/1154 1020/1773/1002 1012/1774/994 1130/1775/1112
f 1129/1776/1111 1073/1697/1055 955/1696/937 1131/1777/1113
f 1118/1778/1100 1013/1636/995 1020/1635/1002 1172/1779/1154
f 1133/1785/1115 1023/1784/1005 1024/1727/1006 1160/1726/1142
f 1130/1775/1112 1012/1774/994 1027/1798/1009 1138/1799/1120
f 1138/1799/1120 1027/1798/1009 1028/1761/1010 1169/1760/1151
f 1147/1859/1129 963/1858/945 969/1890/951 1190/1850/1172
f 1578/1944/1554 1154/1895/1136 1194/1864/1176 1570/1945/1546
f 1566/1949/1542 1147/1859/1129 1190/1850/1172 1563/1950/1540
f 1575/1953/1551 1152/1954/1134 1154/1895/1136 1578/1944/1554
f 1562/1957/1539 1145/1852/1127 1196/1958/1178 1576/1959/1552
f 1576/1962/1552 1196/1880/1178 1152/1883/1134 1575/1963/1551
f 1570/1945/1546 1194/1864/1176 1890/1866/1852 1191/1854/1173 1565/1979/1541
f 1563/1950/1540 1190/1850/1172 1145/1852/1127 1562/1957/1539
f 1544/2014/1522 1138/1799/1120 1169/1760/1151 1522/2015/1500
f 1528/2019/1506 1130/1775/1112 1138/1799/1120 1544/2014/1522
f 1536/2024/1514 1133/1785/1115 1160/1726/1142 1504/2025/1482
f 1503/2033/1481 1118/1778/1100 1172/1779/1154 1529/2034/1507
f 1525/2035/1503 1129/1776/1111 1131/1777/1113 1530/2036/1508
f 1529/2037/1507 1172/1772/1154 1130/1775/1112 1528/2019/1506
f 1527/2038/1505 928/1539/910 1171/1771/1153 1526/2039/1504
f 1526/2040/1504 1171/1767/1153 1129/1770/1111 1525/2041/1503
f 1504/2025/1482 1160/1726/1142 1118/1729/1100 1503/2055/1481
f 1203/2062/1185 1204/2063/1186 1199/2064/1181 1198/2065/1180
f 1205/2066/1187 1202/2067/1184 1204/2063/1186 1203/2062/1185
f 1200/2068/1182 1201/2069/1183 1202/2067/1184 1205/2066/1187
f 987/1703/969 1203/1702/1185 1198/1540/1180 928/1539/910
f 1077/1537/1059 1200/2068/1182 1205/2066/1187 1076/1594/1058
f 1004/1699/986 1204/1698/1186 1202/2070/1184 1005/2071/987
f 1005/2071/987 1202/2070/1184 1201/2072/1183 956/2073/938
f 956/1526/938 1201/2069/1183 1200/2068/1182 1077/1537/1059
f 1199/2074/1181 1073/1769/1055 1072/1768/1054 1198/2075/1180
f 1312/2135/1294 1241/2117/1223 1878/2148/1842 1318/2138/1299 1319/2137/1300 1320/2136/1300
f 1337/2314/1316 1481/2315/1459 1693/2316/1669
f 1379/2323/1358 1390/2324/1369 1389/2325/1368 1371/2326/1350
f 1371/2326/1350 1389/2325/1368 1377/2331/1356
f 1373/2332/1352 1393/2333/1372 1390/2324/1369 1379/2323/1358
f 1382/2334/1361 1383/2335/1362 1378/2336/1357 1370/2337/1349
f 1383/2335/1362 1386/2338/1365 1372/2339/1351 1378/2336/1357
f 1376/2356/1355 1382/2334/1361 1370/2337/1349
f 1389/2325/1368 1390/2324/1369 1383/2335/1362 1382/2334/1361
f 1390/2324/1369 1393/2333/1372 1386/2338/1365 1383/2335/1362
f 1377/2331/1356 1389/2325/1368 1382/2334/1361 1376/2356/1355
f 1434/2393/1413 1431/2394/1410 1423/2395/1402 1424/2396/1403
f 1431/2394/1410 1433/2397/1412 1422/2398/1401 1423/2395/1402
f 1436/2399/1415 1434/2393/1413 1424/2396/1403 1421/2400/1400
f 1424/2396/1403 1423/2395/1402 1429/2411/1408
f 1423/2412/1402 1422/2413/1401 1429/2414/1408
f 1421/2400/1400 1424/2396/1403 1429/2411/1408
f 1437/2416/1416 1435/2415/1414 1434/2393/1413 1436/2399/1415
f 1430/2418/1409 1432/2417/1411 1433/2397/1412 1431/2394/1410
f 1435/2415/1414 1772/2419/1748 1430/2418/1409 1431/2394/1410 1434/2393/1413
f 1694/2473/1670 1482/2474/1460 1364/2475/1343
f 1364/2475/1343 1413/2476/1392 1699/2477/1675 1694/2473/1670
f 1350/2478/1329 1396/2479/1375 1698/2480/1674 1700/2481/1676
f 1655/2502/1631 1612/2503/1588 1422/2504/1401 1433/2505/1412
f 1666/2543/1642 1623/2544/1599 1482/2545/1460 1481/2546/1459
f 1337/2314/1316 1666/2547/1642 1481/2315/1459
f 1667/2548/1643 1624/2549/1600 1421/2550/1400 1429/2551/1408
f 1623/2552/1599 1625/2553/1601 1364/2475/1343 1482/2474/1460
f 1612/2554/1588 1667/2555/1643 1429/2414/1408 1422/2413/1401
f 1628/2561/1604 1655/2502/1631 1433/2505/1412 1432/2562/1411
f 1624/2549/1600 1633/2574/1609 1436/2575/1415 1421/2550/1400
f 1633/2574/1609 1664/2535/1640 1437/2538/1416 1436/2575/1415
f 1642/2635/1618 1685/2626/1661 1378/2667/1357 1372/2636/1351
f 1578/1944/1554 1570/1945/1546 1689/2641/1665 1649/2672/1625
f 1566/1949/1542 1563/1950/1540 1685/2626/1661 1642/2635/1618
f 1575/2714/1551 1578/2715/1554 1649/2663/1625 1647/2658/1623
f 1562/1957/1539 1576/1959/1552 1691/2661/1667 1640/2627/1616
f 1576/2716/1552 1575/2714/1551 1647/2658/1623 1691/2657/1667
f 1570/1945/1546 1565/1979/1541 1686/2631/1662 1894/2642/1856 1689/2641/1665
f 1563/1950/1540 1562/1957/1539 1640/2627/1616 1685/2626/1661
f 1544/2014/1522 1522/2015/1500 1664/2535/1640 1633/2574/1609
f 1528/2019/1506 1544/2014/1522 1633/2574/1609 1624/2549/1600
f 1536/2024/1514 1504/2025/1482 1655/2502/1631 1628/2561/1604
f 1503/2033/1481 1529/2034/1507 1667/2555/1643 1612/2554/1588
f 1525/2035/1503 1530/2036/1508 1625/2553/1601 1623/2552/1599
f 1529/2037/1507 1528/2019/1506 1624/2549/1600 1667/2548/1643
f 1527/2038/1505 1526/2039/1504 1666/2547/1642 1337/2314/1316
f 1526/2040/1504 1525/2041/1503 1623/2544/1599 1666/2543/1642
f 1504/2025/1482 1503/2055/1481 1612/2503/1588 1655/2502/1631
f 1698/2742/1674 1693/2743/1669 1694/2744/1670 1699/2745/1675
f 1700/2746/1676 1698/2742/1674 1699/2745/1675 1697/2747/1673
f 1695/2748/1671 1700/2746/1676 1697/2747/1673 1696/2749/1672
f 1396/2479/1375 1337/2314/1316 1693/2316/1669 1698/2480/1674
f 1350/2478/1329 1700/2481/1676 1695/2750/1671
f 1413/2476/1392 1414/2751/1393 1697/2752/1673 1699/2477/1675
f 1414/2751/1393 1365/2753/1344 1696/2754/1672 1697/2752/1673
f 1694/2755/1670 1693/2756/1669 1481/2546/1459 1482/2545/1460
f 1335/1414/1314 1350/2478/1329 1695/2750/1671 1836/1415/1807
f 1363/1427/1342 1837/1428/1808 1696/2754/1672 1365/2753/1344
f 1696/2749/1672 1837/1430/1808 1836/1429/1807 1695/2748/1671
f 1878/2148/1842 1241/2117/1223 1880/2151/1843 1879/2150/1843 1881/2149/1843
f 1241/2117/1223 1312/2135/1294 1315/2134/1297 1316/2133/1297 1308/2118/1290
f 1889/1885/1851 961/1560/943 967/1577/949 1891/1881/1853
f 1891/1881/1853 967/1577/949 968/1556/950 1888/1882/1850
f 1893/1865/1855 970/2915/952 964/1855/946 1191/1854/1173 1890/1866/1852
f 1888/1882/1850 968/1556/950 962/1549/944 1892/1886/1854
f 1889/1851/1851 1190/1850/1172 969/1890/951 961/2916/943
f 1892/1896/1854 962/2917/944 970/2915/952 1893/1865/1855
f 1896/2659/1858 1377/2331/1356 1376/2356/1355 1895/2660/1857
f 1894/2642/1856 1686/2631/1662 1373/2634/1352 1379/2918/1358 1899/2643/1861
f 1898/2664/1860 1371/2326/1350 1377/2331/1356 1896/2659/1858
f 1897/2628/1859 1370/2919/1349 1378/2667/1357 1685/2626/1661
f 1899/2643/1861 1379/2918/1358 1371/2920/1350 1898/2673/1860
f 1895/2662/1857 1376/2921/1355 1370/2919/1349 1897/2628/1859
usemtl Mouth
f 922/1487/904 921/1488/903 1906/1489/1868 1907/1490/1869
f 921/1488/903 925/1491/907 924/1492/906 923/1493/905 1906/1489/1868
f 1908/2923/1870 1907/1490/1869 1906/1489/1868 1905/2924/1867
f 1905/2924/1867 1906/1489/1868 1909/2925/1871 1910/2926/1872 1911/2927/1873
