# Blender 4.5.1 LTS
# www.blender.org
mtllib tree_blender_file.mtl
o BranchesCBranchesuBranchesbBrancheseBranches.Branches0BrancBran
v 0.696936 6.233139 -3.060959
v 1.908621 7.694551 -3.450982
v 1.260864 5.328184 -3.033484
v 3.367933 6.011489 -3.556252
v 0.640822 6.230509 -1.995803
v 2.312349 7.908077 -1.268144
v 1.204749 5.325554 -1.968329
v 3.771662 6.225015 -1.373414
v 3.214924 7.971261 -3.077700
v 3.851889 7.236632 -3.123649
v 4.028110 7.329833 -2.170877
v 3.391145 8.064461 -2.124928
v 1.036945 6.738298 -3.241546
v 1.951342 5.488690 -3.257072
v 2.043536 5.556019 -1.721377
v 1.129971 6.802719 -1.704049
v 1.352254 5.818694 -3.174896
v 1.510022 6.702180 -3.695876
v 2.341272 6.843959 -3.586987
v 2.541119 6.496282 -3.667816
v 2.063292 6.750478 -3.872188
v 2.263139 6.402802 -3.953017
v 1.967880 5.905640 -3.881060
v 1.420957 6.497036 -3.279793
v 1.825993 6.808436 -3.371697
v 2.559291 6.289999 -3.449048
v 2.292198 6.862234 -3.449519
v 1.659872 5.887012 -3.252123
v 2.433643 6.062268 -3.403198
v 1.176586 6.148740 -3.172045
v 3.695893 6.042323 -2.921076
v 4.038002 6.842760 -2.573707
v 4.231575 6.409322 -1.765583
v 4.402189 6.388569 -2.598286
v 4.486680 6.199381 -2.245553
v 4.252864 6.039192 -2.749907
v 4.337355 5.850003 -2.397174
v 3.889465 5.608884 -2.112952
v 3.500173 6.082228 -2.813171
v 3.664626 6.168406 -1.952124
v 3.131500 5.963682 -2.119716
v 3.270106 6.007578 -2.404056
v 3.540369 6.175580 -2.788201
v 3.787511 6.780879 -2.521433
v 3.766100 6.416411 -1.841410
v 2.116437 6.058011 -1.420145
v 2.301260 6.784296 -1.365871
v 1.697709 6.905694 -0.935076
v 2.273663 6.542490 -0.967125
v 2.010223 6.595478 -0.779091
v 2.192991 6.225479 -0.990814
v 1.929551 6.278467 -0.802780
v 1.512886 6.179409 -0.989351
v 2.178269 6.734903 -1.494210
v 1.482073 6.686532 -1.649315
v 1.394213 6.365106 -1.723783
v 1.939344 6.724375 -1.546417
v 1.904333 6.133310 -1.653444
v 2.402711 8.281076 -2.525153
v 2.936686 8.128372 -2.502213
v 2.921539 7.994400 -3.041468
v 2.855304 8.380571 -2.724022
v 2.848692 8.322094 -2.959397
v 2.622233 8.447224 -2.734034
v 2.615621 8.388747 -2.969410
v 2.387564 8.147103 -3.064408
v 2.292669 7.809317 -2.801547
v 2.723397 7.913524 -2.469027
v 2.276740 7.825211 -2.494899
v 2.763038 7.914889 -2.571270
v 2.826325 7.903087 -2.960329
v 3.390529 7.742157 -1.945233
v 3.526519 7.629122 -1.556126
v 3.719887 7.303401 -1.733388
v 3.737954 7.680757 -1.698376
v 3.822356 7.538585 -1.775748
v 3.710820 7.754353 -1.863210
v 3.795222 7.612181 -1.940582
v 3.258239 7.530034 -1.732857
v 3.514269 7.309971 -1.793163
v 3.681468 7.407604 -1.966774
v 3.707471 7.522728 -2.049358
v -4.096429 -0.067413 0.353439
v -3.393472 -0.056000 -0.402612
v -4.191538 0.073167 0.399657
v -3.506648 0.369032 -0.468005
v -3.777711 -0.067413 0.128374
v -3.523116 -0.067413 -0.148838
v -3.607269 0.386904 -0.244285
v -3.868292 0.304629 0.137843
v -4.539242 0.809212 0.484281
v -4.606231 0.630280 0.547036
v -4.926373 0.856767 0.824758
v -4.912736 0.742518 0.804690
v -5.125409 0.599902 1.029817
v -3.999158 1.120148 -0.061649
v -4.185567 1.072655 0.153018
v -4.228867 1.692446 -0.214588
v -4.324267 1.744457 -0.081905
v -4.155550 2.135055 -0.388197
v -3.582010 1.054328 -0.546387
v -3.700233 1.069992 -0.393710
v -3.613037 1.535831 -0.609036
v -3.308631 -0.056000 -0.686692
v -3.377862 0.204526 -0.739142
v -3.406537 0.581277 -0.959421
v -3.510383 0.744079 -0.816373
v -3.325015 0.891181 -1.148636
v -4.664133 -0.068668 -0.129313
v -3.993021 -0.055857 -0.879406
v -4.708284 0.070528 -0.043210
v -3.907684 0.405379 -0.796575
v -4.433527 -0.068555 -0.419839
v -4.185927 -0.067738 -0.689489
v -4.075460 0.420100 -0.641118
v -4.437090 0.298486 -0.342952
v -4.715714 0.804139 0.313747
v -4.776037 0.625208 0.381921
v -5.008872 0.850903 0.727863
v -4.989152 0.736653 0.712740
v -5.175938 0.594294 0.958965
v -4.250594 1.051663 -0.266630
v -4.435962 1.004170 -0.051115
v -4.364264 1.568204 -0.270637
v -4.465640 1.620215 -0.142813
v -4.258924 2.012541 -0.377015
v -3.684378 1.136623 -0.662443
v -3.810589 1.152286 -0.516261
v -3.652798 1.625940 -0.685920
v -3.781341 -0.056093 -1.054981
v -3.733220 0.203314 -1.011690
v -3.548980 0.575554 -1.055731
v -3.659222 0.738356 -0.917885
v -3.401268 0.882068 -1.188343
v 1.792796 0.099894 -0.095428
v 1.798783 0.407422 -0.192179
v 2.029083 0.027617 -0.304960
v 1.908028 0.064377 -0.168640
v 1.903992 0.397315 -0.252986
v 2.067225 0.292310 -0.388470
v 2.047377 0.893330 -0.528789
v 2.136794 0.830933 -0.624145
v 2.019701 1.307478 -0.693855
v 2.084445 1.329427 -0.751659
v 1.984955 1.647595 -0.696794
v 1.827383 0.907906 -0.297187
v 1.896862 0.900444 -0.363190
v 1.844978 1.261494 -0.359952
v 1.659225 0.126584 -0.041506
v 1.656888 0.316026 -0.100193
v 1.587129 0.605316 -0.143855
v 1.667902 0.706675 -0.217836
v 1.531528 0.850436 -0.128208
v 1.528522 0.098523 -0.366402
v 1.621066 0.433643 -0.376801
v 1.726902 0.027182 -0.600046
v 1.609231 0.063530 -0.467555
v 1.689121 0.422194 -0.466969
v 1.802018 0.288579 -0.643627
v 1.927022 0.843195 -0.635028
v 2.016908 0.780799 -0.729913
v 1.972289 1.212739 -0.744323
v 2.034347 1.234681 -0.804823
v 1.972150 1.551047 -0.734822
v 1.773909 0.970220 -0.350534
v 1.839798 0.962749 -0.420140
v 1.814746 1.330455 -0.385352
v 1.454553 0.124778 -0.255470
v 1.505005 0.313511 -0.261111
v 1.531999 0.599517 -0.208383
v 1.609896 0.700870 -0.285250
v 1.507154 0.842032 -0.162643
v -2.348608 8.289753 1.549842
v -2.086475 9.508026 2.807096
v -2.264961 7.407961 1.955578
v -1.772840 7.837173 3.929186
v -3.317233 8.187572 1.527468
v -4.071976 9.437135 3.256502
v -3.233585 7.305782 1.933204
v -3.758340 7.766282 4.378592
v -2.400250 9.572266 4.032327
v -2.263354 8.842967 4.522100
v -3.129991 8.812024 4.718258
v -3.266887 9.541324 4.228485
v -2.219563 8.724350 1.911817
v -2.050196 7.496699 2.593509
v -3.446694 7.393861 2.726291
v -3.617385 8.618618 2.045062
v -2.179854 7.853593 2.091776
v -1.785177 8.683558 2.323711
v -1.864820 8.706356 3.095896
v -1.750409 8.378590 3.234090
v -1.608005 8.682028 2.825576
v -1.493595 8.354261 2.963769
v -1.523058 7.932631 2.640318
v -2.146709 8.467362 2.230343
v -2.077090 8.711212 2.630975
v -1.928542 8.168898 3.232368
v -1.993252 8.714672 3.057303
v -2.104183 7.888021 2.376215
v -1.953357 7.973394 3.093246
v -2.220861 8.170512 1.971314
v -2.339323 7.764529 4.246893
v -2.717522 8.412271 4.659487
v -3.401929 7.919355 4.805976
v -2.637525 7.964346 4.935574
v -2.936258 7.749197 4.999514
v -2.472448 7.681617 4.755484
v -2.771180 7.466468 4.819423
v -3.023730 7.271613 4.393383
v -2.448762 7.811872 4.077240
v -3.231949 7.785077 4.259447
v -3.081290 7.677686 3.748281
v -2.821977 7.729884 3.871240
v -2.478753 7.888932 4.125208
v -2.768912 8.379662 4.426854
v -3.352108 7.985976 4.383271
v -3.765126 7.807811 2.859033
v -3.876442 8.435764 3.112638
v -4.302744 8.570493 2.591920
v -4.216321 8.181313 3.070181
v -4.402394 8.240119 2.842897
v -4.167733 7.907222 2.959487
v -4.353807 7.966028 2.732203
v -4.191428 7.942539 2.338315
v -3.760094 8.417978 2.992040
v -3.642111 8.468649 2.351803
v -3.547302 8.196455 2.232715
v -3.721112 8.440736 2.773056
v -3.568934 7.922900 2.669467
v -2.963246 9.888210 3.347946
v -2.948473 9.687932 3.814253
v -2.446887 9.622702 3.770346
v -2.774453 9.946444 3.764017
v -2.555518 9.917972 3.744853
v -2.780900 10.033862 3.560482
v -2.561967 10.005390 3.541317
v -2.461659 9.822981 3.304039
v -2.671703 9.503224 3.185773
v -2.966475 9.515213 3.596935
v -2.952142 9.488782 3.181479
v -2.872256 9.522148 3.630230
v -2.515554 9.543130 3.675660
v -3.399224 9.233133 4.195153
v -3.736210 9.077133 4.315596
v -3.536634 8.779490 4.447883
v -3.603721 9.113899 4.509239
v -3.516610 8.983984 4.566980
v -3.462222 9.199698 4.488812
v -3.375111 9.069782 4.546554
v -3.576918 9.035845 4.056333
v -3.491105 8.814636 4.260850
v -3.336288 8.900971 4.418961
v -3.271307 9.009970 4.453718
v 3.223635 7.100835 -2.856047
v 3.698196 8.153183 -3.634589
v 2.499487 6.956773 -3.061275
v 2.198785 8.094798 -4.196281
v 3.455340 6.476642 -3.235464
v 4.156789 7.097317 -4.749031
v 2.731193 6.332580 -3.440691
v 2.657378 7.038932 -5.310723
v 3.562206 8.413674 -4.586386
v 2.907737 8.388189 -4.831555
v 3.107906 7.927321 -5.317990
v 3.762374 7.952806 -5.072821
v 3.401552 7.467542 -3.061228
v 2.350800 7.338893 -3.403431
v 2.678239 6.512846 -4.062591
v 3.727301 6.639769 -3.721135
v 2.749408 7.223451 -3.133722
v 3.147361 7.853482 -3.157034
v 3.013266 8.081398 -3.707702
v 2.721397 8.073185 -3.741290
v 2.978763 8.131966 -3.420239
v 2.686893 8.123753 -3.453826
v 2.478678 7.834666 -3.233984
v 3.130461 7.523664 -3.235235
v 3.186580 7.796002 -3.483785
v 2.632065 7.886884 -3.805719
v 3.067076 7.994611 -3.734948
v 2.685735 7.379900 -3.294352
v 2.536489 7.749937 -3.715637
v 3.007304 7.277461 -3.081445
v 2.250796 7.839152 -4.639226
v 2.719534 8.001562 -5.094550
v 2.557044 7.457175 -5.456007
v 2.324399 7.974933 -5.230250
v 2.253475 7.737317 -5.388020
v 2.119803 7.904043 -5.031509
v 2.048878 7.666427 -5.189280
v 2.088305 7.294765 -5.000684
v 2.355214 7.733202 -4.572320
v 2.535796 7.318861 -5.015265
v 2.531003 7.191428 -4.607123
v 2.459684 7.408358 -4.584783
v 2.406629 7.761086 -4.619576
v 2.765328 7.878182 -4.958700
v 2.682989 7.366096 -5.154885
v 3.030862 6.525631 -4.297431
v 3.440018 6.784799 -4.535872
v 3.780941 6.401677 -4.367288
v 3.378660 6.470990 -4.637874
v 3.527467 6.303763 -4.564289
v 3.200071 6.357867 -4.533798
v 3.348877 6.190641 -4.460214
v 3.371784 6.142509 -4.128846
v 3.419309 6.805791 -4.406644
v 3.562452 6.674170 -3.931252
v 3.372890 6.586435 -3.802627
v 3.472425 6.762009 -4.244804
v 3.092693 6.620769 -4.094037
v 4.106700 7.961144 -4.370982
v 3.859112 8.055168 -4.669888
v 3.670325 8.314458 -4.431951
v 3.995030 8.239565 -4.574132
v 3.912628 8.352739 -4.470276
v 4.103098 8.198524 -4.443665
v 4.020696 8.311700 -4.339809
v 3.917913 8.220433 -4.133045
v 3.788898 7.933128 -4.128538
v 3.794771 7.903903 -4.525471
v 3.865911 7.758903 -4.240402
v 3.763144 7.974232 -4.509294
v 3.657969 8.210636 -4.393870
v 3.598333 7.745577 -5.093673
v 3.567105 7.527079 -5.307158
v 3.271191 7.579037 -5.302882
v 3.508103 7.686935 -5.383717
v 3.378941 7.709614 -5.381850
v 3.528384 7.796788 -5.315002
v 3.399223 7.819467 -5.313136
v 3.548334 7.516872 -5.066564
v 3.323618 7.554893 -5.160199
v 3.299907 7.734575 -5.205591
v 3.347168 7.826644 -5.206125
v -0.735073 10.466801 -0.364042
v -0.139556 12.509066 -1.833779
v -1.481466 9.548870 -1.154862
v -1.741577 10.979645 -3.820450
v 0.410389 9.629495 -0.473266
v 2.321602 11.100071 -2.733719
v -0.336004 8.711564 -1.264086
v 0.719581 9.570650 -4.720389
v 0.330730 12.696653 -3.612920
v -0.368525 12.029088 -4.480068
v 0.705729 11.414085 -4.872877
v 1.404984 12.081652 -4.005729
v -0.569364 11.197435 -0.759971
v -1.672618 9.990053 -2.022201
v 0.015297 8.883198 -2.405377
v 1.118097 10.086166 -1.144687
v -1.257259 10.199171 -1.229450
v -1.137939 11.576205 -1.308927
v -1.003503 11.758505 -2.420456
v -1.386274 11.474466 -2.686330
v -1.351264 11.841061 -2.007991
v -1.734035 11.557022 -2.273864
v -2.014883 10.925462 -1.918054
v -0.843548 11.020192 -1.271931
v -0.742651 11.482367 -1.777763
v -1.316282 11.085114 -2.757224
v -0.836302 11.664733 -2.378408
v -1.320949 10.374916 -1.619856
v -1.432202 10.787137 -2.609150
v -0.974637 10.528080 -0.982916
v -1.073798 10.564875 -4.362027
v -0.110299 11.203838 -4.838397
v 0.392563 10.136624 -5.252788
v -0.535174 10.784065 -5.336010
v -0.315683 10.318245 -5.516884
v -0.955725 10.505169 -5.128081
v -0.736235 10.039349 -5.308956
v -0.570937 9.497662 -4.776418
v -0.904698 10.497183 -4.120022
v 0.067084 9.944201 -4.481799
v -0.213427 9.780671 -3.757176
v -0.499161 10.067667 -3.889556
v -0.809014 10.583808 -4.173297
v -0.074726 11.062238 -4.518945
v 0.369429 10.139157 -4.623946
v 0.724871 9.199739 -2.531180
v 1.333744 9.964773 -2.752452
v 1.958941 9.678141 -2.023115
v 1.573772 9.391200 -2.795386
v 1.846659 9.266089 -2.477042
v 1.308009 9.057276 -2.698804
v 1.580897 8.932165 -2.380461
v 1.350068 8.913107 -1.801843
v 1.171249 9.994325 -2.569946
v 1.045567 9.966996 -1.624866
v 0.722738 9.666746 -1.510240
v 1.133992 9.990687 -2.245512
v 0.558111 9.432734 -2.207211
v 1.258204 12.489660 -2.620213
v 1.102346 12.380852 -3.337035
v 0.420867 12.653129 -3.230192
v 1.072365 12.813301 -3.179987
v 0.774911 12.932144 -3.133352
v 1.140394 12.860793 -2.867106
v 0.842940 12.979637 -2.820471
v 0.576724 12.761937 -2.513370
v 0.603224 12.181278 -2.448223
v 0.992887 12.094526 -3.070323
v 0.946070 11.958179 -2.479222
v 0.879945 12.180803 -3.105083
v 0.446682 12.478779 -3.122339
v 1.343927 11.595163 -4.050241
v 1.656509 11.190156 -4.302066
v 1.188431 11.003711 -4.541797
v 1.520880 11.385200 -4.554851
v 1.316572 11.303819 -4.659488
v 1.405260 11.588633 -4.487317
v 1.200952 11.507252 -4.591955
v 1.419455 11.183816 -3.921345
v 1.152764 11.028928 -4.259336
v 1.024727 11.291748 -4.446177
v 1.023914 11.483340 -4.461204
v 0.192722 10.029980 -0.468451
v 1.198555 11.105290 1.657019
v -1.161368 10.451740 -0.585312
v -1.577201 12.149155 1.897830
v 0.562651 10.929934 -1.506877
v 1.956388 13.491354 0.049272
v -0.791438 11.351694 -1.623739
v -0.819367 14.535217 0.290083
v 0.991341 12.758237 2.461091
v -0.220230 13.213865 2.566201
v 0.110552 14.255342 1.864446
v 1.322123 13.799713 1.759336
v 0.565292 10.283894 0.249022
v -1.390160 10.950458 0.240759
v -0.859204 12.428437 -1.083881
v 1.092944 11.763809 -1.078339
v -0.668358 10.496265 -0.101906
v 0.136880 10.331059 1.012131
v -0.077519 11.261789 1.624157
v -0.618865 11.325524 1.651777
v -0.141281 10.719744 1.625235
v -0.682628 10.783478 1.652855
v -1.103366 10.477077 1.075409
v 0.071844 10.582973 0.438114
v 0.209356 10.947186 1.010906
v -0.803145 11.504738 1.342839
v 0.013487 11.340334 1.469024
v -0.766846 10.737986 0.243393
v -0.996531 11.385289 1.073604
v -0.185453 10.383196 -0.048482
v -1.500013 13.043134 1.572084
v -0.605549 13.822030 1.968050
v -0.958222 14.662303 1.111841
v -1.338454 14.078320 2.006932
v -1.492390 14.445084 1.633211
v -1.728872 13.738345 1.834100
v -1.882809 14.105109 1.460378
v -1.852687 13.883408 0.715874
v -1.318926 12.956030 1.345449
v -1.020283 13.902629 0.716326
v -1.050093 13.198950 0.349647
v -1.159614 13.086324 0.745698
v -1.219789 13.033223 1.406362
v -0.536239 13.614635 1.693189
v -0.739866 14.142323 0.832690
v -0.199904 12.853768 -1.021111
v 0.590496 13.204291 -0.513800
v 1.178682 13.023310 -1.305157
v 0.445177 13.494350 -1.045957
v 0.701911 13.415356 -1.391371
v 0.100182 13.341353 -1.267390
v 0.356914 13.262358 -1.612804
v 0.388282 12.672787 -1.812468
v 0.552010 12.961185 -0.515930
v 0.794790 12.136186 -0.928423
v 0.431714 11.929921 -1.110462
v 0.642900 12.679994 -0.654958
v -0.078816 12.450727 -0.921378
v 1.948683 12.514897 1.505683
v 1.505093 13.029706 1.802608
v 1.178430 12.508969 2.217444
v 1.774970 12.793933 2.092700
v 1.632387 12.566640 2.273768
v 1.968589 12.569228 1.963097
v 1.826006 12.341935 2.144166
v 1.622019 11.994161 1.920519
v 1.352177 12.080751 1.408857
v 1.367110 12.815739 1.485942
v 1.478413 12.342854 1.119645
v 1.315673 12.762890 1.612312
v 1.143784 12.473692 2.016816
v 0.996330 13.906126 1.405902
v 0.919025 14.368427 1.081162
v 0.375903 14.343077 1.206484
v 0.828044 14.455404 1.404417
v 0.590981 14.444340 1.459118
v 0.876099 14.293550 1.579938
v 0.639036 14.282484 1.634638
v 0.878804 13.932139 0.985146
v 0.467953 14.090397 1.109678
v 0.443943 14.113909 1.455000
v 0.541371 14.084505 1.618026
v 0.594073 10.785866 -2.564948
v 2.216649 13.469170 -3.248819
v -0.018595 10.913086 -0.913123
v 1.335419 14.230558 0.255857
v -1.026033 11.108057 -3.190666
v -0.931702 15.033370 -4.380274
v -1.638701 11.235277 -1.538841
v -1.812931 15.794759 -0.875599
v 1.901000 15.679098 -2.711783
v 1.516359 16.011433 -1.182051
v 0.142157 16.694180 -1.675912
v 0.526799 16.361847 -3.205644
v 1.220312 11.583866 -2.843008
v 0.462362 11.932339 -0.418123
v -1.817403 12.697037 -1.267383
v -1.064070 12.348228 -3.688723
v 0.525756 11.361095 -1.403572
v 1.909714 12.057299 -2.147310
v 1.881225 13.388776 -1.690212
v 1.783581 13.379072 -1.019900
v 2.237538 12.814243 -1.646626
v 2.139894 12.804540 -0.976314
v 1.686008 12.035067 -0.611600
v 1.138085 11.932978 -2.180128
v 1.504706 12.710350 -2.196853
v 1.315959 13.331629 -0.852769
v 1.682330 13.384938 -1.830819
v 0.703964 11.821260 -1.191073
v 1.088997 12.997709 -0.684630
v 0.731219 11.362269 -1.987665
v 0.409345 14.961493 0.145777
v 0.430716 16.186447 -0.807099
v -1.072351 16.440035 -0.514815
v 0.185579 16.351219 0.111529
v -0.470485 16.461905 0.239105
v 0.176252 15.816546 0.527443
v -0.479812 15.927233 0.655020
v -1.093721 15.215079 0.438061
v 0.262099 14.754171 -0.131145
v -0.978247 15.380061 -0.575629
v -0.887153 14.402822 -0.665777
v -0.419689 14.525443 -0.450989
v 0.288180 14.891561 -0.233536
v 0.297553 15.802978 -0.966120
v -0.976538 15.754332 -0.876378
v -1.937731 13.295340 -2.030309
v -1.529067 14.129142 -2.858631
v -2.132935 13.525743 -3.763951
v -2.295553 14.057930 -2.781790
v -2.559131 13.794556 -3.176947
v -2.473928 13.693989 -2.420242
v -2.737507 13.430615 -2.815399
v -2.541599 12.691939 -2.935629
v -1.373477 13.868039 -2.827607
v -1.206038 12.781961 -3.268070
v -1.310695 12.385187 -2.879063
v -1.313541 13.500300 -2.987311
v -1.544863 12.962094 -2.181282
v 1.226677 14.967730 -4.107811
v 1.118058 15.620521 -3.467968
v 1.846331 15.292923 -3.010111
v 1.617485 15.611656 -3.747269
v 1.935364 15.468665 -3.547422
v 1.664896 15.326724 -4.026550
v 1.982774 15.183733 -3.826704
v 1.954950 14.640133 -3.649955
v 1.327472 14.348907 -3.429613
v 0.914342 15.166855 -3.383968
v 0.872108 14.454598 -3.631454
v 1.072351 15.185512 -3.296400
v 1.657846 15.119045 -3.014881
v 0.040558 16.184952 -2.880507
v -0.617543 16.440405 -2.829377
v -0.554709 16.401539 -2.140749
v -0.356714 16.726412 -2.640773
v -0.329288 16.709446 -2.340199
v -0.059319 16.681038 -2.670470
v -0.031893 16.664070 -2.369896
v -0.428963 15.916573 -2.829453
v -0.470250 16.091274 -2.290635
v -0.133632 16.337290 -2.182796
v 0.069277 16.430183 -2.267079
v -0.534384 12.377905 -2.240851
v -3.329920 13.297695 -3.521289
v -0.874249 11.346220 -0.847944
v -4.638806 11.356803 -0.664931
v -0.091324 10.953922 -3.187448
v -3.334187 10.243967 -5.598248
v -0.431189 9.922237 -1.794540
v -4.643073 8.303077 -2.741889
v -5.347972 12.243284 -3.817115
v -5.919279 11.396118 -2.570363
v -5.921142 10.063218 -3.476920
v -5.349835 10.910385 -4.723673
v -1.396087 12.803579 -2.668130
v -2.089706 11.374083 -0.655318
v -1.754248 9.274385 -2.063179
v -1.059656 10.698792 -4.073322
v -1.336387 11.850256 -1.367506
v -2.247414 13.125572 -2.072335
v -3.555311 12.604833 -2.100948
v -3.690874 12.342883 -1.491071
v -3.175230 13.084509 -1.810438
v -3.310793 12.822559 -1.200560
v -2.557994 12.525434 -0.675081
v -1.857418 12.456628 -2.183518
v -2.679440 12.580341 -2.402548
v -3.529364 11.880934 -1.394268
v -3.444958 12.458858 -2.261753
v -1.868611 11.829744 -1.296916
v -3.194828 11.721726 -1.161838
v -1.253773 12.191728 -1.877363
v -4.942654 10.324209 -1.160330
v -5.797027 10.246641 -2.453765
v -5.577532 8.711074 -2.506663
v -6.103895 9.734646 -1.695602
v -6.008089 9.064398 -1.718691
v -5.730976 9.768504 -1.131040
v -5.635170 9.098254 -1.154128
v -4.723158 8.788641 -1.213228
v -4.631256 10.318793 -1.370929
v -4.641942 9.112675 -2.191250
v -3.771821 9.495806 -1.931397
v -4.102458 9.836977 -1.699075
v -4.736547 10.330796 -1.508076
v -5.363674 10.273199 -2.493390
v -4.898745 9.087024 -2.596127
v -2.046685 9.193206 -2.991828
v -2.718097 9.551134 -3.976431
v -1.724102 9.399347 -4.709429
v -2.406794 8.843415 -4.002904
v -1.972932 8.777164 -4.322845
v -2.113734 8.687185 -3.573142
v -1.679872 8.620934 -3.893083
v -1.052689 9.041419 -3.724826
v -2.546135 9.760353 -3.835004
v -1.511676 10.335878 -3.851506
v -1.222180 10.249830 -3.373494
v -2.194194 9.960968 -3.849883
v -1.844369 9.689259 -2.957329
v -4.101768 12.184639 -4.980382
v -4.820574 11.733690 -4.623594
v -4.902537 12.379358 -3.972651
v -4.912755 12.270090 -4.800491
v -4.948531 12.551914 -4.516366
v -4.599009 12.466923 -4.956223
v -4.634784 12.748745 -4.672097
v -4.183732 12.830307 -4.329439
v -3.761522 12.275627 -4.126562
v -4.364186 11.651619 -4.425242
v -3.643674 11.877882 -4.421821
v -4.459453 11.769469 -4.325150
v -4.679208 12.255577 -3.948475
v -5.107573 10.426603 -4.439594
v -5.120769 9.733557 -4.582702
v -5.291069 9.623251 -3.920511
v -5.519033 9.844666 -4.462523
v -5.593367 9.796519 -4.173487
v -5.574262 10.139814 -4.427561
v -5.648595 10.091668 -4.138525
v -4.716018 10.055416 -4.376432
v -5.001944 9.827748 -3.941734
v -5.369265 10.041146 -3.871009
v -5.501176 10.224268 -3.948275
v -2.780034 8.928899 1.835961
v -3.024998 10.839361 1.239614
v -2.114806 8.923222 2.724159
v -1.554815 11.207752 2.996317
v -3.656524 8.744989 2.491245
v -4.818021 11.036556 2.698842
v -2.991297 8.739312 3.379443
v -3.347837 11.404946 4.455544
v -3.155279 12.087870 1.950234
v -2.513568 12.248666 2.717005
v -3.296192 12.334738 3.353933
v -3.937903 12.173942 2.587163
v -2.847997 9.525999 1.561197
v -1.850965 9.643648 2.821176
v -3.112433 9.569008 3.806018
v -4.108970 9.450266 2.549500
v -2.270083 9.289738 2.359926
v -2.335655 9.977236 1.530087
v -2.293732 10.769016 1.922297
v -1.968418 10.763559 2.196671
v -2.078483 10.510134 1.661935
v -1.753168 10.504677 1.936309
v -1.590346 9.964735 2.158688
v -2.573248 9.734755 1.885445
v -2.580322 10.271499 1.826032
v -2.017618 10.639035 2.480030
v -2.428814 10.718860 1.973871
v -2.168776 9.606147 2.419549
v -1.951002 10.398499 2.594930
v -2.515371 9.316462 2.059201
v -2.003373 11.432244 3.546352
v -2.675540 12.126907 3.418222
v -3.021217 11.957672 4.314129
v -2.289565 12.199907 3.879953
v -2.440448 12.126040 4.271001
v -1.996176 11.896700 3.935879
v -2.147058 11.822831 4.326927
v -2.349050 11.263010 4.442259
v -2.165373 11.269263 3.491743
v -2.872474 11.352667 4.068677
v -2.752004 10.794733 3.828667
v -2.511896 10.975726 3.687315
v -2.231087 11.352484 3.467002
v -2.745690 11.867159 3.366951
v -3.084409 11.563552 4.028695
v -3.638226 9.870215 3.708323
v -4.069088 10.423237 3.362430
v -4.647143 9.907457 3.257844
v -4.254781 10.216646 3.761240
v -4.507092 9.991518 3.715590
v -4.066718 9.975262 3.912216
v -4.319029 9.750133 3.866567
v -4.216282 9.354437 3.603737
v -3.967297 10.304563 3.251085
v -3.992715 9.687990 2.835888
v -3.762701 9.444250 2.953660
v -3.980484 10.096163 3.105297
v -3.549025 9.755000 3.404162
v -3.998793 11.477432 1.696750
v -3.787853 11.858343 2.077332
v -3.274404 11.839172 1.811938
v -3.780021 11.953074 1.730587
v -3.555910 11.944706 1.614748
v -3.872093 11.786812 1.564471
v -3.647981 11.778443 1.448630
v -3.485344 11.458261 1.431355
v -3.520839 11.157167 1.772119
v -3.741354 11.549726 2.132006
v -3.783079 11.113544 1.950040
v -3.649024 11.597977 2.085476
v -3.310169 11.695620 1.875792
v -3.890849 11.974281 2.911681
v -4.103474 11.982677 3.302124
v -3.714796 11.995653 3.497264
v -3.964351 12.213882 3.283000
v -3.794700 12.219545 3.368176
v -3.881784 12.251095 3.116069
v -3.712132 12.256757 3.201244
v -3.970299 11.715636 3.119663
v -3.723464 11.826729 3.352122
v -3.597890 12.048341 3.260908
v -3.593110 12.144533 3.146087
v -1.000000 0.000001 1.000000
v 1.000000 0.000000 1.000000
v -1.000000 0.000000 -1.000000
v 1.000000 0.000000 -1.000000
v -0.365081 2.543540 -0.824538
v -0.857529 2.772558 0.428038
v 0.496987 2.561256 0.860991
v 0.857530 3.003882 -0.428039
v -0.855267 4.789886 -1.199579
v -1.196551 4.948604 -0.331502
v -0.349241 5.267636 -0.056715
v -1.138279 6.971487 -1.800016
v -1.749618 6.962126 -1.227040
v -1.180086 7.044919 -0.618022
v -0.568747 7.054279 -1.190998
v -0.680688 9.725967 -1.442101
v -1.139971 9.834242 -1.032697
v -0.843715 9.484832 -0.607938
v -0.384432 9.376554 -1.017341
v 0.159445 11.143270 -0.724129
v -0.166343 11.189193 -0.437359
v 0.092977 11.041155 -0.119049
v 0.418765 10.995234 -0.405818
v 0.396208 12.860203 -0.609642
v 0.267181 12.859076 -0.489308
v 0.387077 12.873026 -0.360623
v 0.516103 12.874151 -0.480956
v 0.067892 14.202574 -0.877697
v 0.267918 5.784911 -0.756470
v -0.108771 5.572867 -1.503898
v 0.721529 5.050519 -0.776736
v 0.344841 4.838475 -1.524164
v 1.498003 6.515677 -1.758515
v 1.169240 6.324014 -2.352080
v 1.388644 5.660390 -2.259317
v 1.717408 5.852054 -1.665752
v 2.639484 6.583818 -2.900416
v 2.392749 6.192459 -3.046235
v 2.667350 5.912831 -2.760391
v 2.914085 6.304191 -2.614572
v 3.501665 7.252950 -3.784466
v 3.311295 7.110975 -3.867510
v 3.472623 6.925062 -3.919495
v 3.662993 7.067036 -3.836451
v 3.159303 7.920599 -5.079645
v -1.321209 5.517255 -0.709263
v -1.721838 6.190084 -0.056932
v -1.593454 6.675722 -0.579630
v -1.077747 6.353131 0.247293
v -0.957902 6.838881 -0.282574
v -2.707938 7.089703 1.957675
v -2.609185 7.458839 1.526262
v -2.053223 7.452220 1.662774
v -2.150952 7.087206 2.078443
v -2.652938 8.618078 2.276525
v -2.345313 8.693186 2.124322
v -2.171387 8.491638 2.341300
v -2.477823 8.404898 2.505855
v -2.641070 10.113747 3.102983
v -2.548586 10.099888 3.058218
v -2.482995 10.073727 3.141241
v -2.589327 10.081713 3.214227
v -2.602045 11.480728 2.799265
v -0.541624 4.907981 -1.097862
v -0.415491 4.348097 -1.002971
v 0.159552 4.701500 -0.828648
v -0.296489 5.420749 -0.369390
v -0.132765 5.541870 -0.984037
v -0.765381 6.480906 -0.579725
v -0.806003 6.244708 -0.365297
v -0.995995 6.631337 -0.490890
v 0.044653 4.613785 -0.312699
v -0.566315 5.277776 -1.190141
v -1.190943 5.662539 -0.429081
v -0.740345 5.719133 -0.267162
v -1.450144 6.395366 -0.818162
vn 0.0045 0.0663 -0.9978
vn -0.1559 -0.0736 -0.9850
vn -0.1557 -0.0760 -0.9849
vn 0.3511 -0.9360 0.0266
vn 0.3074 -0.9513 0.0222
vn -0.1340 -0.1735 0.9757
vn -0.1633 -0.1687 0.9721
vn -0.1569 -0.1770 0.9716
vn -0.5216 0.8532 0.0004
vn -0.1902 0.9799 -0.0607
vn 0.5292 0.4124 0.7416
vn -0.2610 -0.1720 0.9499
vn -0.1790 -0.1738 0.9684
vn -0.2598 -0.1867 0.9474
vn -0.3927 -0.1913 -0.8995
vn -0.3977 -0.2248 -0.8895
vn -0.2608 -0.1720 -0.9499
vn 0.2368 -0.9676 0.0873
vn 0.2363 -0.9678 0.0871
vn 0.2366 -0.9677 0.0872
vn -0.1312 -0.8890 -0.4386
vn -0.3868 -0.8543 -0.3471
vn -0.3756 -0.8512 -0.3666
vn -0.3180 0.4572 -0.8306
vn -0.3827 0.3889 -0.8380
vn -0.3258 0.4492 -0.8319
vn -0.1625 -0.3359 0.9278
vn -0.1641 -0.3329 0.9286
vn 0.7096 -0.1404 -0.6905
vn 0.7348 -0.1397 -0.6638
vn 0.7146 -0.1403 -0.6853
vn 0.0464 0.9165 -0.3972
vn -0.0090 0.9543 -0.2987
vn 0.0006 0.9488 -0.3160
vn 0.0292 0.3218 0.9463
vn -0.0747 0.0866 0.9934
vn 0.0241 0.3107 0.9502
vn -0.1345 -0.5835 -0.8009
vn -0.1324 -0.5806 -0.8033
vn -0.1353 -0.5845 -0.8000
vn 0.8426 -0.4264 -0.3291
vn 0.0928 -0.9034 -0.4186
vn 0.0196 0.0717 -0.9972
vn -0.1957 -0.1452 -0.9699
vn -0.1665 -0.1085 -0.9801
vn -0.2133 -0.1667 -0.9627
vn -0.1604 -0.0874 -0.9832
vn -0.1930 -0.1274 -0.9729
vn -0.1733 -0.1208 -0.9774
vn 0.3545 -0.9348 0.0233
vn 0.3549 -0.9346 0.0226
vn 0.3136 -0.9493 0.0202
vn -0.2427 -0.1881 0.9517
vn -0.2043 -0.1644 0.9650
vn -0.2038 -0.1627 0.9654
vn -0.1909 -0.1600 0.9685
vn 0.2473 -0.9687 0.0207
vn 0.7342 0.6490 -0.1993
vn 0.8628 0.4124 0.2925
vn 0.2765 0.9308 -0.2390
vn -0.4728 0.8811 -0.0094
vn 0.9325 -0.3337 -0.1381
vn 0.9228 -0.3627 -0.1297
vn 0.9353 -0.3246 -0.1406
vn -0.2637 -0.2055 -0.9425
vn 0.9368 -0.3199 -0.1420
vn 0.7363 -0.6545 0.1718
vn 0.7274 -0.6564 0.2001
vn 0.7452 -0.6518 0.1410
vn -0.3046 -0.1839 0.9346
vn 0.2174 0.2475 -0.9442
vn -0.7486 0.6627 0.0219
vn -0.7923 0.6101 -0.0032
vn -0.7422 0.6697 0.0254
vn -0.7298 0.6621 0.1702
vn -0.5466 0.7916 0.2733
vn -0.6172 0.7500 0.2377
vn -0.7940 0.5953 0.1235
vn -0.3069 0.0446 -0.9507
vn -0.5245 -0.1248 -0.8422
vn -0.5364 -0.1349 -0.8331
vn 0.1087 0.5083 0.8543
vn 0.1167 0.5339 0.8375
vn -0.1424 0.9733 -0.1802
vn 0.9078 -0.2382 -0.3452
vn 0.7759 0.6143 0.1437
vn 0.6990 -0.4904 -0.5205
vn 0.2362 -0.9678 0.0870
vn -0.1529 -0.8857 -0.4384
vn -0.3983 -0.8572 -0.3265
vn 0.1472 -0.8565 -0.4947
vn 0.6394 -0.5193 0.5670
vn 0.8741 0.4805 0.0706
vn 0.5724 -0.1029 0.8135
vn 0.9675 -0.2403 -0.0788
vn -0.1610 -0.3388 0.9270
vn -0.1559 -0.3488 0.9242
vn -0.3188 -0.9399 -0.1227
vn -0.1185 -0.9866 0.1120
vn -0.1528 -0.9826 0.1057
vn -0.3888 -0.9062 -0.1663
vn 0.7412 -0.1396 -0.6566
vn -0.0141 0.9571 -0.2894
vn -0.6867 0.7098 -0.1571
vn -0.8640 0.4928 -0.1036
vn -0.8761 0.4720 -0.0985
vn 0.4876 0.7311 0.4771
vn 0.2051 0.6113 -0.7643
vn -0.4159 0.0379 0.9086
vn 0.1171 0.2657 -0.9569
vn -0.9666 0.2522 -0.0456
vn -0.0826 0.8743 0.4783
vn 0.7045 -0.6586 0.2644
vn -0.0743 0.9382 0.3380
vn -0.3002 0.8745 0.3808
vn -0.2697 0.8865 0.3761
vn 0.1640 0.6808 0.7139
vn 0.5474 0.4748 -0.6891
vn 0.9678 0.2367 -0.0860
vn 0.2837 0.2771 -0.9180
vn -0.1309 -0.5787 -0.8049
vn -0.5388 0.7397 0.4032
vn -0.3007 -0.5612 0.7711
vn -0.2679 -0.5678 0.7784
vn -0.2813 -0.5652 0.7755
vn -0.2458 -0.5719 0.7827
vn 0.0640 -0.9335 0.3527
vn -0.2916 0.4830 -0.8257
vn 0.5425 -0.1990 0.8161
vn -0.9513 0.2213 0.2144
vn -0.8472 -0.5293 -0.0459
vn 0.8139 0.2477 0.5256
vn 0.8954 0.2811 0.3452
vn 0.8907 0.2518 0.3785
vn 0.8153 0.2387 0.5276
vn 0.5723 0.1192 0.8113
vn 0.6814 0.1798 0.7095
vn 0.6728 0.2020 0.7117
vn 0.5500 0.1385 0.8236
vn 0.5888 0.0816 0.8041
vn 0.5906 0.0792 0.8031
vn 0.6911 -0.0185 0.7225
vn 0.6926 -0.0188 0.7211
vn 0.7363 -0.0309 0.6760
vn 0.7316 0.3274 0.5980
vn 0.7315 0.3277 0.5979
vn 0.7779 0.2500 0.5765
vn 0.7751 0.2577 0.5769
vn 0.8243 0.0831 0.5601
vn 0.8265 0.1583 0.5402
vn 0.8301 0.1614 0.5337
vn 0.7904 0.1289 0.5988
vn 0.9188 0.2904 0.2675
vn 0.9172 0.2807 0.2826
vn 0.8970 0.1943 0.3970
vn 0.8967 0.1934 0.3981
vn 0.8521 0.0906 0.5155
vn -0.6812 0.2106 -0.7011
vn -0.6798 0.2547 -0.6877
vn -0.6511 0.2616 -0.7125
vn -0.6480 0.2405 -0.7227
vn -0.7792 0.1244 -0.6143
vn -0.8120 0.1817 -0.5547
vn -0.7473 0.1999 -0.6338
vn -0.7315 0.1602 -0.6627
vn -0.8371 0.1321 -0.5308
vn -0.8371 0.1324 -0.5308
vn -0.8057 -0.0179 -0.5920
vn -0.8065 -0.0168 -0.5910
vn -0.7808 -0.0524 -0.6226
vn -0.7451 0.0551 -0.6647
vn -0.7431 0.0674 -0.6657
vn -0.7709 -0.0635 -0.6338
vn -0.7704 -0.0690 -0.6338
vn -0.7764 0.0334 -0.6293
vn -0.7091 0.2036 -0.6751
vn -0.7161 0.1816 -0.6739
vn -0.7559 0.0174 -0.6545
vn -0.6285 0.2349 -0.7415
vn -0.6230 0.2454 -0.7428
vn -0.6845 0.1533 -0.7127
vn -0.6835 0.1548 -0.7133
vn -0.7394 0.0665 -0.6699
vn -0.5350 -0.5639 0.6292
vn -0.5397 -0.5617 0.6271
vn -0.5398 -0.5616 0.6271
vn 0.0159 -0.9997 -0.0196
vn 0.0134 -0.9998 -0.0158
vn 0.0147 -0.9997 -0.0181
vn 0.0012 -1.0000 0.0003
vn 0.0011 -1.0000 0.0010
vn 0.0012 -1.0000 0.0004
vn 0.3819 0.8067 -0.4509
vn -0.5464 -0.5585 0.6241
vn 0.0448 0.9955 -0.0841
vn -0.1764 -0.9617 0.2098
vn 0.5572 0.3053 -0.7722
vn 0.5408 0.5006 -0.6760
vn 0.5572 0.3067 -0.7717
vn -0.5580 0.7312 0.3925
vn 0.3731 -0.8994 -0.2276
vn -0.5996 -0.2845 0.7481
vn -0.6112 -0.0987 0.7853
vn -0.6111 -0.1134 0.7834
vn 0.5320 -0.2056 -0.8214
vn 0.5418 -0.0617 -0.8383
vn -0.5969 0.1230 0.7928
vn 0.6954 -0.0441 -0.7173
vn 0.6563 -0.0389 -0.7535
vn 0.7321 -0.0491 -0.6794
vn 0.5100 -0.3507 -0.7855
vn -0.6905 0.6049 0.3966
vn -0.6549 0.0926 0.7500
vn -0.6171 0.1974 0.7617
vn -0.5726 0.2976 0.7639
vn 0.7794 -0.0558 -0.6240
vn 0.6010 -0.1429 -0.7864
vn 0.6120 0.0109 -0.7908
vn 0.5998 -0.1522 -0.7855
vn -0.4956 0.4369 0.7507
vn -0.0003 -1.0000 0.0003
vn 0.5199 -0.4509 -0.7255
vn 0.5214 -0.4479 -0.7263
vn -0.4745 0.5946 0.6491
vn 0.4708 -0.5395 -0.6981
vn -0.2350 0.9318 0.2767
vn -0.6394 -0.1876 -0.7456
vn -0.4740 -0.2492 -0.8445
vn -0.5004 -0.2236 -0.8365
vn -0.6437 -0.1804 -0.7437
vn -0.7211 -0.1489 -0.6766
vn -0.7233 -0.1628 -0.6710
vn -0.7201 -0.2260 -0.6560
vn -0.7211 -0.2187 -0.6574
vn -0.6921 -0.1904 -0.6962
vn -0.6837 -0.1638 -0.7111
vn -0.6503 -0.0730 -0.7561
vn -0.6394 -0.1272 -0.7583
vn -0.6401 -0.1267 -0.7578
vn -0.6910 -0.0929 -0.7169
vn -0.4001 -0.2709 -0.8755
vn -0.4111 -0.2632 -0.8728
vn -0.4915 -0.1992 -0.8478
vn -0.5375 -0.1586 -0.8282
vn -0.6103 -0.0882 -0.7872
vn 0.7545 -0.1604 0.6364
vn 0.7399 -0.1896 0.6454
vn 0.7638 -0.1989 0.6140
vn 0.7725 -0.1882 0.6065
vn 0.7537 -0.1439 0.6413
vn 0.7416 -0.1567 0.6523
vn 0.7312 -0.0545 0.6800
vn 0.7313 -0.0383 0.6810
vn 0.7127 0.0314 0.7008
vn 0.7166 0.0519 0.6955
vn 0.7015 -0.0197 0.7124
vn 0.7317 -0.1388 0.6673
vn 0.7317 -0.1385 0.6674
vn 0.7253 -0.0157 0.6883
vn 0.7893 -0.1915 0.5834
vn 0.7899 -0.1979 0.5804
vn 0.7599 -0.1056 0.6414
vn 0.7732 -0.1378 0.6190
vn 0.7350 -0.0522 0.6760
vn 0.1653 0.9720 -0.1670
vn 0.1600 0.9736 -0.1628
vn 0.1600 0.9736 -0.1627
vn 0.1633 0.9727 -0.1650
vn 0.1392 0.9799 -0.1429
vn 0.6971 -0.3818 -0.6068
vn 0.6037 -0.5364 -0.5897
vn 0.6796 -0.4151 -0.6049
vn -0.6595 0.3838 0.6463
vn -0.7031 0.2454 0.6674
vn -0.6938 0.2800 0.6635
vn 0.7789 -0.0327 -0.6263
vn 0.7705 -0.1730 -0.6136
vn -0.7295 0.1165 0.6740
vn 0.6402 -0.1691 -0.7494
vn 0.6737 -0.1724 -0.7186
vn 0.5830 -0.1629 -0.7960
vn 0.7768 0.0460 -0.6281
vn -0.4156 -0.2764 0.8665
vn -0.6768 0.1370 0.7233
vn -0.7053 0.0731 0.7051
vn -0.7424 -0.0272 0.6694
vn 0.5345 -0.1573 -0.8304
vn 0.7269 -0.0912 -0.6807
vn 0.7104 -0.2049 -0.6733
vn 0.7273 -0.0870 -0.6808
vn -0.7670 -0.1139 0.6315
vn 0.1386 0.9803 -0.1404
vn 0.7428 0.1297 -0.6568
vn 0.7424 0.1258 -0.6581
vn -0.7164 -0.2552 0.6494
vn 0.7489 0.2030 -0.6308
vn -0.4634 -0.7456 0.4789
vn -0.6636 0.3076 0.6819
vn 0.9847 0.1737 -0.0166
vn 0.9797 0.0542 -0.1931
vn 0.9798 0.0518 -0.1932
vn 0.0865 -0.9695 0.2292
vn 0.0906 -0.9788 0.1838
vn -0.9571 -0.2610 -0.1262
vn -0.9552 -0.2522 -0.1547
vn -0.9537 -0.2611 -0.1494
vn -0.1121 0.9060 -0.4081
vn -0.0503 0.9966 -0.0651
vn -0.7571 0.2603 0.5992
vn -0.9371 -0.2409 -0.2527
vn -0.9517 -0.2549 -0.1711
vn -0.9330 -0.2554 -0.2535
vn 0.8969 -0.0419 -0.4403
vn 0.8902 -0.0754 -0.4493
vn 0.9506 -0.0337 -0.3086
vn 0.0246 -0.9932 0.1137
vn 0.0248 -0.9933 0.1131
vn 0.0247 -0.9932 0.1135
vn 0.5231 -0.8127 -0.2567
vn 0.4175 -0.7568 -0.5029
vn 0.4370 -0.7530 -0.4920
vn 0.7638 0.5809 -0.2813
vn 0.7755 0.5225 -0.3545
vn 0.7656 0.5742 -0.2902
vn -0.8937 -0.4124 -0.1767
vn -0.8949 -0.4093 -0.1778
vn 0.7313 -0.1510 0.6652
vn 0.7058 -0.1564 0.6909
vn 0.7264 -0.1521 0.6702
vn 0.3009 0.9416 0.1514
vn 0.1967 0.9749 0.1042
vn 0.2149 0.9701 0.1125
vn -0.9727 0.2105 0.0980
vn -0.9993 -0.0138 -0.0336
vn -0.9755 0.1998 0.0917
vn 0.8510 -0.4714 -0.2316
vn 0.8532 -0.4686 -0.2292
vn 0.8501 -0.4725 -0.2325
vn 0.4078 -0.4890 0.7711
vn 0.5144 -0.8568 -0.0358
vn 0.9842 0.1771 -0.0009
vn 0.9704 -0.0131 -0.2412
vn 0.9779 0.0205 -0.2078
vn 0.9647 -0.0329 -0.2612
vn 0.9791 0.0410 -0.1993
vn 0.9717 0.0044 -0.2363
vn 0.9763 0.0090 -0.2161
vn 0.0898 -0.9684 0.2326
vn 0.0905 -0.9682 0.2331
vn 0.0927 -0.9774 0.1901
vn -0.9364 -0.2593 -0.2365
vn -0.9504 -0.2422 -0.1950
vn -0.9510 -0.2406 -0.1943
vn -0.9538 -0.2398 -0.1811
vn 0.0914 -0.9883 0.1220
vn 0.1618 0.5709 0.8049
vn -0.2965 0.2679 0.9167
vn 0.1521 0.9099 0.3860
vn -0.1031 0.9286 -0.3564
vn 0.2122 -0.4296 0.8777
vn 0.2065 -0.4579 0.8647
vn 0.2140 -0.4207 0.8816
vn 0.9465 -0.0671 -0.3155
vn 0.2148 -0.4161 0.8836
vn -0.0705 -0.7555 0.6514
vn -0.0989 -0.7593 0.6431
vn -0.0399 -0.7505 0.6596
vn -0.9225 -0.2456 -0.2978
vn 0.9216 0.3202 0.2192
vn -0.1233 0.7439 -0.6568
vn -0.0947 0.7003 -0.7076
vn -0.1272 0.7497 -0.6494
vn -0.2698 0.7249 -0.6339
vn -0.3778 0.8186 -0.4326
vn -0.3411 0.7903 -0.5090
vn -0.2192 0.6720 -0.7074
vn 0.9267 0.1858 -0.3266
vn 0.8273 0.0338 -0.5608
vn 0.8188 0.0243 -0.5736
vn -0.8972 0.3947 0.1979
vn -0.8829 0.4207 0.2087
vn 0.0712 0.9972 -0.0221
vn 0.4070 -0.3097 0.8593
vn -0.1735 0.4941 0.8519
vn 0.5985 -0.5135 0.6149
vn 0.0249 -0.9933 0.1130
vn 0.5216 -0.8067 -0.2777
vn 0.3968 -0.7604 -0.5141
vn 0.5874 -0.8090 0.0219
vn -0.4815 -0.6533 0.5842
vn -0.0827 0.3579 0.9301
vn -0.7728 -0.2612 0.5784
vn 0.1451 -0.3483 0.9261
vn -0.8926 -0.4153 -0.1756
vn -0.8885 -0.4255 -0.1718
vn 0.2064 -0.8741 -0.4398
vn -0.0133 -0.9706 -0.2403
vn -0.0089 -0.9617 -0.2739
vn 0.2432 -0.8274 -0.5062
vn 0.6989 -0.1578 0.6976
vn 0.1869 0.9773 0.0998
vn 0.0523 0.8023 -0.5947
vn 0.0142 0.6044 -0.7966
vn 0.0108 0.5848 -0.8111
vn -0.5295 0.6086 0.5909
vn 0.7044 0.6609 0.2589
vn -0.9247 -0.0102 -0.3806
vn 0.9281 0.3520 0.1218
vn -0.0227 0.3734 -0.9274
vn -0.5702 0.8203 0.0439
vn -0.1635 -0.7657 0.6221
vn -0.4371 0.8977 0.0562
vn -0.4827 0.8582 -0.1746
vn -0.4780 0.8667 -0.1429
vn -0.7734 0.5732 0.2707
vn 0.6587 0.4757 0.5830
vn 0.1024 0.1229 0.9871
vn 0.8954 0.3384 0.2895
vn 0.8546 -0.4667 -0.2275
vn -0.5011 0.7523 -0.4277
vn -0.7205 -0.6004 -0.3471
vn -0.7256 -0.6118 -0.3151
vn -0.7236 -0.6072 -0.3282
vn -0.7285 -0.6190 -0.2936
vn -0.2501 -0.9671 -0.0454
vn 0.7573 0.6025 -0.2518
vn -0.7667 -0.3526 0.5365
vn -0.2772 0.3127 -0.9085
vn 0.0645 -0.4121 -0.9089
vn -0.2271 0.8231 0.5206
vn -0.2791 0.6842 0.6738
vn -0.2812 0.6831 0.6740
vn -0.9479 -0.3008 -0.1051
vn -0.9446 -0.3221 -0.0639
vn 0.1809 -0.9069 -0.3806
vn 0.1960 -0.9138 -0.3558
vn 0.1861 -0.9146 -0.3590
vn 0.9536 0.1722 0.2469
vn 0.9104 0.4133 -0.0170
vn 0.3510 -0.1855 -0.9178
vn 0.2269 -0.9376 -0.2634
vn 0.1970 -0.9196 -0.3399
vn 0.2129 -0.9419 -0.2599
vn -0.2600 0.4665 0.8455
vn -0.2841 0.4413 0.8512
vn -0.3115 0.5691 0.7610
vn -0.9113 -0.4099 -0.0380
vn -0.9113 -0.4100 -0.0374
vn -0.9113 -0.4099 -0.0378
vn -0.8415 -0.1076 0.5295
vn -0.6808 -0.2689 0.6813
vn -0.6881 -0.2475 0.6821
vn 0.2913 0.7355 0.6117
vn 0.2566 0.6841 0.6828
vn 0.2873 0.7297 0.6205
vn 0.0382 -0.9539 -0.2975
vn 0.0417 -0.9539 -0.2973
vn -0.6080 0.7739 -0.1772
vn -0.6102 0.7633 -0.2122
vn -0.6085 0.7719 -0.1840
vn 0.6632 0.7482 -0.0153
vn 0.7466 0.6646 -0.0311
vn 0.7330 0.6797 -0.0284
vn 0.5353 -0.5931 -0.6014
vn 0.3871 -0.7792 -0.4929
vn 0.5288 -0.6032 -0.5971
vn -0.6778 0.3165 0.6636
vn -0.6769 0.3205 0.6626
vn -0.6781 0.3149 0.6640
vn -0.8081 0.4124 -0.4207
vn -0.9400 -0.0384 0.3389
vn -0.2284 0.8313 0.5068
vn -0.3205 0.6235 0.7130
vn -0.3036 0.6602 0.6870
vn -0.3299 0.6009 0.7280
vn -0.2886 0.6747 0.6794
vn -0.3071 0.6351 0.7087
vn -0.3108 0.6498 0.6937
vn -0.9492 -0.2962 -0.1063
vn -0.9494 -0.2954 -0.1063
vn -0.9460 -0.3170 -0.0682
vn 0.2059 -0.9389 -0.2759
vn 0.2145 -0.9230 -0.3194
vn 0.2159 -0.9224 -0.3204
vn 0.2139 -0.9183 -0.3331
vn -0.9355 -0.3532 -0.0104
vn 0.2057 0.7513 -0.6271
vn 0.0871 0.3068 -0.9478
vn 0.6262 0.7232 -0.2912
vn 0.9551 0.2126 0.2066
vn -0.7104 0.3395 -0.6165
vn -0.7292 0.3158 -0.6070
vn -0.7044 0.3468 -0.6193
vn -0.3372 0.5468 0.7663
vn -0.7013 0.3506 -0.6207
vn -0.8204 -0.1313 -0.5565
vn -0.8104 -0.1583 -0.5641
vn -0.8304 -0.1021 -0.5477
vn 0.2301 -0.9486 -0.2171
vn -0.1419 0.9494 0.2801
vn 0.8874 -0.0236 0.4603
vn 0.8526 -0.0452 0.5205
vn 0.8919 -0.0206 0.4517
vn 0.9213 -0.1338 0.3651
vn 0.9877 -0.0821 0.1330
vn 0.9705 -0.1015 0.2185
vn 0.8764 -0.1532 0.4566
vn -0.1050 0.6488 0.7537
vn -0.1320 0.3973 0.9082
vn -0.1333 0.3806 0.9151
vn 0.6384 -0.4033 -0.6556
vn 0.6525 -0.3751 -0.6585
vn 0.8512 0.5247 0.0099
vn -0.6762 0.5369 -0.5046
vn 0.2557 0.4806 -0.8388
vn -0.8590 0.4766 -0.1869
vn -0.9113 -0.4100 -0.0373
vn -0.8296 -0.1151 0.5463
vn -0.6727 -0.2912 0.6802
vn -0.9432 0.0652 0.3257
vn -0.5516 -0.4232 -0.7188
vn 0.0787 0.5182 -0.8516
vn -0.0932 -0.4578 -0.8841
vn -0.6270 0.3490 -0.6965
vn 0.0348 -0.9540 -0.2977
vn 0.0232 -0.9542 -0.2983
vn -0.7192 -0.4577 0.5227
vn -0.7753 -0.5832 0.2425
vn -0.7596 -0.5904 0.2730
vn -0.6737 -0.4365 0.5963
vn -0.6106 0.7604 -0.2214
vn 0.7537 0.6564 -0.0325
vn 0.8522 0.1649 0.4965
vn 0.7518 -0.0480 0.6576
vn 0.7402 -0.0664 0.6691
vn 0.5695 0.1513 -0.8079
vn 0.2295 0.9662 0.1171
vn 0.4607 -0.8733 -0.1587
vn -0.0887 0.9268 0.3650
vn 0.6016 -0.2447 0.7604
vn 0.9275 -0.0179 -0.3733
vn -0.7847 -0.2196 -0.5796
vn 0.9398 0.1257 -0.3178
vn 0.9892 -0.0293 -0.1433
vn 0.9857 -0.0077 -0.1682
vn 0.7255 -0.1914 -0.6611
vn -0.0077 0.9847 -0.1741
vn -0.2155 0.5704 -0.7926
vn -0.1360 0.9691 0.2057
vn -0.6763 0.3233 0.6619
vn 0.9763 -0.2054 0.0675
vn -0.1450 -0.9880 -0.0532
vn -0.1621 -0.9833 -0.0825
vn -0.1552 -0.9854 -0.0706
vn -0.1735 -0.9795 -0.1020
vn -0.7358 -0.6755 -0.0473
vn 0.3043 0.7540 0.5822
vn -0.1635 -0.5156 -0.8411
vn 0.6423 -0.4586 0.6142
vn -0.1251 -0.5488 0.8265
vn -0.7626 0.6344 0.1265
vn -0.8212 0.4976 0.2791
vn -0.8226 0.4956 0.2788
vn -0.5604 -0.7345 -0.3827
vn -0.5693 -0.7488 -0.3394
vn 0.6925 -0.7214 0.0011
vn 0.6949 -0.7184 0.0308
vn 0.6891 -0.7242 0.0242
vn 0.5477 0.6344 0.5455
vn 0.5454 0.8063 0.2292
vn 0.7940 -0.0442 -0.6063
vn 0.6835 -0.7182 0.1304
vn 0.6903 -0.7220 0.0467
vn 0.6727 -0.7286 0.1291
vn -0.8020 0.3285 0.4988
vn -0.8133 0.2952 0.5014
vn -0.8422 0.3870 0.3753
vn -0.5207 -0.8071 -0.2784
vn -0.5209 -0.8071 -0.2778
vn -0.5208 -0.8071 -0.2782
vn -0.8656 -0.4756 0.1569
vn -0.7500 -0.5272 0.3995
vn -0.7647 -0.5122 0.3911
vn -0.3705 0.8193 0.4376
vn -0.4112 0.7619 0.5004
vn -0.3755 0.8128 0.4453
vn 0.5607 -0.8275 0.0302
vn 0.5632 -0.8257 0.0317
vn -0.6973 0.3615 -0.6189
vn -0.6776 0.3491 -0.6473
vn -0.6935 0.3591 -0.6245
vn 0.2177 0.9753 0.0359
vn 0.3238 0.9428 0.0794
vn 0.3058 0.9494 0.0720
vn 0.9473 -0.2879 -0.1402
vn 0.8552 -0.5158 -0.0513
vn 0.9443 -0.2996 -0.1360
vn -0.9760 -0.0187 0.2171
vn -0.9764 -0.0147 0.2154
vn -0.9758 -0.0201 0.2177
vn -0.5870 -0.0658 -0.8069
vn -0.8769 -0.4757 -0.0683
vn -0.7602 0.6401 0.1116
vn -0.8479 0.4269 0.3142
vn -0.8370 0.4655 0.2877
vn -0.8533 0.4036 0.3300
vn -0.8275 0.4850 0.2829
vn -0.8401 0.4434 0.3125
vn -0.8415 0.4533 0.2937
vn -0.5627 -0.7312 -0.3856
vn -0.5632 -0.7306 -0.3860
vn -0.5703 -0.7454 -0.3452
vn 0.6738 -0.7305 0.1115
vn 0.6952 -0.7151 0.0725
vn 0.6965 -0.7139 0.0720
vn 0.6995 -0.7122 0.0590
vn -0.5757 -0.7681 -0.2802
vn 0.1607 0.7152 -0.6802
vn 0.4052 0.2514 -0.8790
vn 0.3337 0.9185 -0.2120
vn 0.5522 0.6677 0.4993
vn -0.3866 -0.0929 -0.9176
vn -0.3962 -0.1221 -0.9100
vn -0.3835 -0.0837 -0.9197
vn -0.8557 0.3554 0.3760
vn -0.3819 -0.0790 -0.9208
vn -0.3104 -0.5521 -0.7738
vn -0.2880 -0.5711 -0.7687
vn -0.3343 -0.5311 -0.7786
vn 0.6678 -0.7234 0.1752
vn -0.6306 0.7714 -0.0854
vn 0.4718 0.4448 0.7613
vn 0.4243 0.4125 0.8061
vn 0.4782 0.4491 0.7547
vn 0.5890 0.3600 0.7235
vn 0.7326 0.4234 0.5330
vn 0.6855 0.4033 0.6062
vn 0.5175 0.3266 0.7909
vn -0.7112 0.5575 0.4283
vn -0.7056 0.3353 0.6243
vn -0.7032 0.3206 0.6346
vn 0.9767 -0.0757 -0.2009
vn 0.9776 -0.0445 -0.2058
vn 0.4414 0.8754 0.1970
vn -0.4945 0.1022 -0.8632
vn 0.4121 0.4920 -0.7669
vn -0.7664 -0.0209 -0.6420
vn -0.5210 -0.8071 -0.2777
vn -0.8616 -0.4752 0.1784
vn -0.7341 -0.5426 0.4082
vn -0.9149 -0.3881 -0.1108
vn 0.0949 -0.6830 -0.7242
vn 0.2662 0.4366 -0.8594
vn 0.5442 -0.4973 -0.6757
vn -0.2869 -0.0484 -0.9568
vn 0.5582 -0.8292 0.0287
vn 0.5496 -0.8351 0.0236
vn -0.6259 -0.7197 0.3003
vn -0.4820 -0.8734 0.0700
vn -0.4818 -0.8700 0.1049
vn -0.6352 -0.6744 0.3765
vn -0.6723 0.3457 -0.6546
vn 0.3333 0.9391 0.0833
vn 0.3507 0.5933 0.7246
vn 0.2806 0.3689 0.8861
vn 0.2734 0.3479 0.8968
vn 0.7732 0.3625 -0.5203
vn -0.2706 0.9590 -0.0842
vn 0.7872 -0.5409 0.2962
vn -0.6216 0.7831 0.0163
vn 0.1939 0.1304 0.9723
vn 0.9068 0.4186 0.0495
vn -0.2358 -0.6126 -0.7544
vn 0.8311 0.5526 0.0615
vn 0.8471 0.4531 0.2777
vn 0.8478 0.4686 0.2484
vn 0.9610 0.1508 -0.2318
vn -0.3196 0.8404 -0.4377
vn -0.0113 0.3406 -0.9401
vn -0.5977 0.7869 -0.1535
vn -0.9767 -0.0121 0.2142
vn 0.8057 0.3067 0.5068
vn 0.3137 -0.9324 0.1798
vn 0.3128 -0.9385 0.1460
vn 0.3132 -0.9361 0.1598
vn 0.3120 -0.9420 0.1235
vn -0.2728 -0.9518 -0.1402
vn -0.3535 0.8400 0.4117
vn 0.4921 -0.5795 -0.6496
vn 0.3832 -0.0442 0.9226
vn -0.2775 -0.4876 0.8278
vn -0.1845 -0.6590 0.7292
vn -0.2459 -0.7850 0.5686
vn -0.2481 -0.7851 0.5675
vn -0.9625 0.1563 -0.2217
vn -0.9608 0.1196 -0.2501
vn 0.1323 0.5361 -0.8337
vn 0.1468 0.5129 -0.8458
vn 0.1368 0.5162 -0.8454
vn 0.9595 -0.2730 0.0699
vn 0.9327 -0.0563 0.3561
vn 0.3487 0.9364 -0.0395
vn 0.1753 0.4263 -0.8874
vn 0.1472 0.4983 -0.8544
vn 0.1611 0.4236 -0.8914
vn -0.2410 -0.9152 0.3231
vn -0.2666 -0.9163 0.2988
vn -0.2857 -0.8504 0.4418
vn -0.9329 0.1097 -0.3429
vn -0.9329 0.1092 -0.3431
vn -0.9329 0.1095 -0.3430
vn -0.8514 -0.5024 -0.1509
vn -0.7017 -0.6230 -0.3457
vn -0.7078 -0.6276 -0.3243
vn 0.3270 -0.7327 0.5968
vn 0.2887 -0.7935 0.5357
vn 0.3226 -0.7403 0.5898
vn -0.0137 0.4626 -0.8864
vn -0.0102 0.4624 -0.8866
vn -0.5609 0.0362 0.8271
vn -0.5633 0.0725 0.8230
vn -0.5614 0.0432 0.8264
vn 0.7052 -0.1178 0.6992
vn 0.7837 -0.0872 0.6150
vn 0.7710 -0.0926 0.6301
vn 0.5062 0.6978 -0.5068
vn 0.3466 0.6240 -0.7003
vn 0.4991 0.6953 -0.5172
vn -0.6650 -0.7098 0.2323
vn -0.6638 -0.7095 0.2365
vn -0.6654 -0.7099 0.2308
vn -0.7790 0.3401 0.5269
vn -0.9439 -0.3273 -0.0433
vn -0.1852 -0.6469 0.7398
vn -0.2912 -0.8129 0.5044
vn -0.2719 -0.7938 0.5440
vn -0.3020 -0.8236 0.4801
vn -0.2561 -0.7888 0.5588
vn -0.2771 -0.8107 0.5158
vn -0.2797 -0.7985 0.5330
vn -0.9635 0.1567 -0.2169
vn -0.9637 0.1566 -0.2161
vn -0.9619 0.1229 -0.2443
vn 0.1544 0.4388 -0.8852
vn 0.1643 0.4788 -0.8624
vn 0.1657 0.4796 -0.8617
vn 0.1641 0.4914 -0.8553
vn -0.9540 0.0725 -0.2908
vn 0.2545 0.4835 0.8375
vn 0.1138 0.8781 0.4648
vn 0.6695 0.1582 0.7258
vn 0.9636 -0.2405 0.1166
vn -0.6838 0.5457 0.4844
vn -0.7040 0.5406 0.4606
vn -0.6773 0.5472 0.4917
vn -0.3127 -0.8517 0.4206
vn -0.6740 0.5479 0.4955
vn -0.8212 0.5704 0.0176
vn -0.8126 0.5827 -0.0081
vn -0.8296 0.5566 0.0454
vn 0.1774 0.3827 -0.9067
vn -0.0899 -0.4448 0.8911
vn 0.8801 -0.4482 -0.1566
vn 0.8436 -0.5036 -0.1866
vn 0.8848 -0.4403 -0.1524
vn 0.9085 -0.3349 -0.2499
vn 0.9800 -0.1156 -0.1618
vn 0.9609 -0.1963 -0.1950
vn 0.8617 -0.4215 -0.2826
vn -0.0749 -0.8572 0.5095
vn -0.1179 -0.9645 0.2365
vn -0.1202 -0.9683 0.2190
vn 0.6205 0.7174 -0.3167
vn 0.6363 0.7151 -0.2894
vn 0.8798 -0.1026 0.4642
vn -0.6393 0.4005 0.6564
vn 0.2909 0.7400 0.6064
vn -0.8284 0.0985 0.5513
vn -0.9329 0.1091 -0.3431
vn -0.8401 -0.5176 -0.1620
vn -0.6948 -0.6179 -0.3679
vn -0.9410 -0.3328 0.0610
vn -0.5679 0.7823 -0.2559
vn 0.1165 0.7458 0.6559
vn -0.1107 0.9515 -0.2872
vn -0.5991 0.6228 0.5031
vn -0.0170 0.4628 -0.8863
vn -0.0286 0.4634 -0.8857
vn -0.7493 -0.4333 -0.5008
vn -0.8098 -0.1353 -0.5709
vn -0.7948 -0.1641 -0.5843
vn -0.7034 -0.5095 -0.4957
vn -0.5639 0.0821 0.8218
vn 0.7904 -0.0844 0.6068
vn 0.8554 -0.5173 0.0242
vn 0.7414 -0.6381 -0.2077
vn 0.7286 -0.6461 -0.2272
vn 0.5851 0.7685 0.2591
vn 0.2834 -0.2871 0.9150
vn 0.4114 0.3119 -0.8564
vn -0.0390 -0.5242 0.8507
vn 0.5792 -0.7043 -0.4105
vn 0.9286 0.3712 -0.0051
vn -0.7904 0.6089 -0.0670
vn 0.9485 0.2909 0.1253
vn 0.9873 0.1469 -0.0608
vn 0.9852 0.1675 -0.0350
vn 0.7197 0.6851 -0.1127
vn 0.0505 -0.0040 0.9987
vn -0.1747 0.6782 0.7138
vn -0.0822 -0.3750 0.9234
vn -0.6631 -0.7093 0.2392
vn 0.9623 -0.0292 -0.2706
vn -0.2009 0.2282 -0.9527
vn -0.2174 0.2562 -0.9419
vn -0.2107 0.2448 -0.9464
vn -0.2283 0.2747 -0.9340
vn -0.7728 0.1663 -0.6124
vn 0.3413 -0.7069 0.6195
vn -0.1847 0.9193 -0.3475
vn 0.6089 -0.5223 -0.5970
vn -0.1643 -0.7157 -0.6788
vn 0.9405 -0.1944 0.2787
vn 0.8678 -0.3933 0.3036
vn 0.8667 -0.3941 0.3057
vn -0.3882 -0.1205 0.9137
vn -0.3917 -0.1660 0.9050
vn -0.9672 0.0290 -0.2524
vn -0.9628 0.0052 -0.2700
vn -0.9656 0.0068 -0.2600
vn 0.3250 -0.0578 -0.9440
vn 0.4419 0.2709 -0.8552
vn -0.4976 0.8132 -0.3018
vn -0.9469 -0.0853 -0.3100
vn -0.9620 -0.0115 -0.2728
vn -0.9505 -0.0917 -0.2969
vn 0.7351 -0.6310 0.2480
vn 0.7123 -0.6484 0.2687
vn 0.7931 -0.5204 0.3167
vn -0.4600 -0.2192 0.8604
vn -0.4598 -0.2198 0.8604
vn -0.4599 -0.2194 0.8604
vn 0.0417 -0.6199 0.7835
vn -0.0361 -0.8027 0.5953
vn -0.0167 -0.7961 0.6049
vn 0.9339 -0.2543 -0.2514
vn 0.9113 -0.3428 -0.2279
vn 0.9316 -0.2650 -0.2487
vn -0.9892 -0.0808 -0.1223
vn -0.9888 -0.0806 -0.1258
vn 0.5982 0.3873 0.7016
vn 0.5748 0.4153 0.7051
vn 0.5937 0.3928 0.7023
vn 0.7322 0.3682 -0.5730
vn 0.6554 0.3604 -0.6638
vn 0.6693 0.3621 -0.6488
vn -0.7370 0.3891 -0.5527
vn -0.8775 0.2030 -0.4345
vn -0.7451 0.3805 -0.5478
vn 0.4957 -0.5660 0.6587
vn 0.4992 -0.5634 0.6584
vn 0.4945 -0.5669 0.6589
vn 0.1568 0.4535 0.8773
vn 0.0246 -0.4294 0.9028
vn 0.9426 -0.1788 0.2819
vn 0.8240 -0.4567 0.3352
vn 0.8490 -0.4171 0.3244
vn 0.8083 -0.4800 0.3409
vn 0.8605 -0.4030 0.3117
vn 0.8340 -0.4469 0.3235
vn 0.8414 -0.4280 0.3298
vn -0.3846 -0.1178 0.9156
vn -0.3838 -0.1175 0.9159
vn -0.3888 -0.1602 0.9073
vn -0.9544 -0.0766 -0.2884
vn -0.9560 -0.0297 -0.2920
vn -0.9556 -0.0284 -0.2932
vn -0.9569 -0.0154 -0.2899
vn -0.3991 -0.2259 0.8887
vn 0.4651 0.8821 -0.0747
vn -0.0760 0.9970 0.0167
vn 0.6001 0.6086 -0.5191
vn 0.3467 -0.0053 -0.9380
vn 0.0217 0.6169 0.7867
vn 0.0022 0.5973 0.8020
vn 0.0279 0.6229 0.7818
vn 0.7727 -0.5364 0.3393
vn 0.0310 0.6260 0.7792
vn -0.3965 0.3726 0.8390
vn -0.4235 0.3705 0.8267
vn -0.3669 0.3744 0.8516
vn -0.9390 -0.1318 -0.3178
vn 0.9706 0.0837 0.2258
vn 0.2220 -0.3350 -0.9157
vn 0.2227 -0.4024 -0.8880
vn 0.2218 -0.3255 -0.9191
vn 0.0865 -0.2852 -0.9546
vn 0.0497 -0.0449 -0.9978
vn 0.0635 -0.1328 -0.9891
vn 0.1006 -0.3816 -0.9189
vn 0.8791 -0.4610 0.1214
vn 0.7051 -0.7007 0.1090
vn 0.6924 -0.7134 0.1079
vn -0.5755 0.5216 -0.6299
vn -0.5496 0.5363 -0.6405
vn 0.5503 0.2816 -0.7861
vn 0.2489 0.5920 0.7666
vn 0.1384 0.9806 -0.1389
vn 0.3020 0.2570 0.9180
vn -0.4598 -0.2199 0.8604
vn 0.0422 -0.6370 0.7697
vn -0.0565 -0.8092 0.5849
vn 0.1147 -0.3787 0.9184
vn -0.7074 0.4416 0.5519
vn 0.1548 0.9871 0.0416
vn -0.7685 0.6311 0.1057
vn 0.0059 0.7033 0.7109
vn -0.9896 -0.0810 -0.1190
vn -0.9908 -0.0818 -0.1074
vn -0.2738 -0.7320 0.6239
vn -0.5012 -0.5275 0.6859
vn -0.4949 -0.5566 0.6673
vn -0.2225 -0.7867 0.5758
vn 0.5685 0.4226 0.7059
vn 0.6478 0.3595 -0.6717
vn 0.4067 -0.3012 -0.8625
vn 0.2654 -0.5406 -0.7983
vn 0.2520 -0.5594 -0.7897
vn -0.1292 0.8627 -0.4889
vn 0.9511 0.2808 -0.1286
vn -0.8299 -0.1319 -0.5422
vn 0.9864 0.0030 0.1644
vn 0.1127 -0.7256 -0.6788
vn -0.0906 0.4385 -0.8941
vn -0.4839 0.3646 0.7955
vn 0.0637 0.4428 -0.8944
vn -0.0080 0.2293 -0.9733
vn 0.0020 0.2600 -0.9656
vn -0.3762 0.6159 -0.6922
vn 0.8382 0.5297 0.1298
vn 0.2035 0.9201 0.3347
vn 0.9605 0.1603 0.2276
vn 0.5015 -0.5616 0.6581
vn -0.0898 -0.0322 -0.9954
vn -0.9402 -0.3385 0.0377
vn -0.9485 -0.3116 0.0574
vn -0.9452 -0.3226 0.0494
vn -0.9534 -0.2935 0.0704
vn -0.6948 -0.2913 0.6576
vn 0.9405 -0.2187 -0.2601
vn -0.8103 0.5620 0.1659
vn -0.1373 -0.6671 -0.7322
vn -0.1961 -0.9806 0.0028
vn -0.2281 0.8507 0.4735
vn -0.0307 0.8332 0.5521
vn -0.0300 0.8319 0.5541
vn 0.0007 -0.5624 0.8269
vn 0.0451 -0.5505 0.8336
vn 0.3790 -0.8356 -0.3977
vn 0.4035 -0.8203 -0.4053
vn 0.4004 -0.8259 -0.3970
vn 0.1896 0.5622 -0.8050
vn -0.1702 0.5543 -0.8147
vn -0.4764 -0.6102 -0.6330
vn 0.4900 -0.7696 -0.4094
vn 0.4190 -0.8141 -0.4021
vn 0.4934 -0.7746 -0.3957
vn 0.2441 0.7921 0.5594
vn 0.2621 0.7706 0.5809
vn 0.1062 0.7966 0.5951
vn 0.1286 -0.5870 0.7993
vn 0.1291 -0.5867 0.7995
vn 0.1288 -0.5869 0.7994
vn 0.3338 0.0093 0.9426
vn 0.5753 0.0380 0.8170
vn 0.5601 0.0516 0.8268
vn -0.0309 0.9995 0.0006
vn 0.0503 0.9975 0.0487
vn -0.0212 0.9998 0.0064
vn 0.4507 -0.8588 -0.2434
vn 0.4513 -0.8576 -0.2467
vn -0.7437 0.2605 0.6157
vn -0.7616 0.2301 0.6059
vn -0.7472 0.2546 0.6139
vn -0.4341 0.7215 -0.5395
vn -0.3761 0.6764 -0.6333
vn -0.3865 0.6848 -0.6178
vn 0.0550 -0.6463 -0.7611
vn 0.2398 -0.7544 -0.6110
vn 0.0642 -0.6527 -0.7549
vn 0.1600 0.4459 0.8807
vn 0.1565 0.4484 0.8800
vn 0.1612 0.4449 0.8809
vn -0.6957 -0.2115 0.6865
vn 0.1369 -0.0912 0.9864
vn -0.2437 0.8475 0.4716
vn 0.0332 0.8025 0.5958
vn -0.0082 0.8171 0.5764
vn 0.0582 0.7930 0.6064
vn -0.0215 0.8271 0.5617
vn 0.0241 0.8120 0.5832
vn 0.0028 0.8118 0.5839
vn -0.0035 -0.5603 0.8283
vn -0.0041 -0.5598 0.8286
vn 0.0383 -0.5501 0.8342
vn 0.4790 -0.7847 -0.3935
vn 0.4384 -0.7984 -0.4129
vn 0.4374 -0.7981 -0.4144
vn 0.4253 -0.8039 -0.4158
vn 0.1059 -0.5362 0.8374
vn -0.9351 0.2002 -0.2924
vn -0.8736 -0.3557 -0.3323
vn -0.6183 0.5177 -0.5914
vn 0.1333 0.5658 -0.8137
vn -0.7712 -0.3587 0.5259
vn -0.7508 -0.3752 0.5436
vn -0.7774 -0.3535 0.5202
vn 0.1217 0.7765 0.6183
vn -0.7806 -0.3508 0.5173
vn -0.4195 -0.6896 0.5903
vn -0.4049 -0.7108 0.5752
vn -0.4348 -0.6661 0.6060
vn 0.5310 -0.7472 -0.3997
vn -0.4744 0.8138 0.3356
vn 0.4671 0.5379 -0.7018
vn 0.5200 0.5503 -0.6533
vn 0.4596 0.5359 -0.7082
vn 0.4800 0.4089 -0.7762
vn 0.2885 0.3183 -0.9030
vn 0.3603 0.3535 -0.8632
vn 0.5522 0.4397 -0.7084
vn 0.0748 0.9101 0.4075
vn 0.3541 0.8203 0.4491
vn 0.3703 0.8124 0.4504
vn -0.0999 -0.5145 -0.8516
vn -0.1194 -0.4920 -0.8624
vn -0.2361 0.6334 -0.7370
vn -0.8228 -0.1366 0.5517
vn -0.8923 -0.1125 -0.4371
vn -0.5807 -0.0326 0.8135
vn 0.1292 -0.5866 0.7995
vn 0.3527 0.0182 0.9356
vn 0.5910 0.0237 0.8063
vn 0.0557 -0.0264 0.9981
vn -0.2965 -0.9214 0.2511
vn -0.9519 -0.1462 -0.2692
vn -0.3266 -0.9151 -0.2364
vn -0.8231 -0.3779 0.4239
vn 0.4502 -0.8600 -0.2403
vn 0.4482 -0.8639 -0.2296
vn 0.5872 -0.2089 0.7820
vn 0.4665 -0.4927 0.7346
vn 0.4953 -0.4738 0.7281
vn 0.6313 -0.1336 0.7639
vn -0.7661 0.2220 0.6031
vn -0.3705 0.6717 -0.6415
vn 0.3581 0.6851 -0.6344
vn 0.6054 0.6053 -0.5168
vn 0.6247 0.5960 -0.5045
vn -0.5999 -0.2353 -0.7647
vn -0.5504 0.8326 -0.0628
vn 0.5527 -0.5880 -0.5906
vn -0.3910 0.8672 0.3083
vn 0.7932 0.4854 -0.3678
vn -0.1243 0.0255 -0.9919
vn -0.3702 -0.7568 0.5387
vn -0.1820 0.1669 -0.9690
vn 0.0558 0.1814 -0.9818
vn 0.0227 0.1800 -0.9834
vn -0.2377 -0.3408 -0.9096
vn -0.8032 0.5909 0.0753
vn -0.9868 -0.1587 0.0331
vn -0.5401 0.7825 0.3098
vn 0.1542 0.4501 0.8796
vn 0.3252 0.1853 -0.9273
vn 0.6225 -0.7826 -0.0004
vn 0.5961 -0.8029 0.0075
vn 0.6069 -0.7947 0.0043
vn 0.5780 -0.8159 0.0127
vn 0.3294 -0.7307 0.5980
vn -0.0628 0.9979 -0.0183
vn -0.2660 -0.9499 -0.1640
vn 0.8421 0.2519 -0.4768
vn 0.9487 0.0947 0.3016
vn 0.7405 0.1587 -0.6530
vn 0.7711 -0.0515 -0.6346
vn 0.7725 -0.0526 -0.6328
vn 0.6050 -0.2008 0.7705
vn 0.6064 -0.2451 0.7565
vn -0.6938 -0.3215 0.6444
vn -0.7011 -0.3432 0.6251
vn -0.6943 -0.3421 0.6331
vn -0.6208 0.0104 -0.7839
vn -0.5637 0.3634 -0.7418
vn -0.6835 0.5733 0.4518
vn -0.7062 -0.4245 0.5666
vn -0.6991 -0.3587 0.6185
vn -0.6955 -0.4310 0.5749
vn 0.7134 -0.3230 -0.6219
vn 0.7236 -0.3461 -0.5972
vn 0.7743 -0.1958 -0.6017
vn 0.5475 -0.3209 0.7728
vn 0.5476 -0.3214 0.7725
vn 0.5475 -0.3211 0.7727
vn 0.8206 -0.5259 0.2236
vn 0.6658 -0.7337 0.1356
vn 0.6819 -0.7203 0.1270
vn 0.3052 0.0732 -0.9495
vn 0.3341 -0.0163 -0.9424
vn 0.3088 0.0625 -0.9491
vn -0.5702 -0.4253 0.7028
vn -0.5729 -0.4251 0.7007
vn 0.7953 0.6063 0.0036
vn 0.7804 0.6245 0.0316
vn 0.7924 0.6099 0.0090
vn -0.2062 0.5696 -0.7956
vn -0.3184 0.5311 -0.7852
vn -0.2994 0.5382 -0.7878
vn -0.9153 0.0802 0.3947
vn -0.8425 -0.1368 0.5210
vn -0.9132 0.0696 0.4015
vn 0.9263 -0.3242 -0.1920
vn 0.9271 -0.3206 -0.1942
vn 0.9260 -0.3255 -0.1912
vn 0.7112 0.5240 0.4686
vn 0.8690 -0.3474 0.3524
vn 0.7407 0.1743 -0.6488
vn 0.7906 -0.1245 -0.5995
vn 0.7848 -0.0793 -0.6147
vn 0.7930 -0.1515 -0.5901
vn 0.7765 -0.0627 -0.6270
vn 0.7834 -0.1124 -0.6112
vn 0.7881 -0.0918 -0.6087
vn 0.6077 -0.1969 0.7693
vn 0.6083 -0.1964 0.7690
vn 0.6084 -0.2386 0.7569
vn -0.6937 -0.4178 0.5866
vn -0.7082 -0.3746 0.5984
vn -0.7093 -0.3734 0.5979
vn -0.7101 -0.3615 0.6042
vn 0.6027 -0.3046 0.7376
vn -0.0355 0.9836 -0.1766
vn -0.2506 0.9080 0.3357
vn -0.2805 0.7517 -0.5969
vn -0.6171 0.0674 -0.7840
vn 0.5315 0.6255 0.5712
vn 0.5392 0.6011 0.5899
vn 0.5289 0.6330 0.5653
vn 0.7871 -0.2167 -0.5776
vn 0.5276 0.6368 0.5622
vn 0.4257 0.2542 0.8684
vn 0.4026 0.2423 0.8828
vn 0.4504 0.2668 0.8520
vn -0.6982 -0.4656 0.5438
vn 0.6474 0.4269 -0.6313
vn -0.5844 -0.2835 -0.7603
vn -0.5455 -0.3449 -0.7639
vn -0.5896 -0.2748 -0.7595
vn -0.6950 -0.2858 -0.6597
vn -0.8042 -0.0758 -0.5895
vn -0.7702 -0.1529 -0.6193
vn -0.6361 -0.3694 -0.6774
vn 0.6389 -0.1203 -0.7599
vn 0.5977 -0.4057 -0.6915
vn 0.5934 -0.4222 -0.6853
vn -0.9311 0.2564 0.2594
vn -0.9307 0.2787 0.2369
vn -0.4549 0.4145 -0.7882
vn 0.6318 0.6800 0.3722
vn -0.2724 0.9592 0.0761
vn 0.8615 0.3924 0.3221
vn 0.5477 -0.3215 0.7725
vn 0.8131 -0.5424 0.2113
vn 0.6485 -0.7474 0.1445
vn 0.9148 -0.2678 0.3024
vn 0.0159 0.1962 0.9804
vn -0.1141 0.9802 0.1621
vn -0.4324 0.3296 0.8393
vn 0.4402 0.6970 0.5660
vn -0.5675 -0.4255 0.7049
vn -0.5583 -0.4261 0.7119
vn 0.5570 -0.7485 0.3598
vn 0.4508 -0.6329 0.6295
vn 0.4449 -0.6588 0.6066
vn 0.5542 -0.7845 0.2783
vn 0.7763 0.6292 0.0390
vn -0.3285 0.5271 -0.7837
vn -0.4567 -0.1850 -0.8702
vn -0.4176 -0.4549 -0.7865
vn -0.4126 -0.4768 -0.7762
vn -0.6711 0.7380 0.0698
vn 0.2950 0.5866 -0.7543
vn -0.8333 -0.4393 0.3356
vn 0.6220 0.3536 -0.6987
vn -0.3499 -0.6751 -0.6495
vn -0.8962 0.3334 -0.2926
vn 0.3481 0.2141 0.9127
vn -0.8216 0.3910 -0.4149
vn -0.8745 0.1622 -0.4571
vn -0.8701 0.1948 -0.4528
vn -0.9071 0.4107 0.0917
vn 0.4000 0.7936 -0.4584
vn 0.1715 0.9494 0.2632
vn 0.6265 0.4951 -0.6020
vn 0.9276 -0.3182 -0.1957
vn -0.8737 -0.1123 -0.4734
vn -0.3529 -0.6414 0.6812
vn -0.3465 -0.6181 0.7056
vn -0.3491 -0.6277 0.6957
vn -0.3420 -0.6022 0.7213
vn 0.2781 -0.4803 0.8318
vn 0.2931 0.1084 -0.9499
vn -0.3866 0.2534 0.8867
vn -0.5309 -0.7098 -0.4629
vn 0.1296 -0.9862 -0.1034
vn -0.0000 -1.0000 -0.0000
vn 0.3523 -0.1385 -0.9256
vn 0.3551 -0.1479 -0.9231
vn 0.3357 -0.0834 -0.9383
vn 0.1037 0.1238 -0.9869
vn 0.2003 0.0402 -0.9789
vn 0.2338 0.0103 -0.9722
vn -0.1194 0.1232 0.9852
vn -0.1873 0.1662 0.9681
vn -0.2301 0.1931 0.9538
vn 0.9869 0.1050 0.1223
vn 0.9232 0.2810 0.2621
vn 0.9535 0.2129 0.2135
vn -0.9788 0.1314 -0.1574
vn -0.9699 -0.0536 -0.2376
vn -0.9708 -0.0478 -0.2352
vn 0.7065 0.1582 0.6898
vn 0.5875 0.4823 0.6498
vn 0.7831 0.3308 0.5266
vn -0.3279 0.1894 0.9255
vn -0.3264 0.1934 0.9252
vn 0.8683 0.4195 0.2647
vn 0.8600 0.3976 0.3198
vn -0.8680 -0.2898 -0.4033
vn -0.8607 -0.2946 -0.4152
vn -0.7519 -0.0595 -0.6566
vn -0.7588 -0.0862 -0.6455
vn -0.5704 0.4132 -0.7099
vn -0.5765 0.4001 -0.7124
vn -0.7905 -0.3339 -0.5134
vn 0.7253 -0.0142 -0.6882
vn 0.4293 0.0002 -0.9032
vn 0.4273 -0.1334 -0.8942
vn 0.8397 0.4172 0.3476
vn -0.9168 0.0611 0.3946
vn 0.7594 -0.0694 -0.6469
vn 0.7580 -0.0828 -0.6470
vn 0.7527 -0.0945 -0.6516
vn 0.7527 -0.0954 -0.6514
vn 0.7251 -0.0285 -0.6880
vn -0.7557 0.0851 0.6494
vn -0.7052 0.0753 0.7050
vn -0.7325 0.1531 0.6633
vn -0.7267 0.1684 0.6660
vn 0.6624 0.1926 0.7240
vn 0.6086 -0.3036 0.7331
vn 0.6028 -0.3190 0.7313
vn 0.6044 -0.2899 0.7421
vn 0.6094 -0.2742 0.7439
vn 0.6583 0.2086 0.7233
vn 0.6606 0.1865 0.7272
vn -0.7116 0.2096 0.6706
vn -0.7116 0.2095 0.6706
vn -0.5669 0.4042 -0.7178
vn -0.5725 0.3911 -0.7206
vn 0.7424 -0.0154 -0.6697
vn 0.7413 -0.0104 -0.6710
vn 0.7288 0.0418 -0.6835
vn -0.6675 -0.0588 -0.7423
vn -0.6675 -0.0818 -0.7401
vn -0.7249 0.1511 0.6721
vn -0.7257 0.1457 0.6724
vn -0.7336 0.0861 0.6741
vn 0.6204 0.4092 0.6691
vn -0.6496 -0.2985 -0.6993
vn -0.5177 0.8554 0.0164
vn -0.5174 0.8556 0.0161
vn -0.5292 0.8481 0.0261
vn -0.4357 -0.2451 -0.8661
vn -0.4302 -0.2473 -0.8682
vn -0.4303 -0.2472 -0.8682
vn 0.5291 -0.8481 -0.0261
vn 0.5590 -0.8278 -0.0464
vn 0.5583 -0.8283 -0.0459
vn 0.4357 0.2451 0.8661
vn 0.4674 0.2639 0.8437
vn 0.4682 0.2643 0.8432
vn 0.5278 -0.8412 0.1177
vn 0.5246 -0.8420 0.1258
vn -0.4201 0.8813 -0.2163
vn -0.4298 0.8817 -0.1946
vn -0.5856 0.7648 -0.2686
vn -0.4662 0.8142 -0.3461
vn 0.5027 0.3949 0.7690
vn 0.5022 0.4204 0.7557
vn -0.3931 -0.3769 -0.8387
vn -0.3954 -0.3685 -0.8413
vn 0.4024 0.6005 0.6910
vn 0.4284 0.5829 0.6905
vn 0.3235 0.6489 0.6887
vn -0.2867 -0.5512 -0.7836
vn -0.2955 -0.5449 -0.7847
vn 0.5582 -0.7962 0.2334
vn 0.6648 -0.7341 0.1385
vn -0.7613 -0.5792 -0.2914
vn -0.2211 -0.5951 -0.7726
vn 0.7681 -0.6399 0.0243
vn -0.7331 0.6640 -0.1473
vn 0.6306 -0.4966 -0.5965
vn -0.6496 0.5921 0.4769
vn 0.7663 0.6307 0.1226
vn 0.0835 0.8340 -0.5454
vn 0.0779 0.8429 -0.5324
vn 0.1589 0.6847 -0.7113
vn 0.8656 0.2851 0.4116
vn 0.8977 0.2049 0.3901
vn 0.8918 0.2149 0.3980
vn 0.9104 0.1818 0.3717
vn -0.2096 -0.6945 0.6883
vn -0.1120 -0.8299 0.5465
vn -0.1183 -0.8226 0.5562
vn 0.8765 0.0972 0.4715
vn 0.8740 0.0677 0.4812
vn -0.9138 0.0215 -0.4055
vn -0.9129 0.0322 -0.4069
vn -0.7007 0.3527 -0.6202
vn -0.6914 0.3572 -0.6280
vn -0.9119 -0.1729 -0.3721
vn -0.9119 -0.1730 -0.3722
vn -0.0129 -0.9228 0.3851
vn -0.0047 0.9446 -0.3281
vn -0.7543 -0.2542 0.6054
vn -0.6547 -0.2627 0.7088
vn -0.8951 -0.0845 0.4378
vn -0.8963 -0.0426 0.4414
vn -0.4784 -0.2652 0.8371
vn 0.4895 0.4029 -0.7734
vn 0.7097 0.3991 -0.5805
vn 0.6572 0.4035 -0.6366
vn 0.7180 -0.1905 0.6695
vn 0.6969 -0.2046 0.6874
vn 0.8402 0.1874 -0.5089
vn 0.8316 0.1294 -0.5402
vn 0.7677 -0.0893 -0.6346
vn 0.5578 -0.0685 0.8271
vn 0.5629 -0.0079 0.8265
vn -0.4498 0.4413 -0.7765
vn 0.5616 0.2400 0.7919
vn -0.4503 -0.1814 -0.8742
vn -0.8854 0.1248 0.4478
vn -0.9120 -0.1727 -0.3721
vn -0.3497 0.1296 0.9279
vn -0.8414 -0.0569 0.5374
vn -0.7817 -0.0084 0.6236
vn 0.8154 0.4662 0.3432
vn -0.5816 -0.0088 0.8134
vn 0.8095 0.4156 0.4147
vt 0.528756 0.674537
vt 0.551380 0.679763
vt 0.543821 0.687692
vt 0.240307 0.665058
vt 0.251961 0.668275
vt 0.236890 0.705235
vt 0.689962 0.008836
vt 0.748121 0.008836
vt 0.728015 0.030440
vt 0.728690 0.653221
vt 0.720288 0.630971
vt 0.724760 0.624278
vt 0.008836 0.743968
vt 0.026823 0.768902
vt 0.025107 0.777714
vt 0.717939 0.073047
vt 0.721288 0.045608
vt 0.734627 0.052060
vt 0.544243 0.707520
vt 0.553647 0.709234
vt 0.533858 0.714628
vt 0.897479 0.173626
vt 0.882298 0.157095
vt 0.897040 0.166609
vt 0.131692 0.882577
vt 0.112616 0.884036
vt 0.112616 0.871868
vt 0.900565 0.913912
vt 0.896114 0.912903
vt 0.896084 0.910335
vt 0.898453 0.436417
vt 0.908606 0.447723
vt 0.886730 0.447723
vt 0.916334 0.854292
vt 0.900619 0.859741
vt 0.910802 0.848948
vt 0.905051 0.864149
vt 0.896084 0.858291
vt 0.578587 0.982961
vt 0.568656 0.982961
vt 0.571971 0.972342
vt 0.963421 0.941355
vt 0.968161 0.929610
vt 0.974816 0.941355
vt 0.921152 0.117327
vt 0.915151 0.119785
vt 0.915151 0.113545
vt 0.867980 0.196234
vt 0.864353 0.198184
vt 0.864353 0.191402
vt 0.587067 0.674537
vt 0.570828 0.704158
vt 0.568951 0.688478
vt 0.558016 0.703097
vt 0.566997 0.683305
vt 0.530635 0.700831
vt 0.542207 0.698218
vt 0.261507 0.656079
vt 0.275774 0.650129
vt 0.259952 0.669994
vt 0.275774 0.694314
vt 0.221961 0.672572
vt 0.747621 0.050239
vt 0.739249 0.045096
vt 0.731986 0.035372
vt 0.707811 0.052150
vt 0.273420 0.714358
vt 0.245819 0.718935
vt 0.607027 0.755035
vt 0.607027 0.729515
vt 0.625846 0.728815
vt 0.625846 0.754335
vt 0.982015 0.811778
vt 0.982015 0.795892
vt 0.987590 0.801444
vt 0.985389 0.811296
vt 0.145144 0.962840
vt 0.145144 0.956632
vt 0.149805 0.957591
vt 0.149805 0.963799
vt 0.706568 0.637925
vt 0.714206 0.640183
vt 0.676416 0.626928
vt 0.701943 0.612802
vt 0.707738 0.628883
vt 0.710423 0.628957
vt 0.240454 0.662446
vt 0.561164 0.719016
vt 0.226757 0.638491
vt 0.250245 0.628695
vt 0.244157 0.645193
vt 0.263059 0.648999
vt 0.040803 0.759808
vt 0.036765 0.769304
vt 0.033453 0.767640
vt 0.033430 0.779226
vt 0.040803 0.785213
vt 0.008836 0.802172
vt 0.896084 0.967245
vt 0.903054 0.969842
vt 0.901061 0.979911
vt 0.897397 0.981652
vt 0.744884 0.070588
vt 0.921152 0.112919
vt 0.917322 0.110857
vt 0.656873 0.712725
vt 0.656873 0.771190
vt 0.714354 0.684323
vt 0.705346 0.698328
vt 0.678407 0.691626
vt 0.676416 0.670539
vt 0.896733 0.340298
vt 0.896375 0.327162
vt 0.906477 0.332654
vt 0.896007 0.351787
vt 0.559342 0.675595
vt 0.563218 0.686587
vt 0.539931 0.686410
vt 0.549178 0.675518
vt 0.805612 0.952525
vt 0.817977 0.949374
vt 0.817795 0.958170
vt 0.804912 0.958091
vt 0.896007 0.318462
vt 0.899348 0.317408
vt 0.908235 0.322240
vt 0.378030 0.892056
vt 0.387355 0.890506
vt 0.387355 0.900773
vt 0.378030 0.902323
vt 0.894013 0.687328
vt 0.896075 0.677635
vt 0.910198 0.672125
vt 0.905473 0.694331
vt 0.884032 0.142192
vt 0.892837 0.137457
vt 0.897479 0.142419
vt 0.897051 0.149162
vt 0.115906 0.866913
vt 0.112771 0.892090
vt 0.132092 0.868072
vt 0.125201 0.861235
vt 0.399186 0.885851
vt 0.399186 0.909373
vt 0.644606 0.112147
vt 0.644042 0.107916
vt 0.648385 0.108351
vt 0.648949 0.112581
vt 0.640046 0.117006
vt 0.638754 0.107314
vt 0.284594 0.956155
vt 0.273762 0.961749
vt 0.273762 0.944236
vt 0.284594 0.948511
vt 0.887923 0.423817
vt 0.898921 0.429004
vt 0.934613 0.318866
vt 0.940536 0.317408
vt 0.940536 0.337114
vt 0.925907 0.329701
vt 0.913853 0.872271
vt 0.896263 0.872271
vt 0.723371 0.624908
vt 0.723446 0.633954
vt 0.710877 0.627221
vt 0.717885 0.621969
vt 0.924151 0.518556
vt 0.924151 0.509951
vt 0.934803 0.504425
vt 0.934803 0.524139
vt 0.458335 0.980593
vt 0.462673 0.980482
vt 0.462673 0.990548
vt 0.456336 0.984863
vt 0.726397 0.909477
vt 0.733476 0.912001
vt 0.733476 0.923382
vt 0.717257 0.917599
vt 0.157554 0.953075
vt 0.157554 0.967299
vt 0.915106 0.675354
vt 0.915106 0.694890
vt 0.904065 0.967245
vt 0.648949 0.118786
vt 0.812660 0.946911
vt 0.853454 0.475767
vt 0.853454 0.486496
vt 0.842925 0.486552
vt 0.842925 0.475822
vt 0.812354 0.942733
vt 0.804912 0.942954
vt 0.914272 0.907463
vt 0.900891 0.889943
vt 0.914414 0.897001
vt 0.964633 0.928013
vt 0.438664 0.991057
vt 0.432223 0.985353
vt 0.438664 0.980481
vt 0.813702 0.976557
vt 0.810176 0.984805
vt 0.804912 0.975842
vt 0.804912 0.986733
vt 0.714914 0.902834
vt 0.725374 0.903033
vt 0.896084 0.892232
vt 0.918237 0.510024
vt 0.918237 0.518629
vt 0.933164 0.137457
vt 0.933164 0.157224
vt 0.915151 0.156185
vt 0.924965 0.138311
vt 0.560381 0.740899
vt 0.533075 0.736511
vt 0.683699 0.752456
vt 0.679745 0.746465
vt 0.687931 0.738995
vt 0.691529 0.743747
vt 0.698578 0.765818
vt 0.690597 0.759466
vt 0.697941 0.754203
vt 0.702876 0.765036
vt 0.721338 0.756928
vt 0.720517 0.761449
vt 0.732079 0.765213
vt 0.730032 0.766571
vt 0.733703 0.774594
vt 0.711416 0.737892
vt 0.715845 0.744022
vt 0.723732 0.727002
vt 0.727223 0.729365
vt 0.727628 0.716000
vt 0.698999 0.726858
vt 0.702557 0.730338
vt 0.706269 0.718051
vt 0.676416 0.740319
vt 0.681364 0.735494
vt 0.686226 0.725226
vt 0.691550 0.726062
vt 0.687948 0.716000
vt 0.462454 0.756223
vt 0.454212 0.760787
vt 0.450653 0.755966
vt 0.457647 0.750999
vt 0.475548 0.770146
vt 0.474959 0.773547
vt 0.463881 0.768855
vt 0.468857 0.763294
vt 0.955024 0.083420
vt 0.956397 0.068904
vt 0.961214 0.067358
vt 0.966912 0.083420
vt 0.969972 0.272538
vt 0.967361 0.282047
vt 0.964738 0.282211
vt 0.966318 0.269440
vt 0.969972 0.290575
vt 0.456973 0.780315
vt 0.451102 0.775568
vt 0.444608 0.788713
vt 0.442577 0.784994
vt 0.432223 0.788065
vt 0.088398 0.975300
vt 0.088398 0.955674
vt 0.092170 0.954479
vt 0.092433 0.973447
vt 0.831373 0.988329
vt 0.831373 0.975841
vt 0.835692 0.985820
vt 0.449224 0.748070
vt 0.453220 0.745300
vt 0.441202 0.754354
vt 0.440880 0.748875
vt 0.432223 0.748995
vt 0.008836 0.899444
vt 0.009999 0.894978
vt 0.027151 0.895046
vt 0.027630 0.899444
vt 0.732113 0.861559
vt 0.733463 0.868568
vt 0.716281 0.862622
vt 0.716745 0.856451
vt 0.733477 0.877151
vt 0.731830 0.885162
vt 0.716829 0.879638
vt 0.716281 0.870978
vt 0.896294 0.465395
vt 0.905804 0.485587
vt 0.886730 0.485587
vt 0.890097 0.465662
vt 0.015900 0.877311
vt 0.021778 0.877625
vt 0.780887 0.949525
vt 0.781384 0.939861
vt 0.786559 0.937711
vt 0.783624 0.948201
vt 0.019640 0.869570
vt 0.022503 0.869969
vt 0.878335 0.339911
vt 0.878335 0.362236
vt 0.863240 0.358177
vt 0.869694 0.339603
vt 0.784675 0.958856
vt 0.786559 0.957828
vt 0.255445 0.946452
vt 0.255445 0.955256
vt 0.253411 0.954746
vt 0.252699 0.945912
vt 0.432223 0.892685
vt 0.436523 0.872362
vt 0.444966 0.873780
vt 0.451038 0.892685
vt 0.875712 0.325274
vt 0.871173 0.326715
vt 0.439939 0.858253
vt 0.444398 0.860456
vt 0.909479 0.386092
vt 0.915947 0.400620
vt 0.903260 0.404418
vt 0.905541 0.385816
vt 0.878098 0.317408
vt 0.875191 0.318787
vt 0.982621 0.770065
vt 0.984642 0.756618
vt 0.986423 0.760434
vt 0.986423 0.773509
vt 0.825200 0.299389
vt 0.827344 0.284666
vt 0.831103 0.283270
vt 0.840579 0.299389
vt 0.905398 0.375962
vt 0.903260 0.374943
vt 0.353089 0.965990
vt 0.359202 0.964322
vt 0.359202 0.979770
vt 0.353076 0.977551
vt 0.507304 0.721605
vt 0.507304 0.708964
vt 0.508641 0.706820
vt 0.510416 0.719961
vt 0.729495 0.854402
vt 0.717479 0.850548
vt 0.957807 0.724426
vt 0.961736 0.732432
vt 0.953423 0.736854
vt 0.954780 0.726377
vt 0.934006 0.870148
vt 0.938230 0.858548
vt 0.942026 0.859180
vt 0.944967 0.870148
vt 0.954770 0.715999
vt 0.953423 0.717231
vt 0.942404 0.848948
vt 0.944133 0.849553
vt 0.869277 0.654052
vt 0.865588 0.654327
vt 0.864507 0.646395
vt 0.867632 0.645776
vt 0.873853 0.652805
vt 0.873654 0.646019
vt 0.870266 0.631253
vt 0.873853 0.631150
vt 0.868432 0.619970
vt 0.870381 0.618679
vt 0.865087 0.612802
vt 0.862542 0.634348
vt 0.864919 0.633544
vt 0.860961 0.626015
vt 0.861791 0.654453
vt 0.860981 0.649574
vt 0.857735 0.642767
vt 0.859620 0.639587
vt 0.854438 0.637843
vt 0.917645 0.588162
vt 0.919523 0.581277
vt 0.922041 0.582722
vt 0.920790 0.589363
vt 0.913358 0.586400
vt 0.913914 0.580581
vt 0.913301 0.569502
vt 0.916863 0.570073
vt 0.916765 0.559480
vt 0.918516 0.561025
vt 0.922041 0.554738
vt 0.092412 0.931453
vt 0.092950 0.918186
vt 0.094851 0.919081
vt 0.094851 0.932276
vt 0.462725 0.955187
vt 0.465193 0.947705
vt 0.465193 0.955606
vt 0.984819 0.106393
vt 0.988375 0.110363
vt 0.989057 0.114889
vt 0.986047 0.114479
vt 0.986645 0.101091
vt 0.989057 0.104162
vt 0.747700 0.588747
vt 0.747700 0.593686
vt 0.744222 0.589910
vt 0.156548 0.929485
vt 0.157459 0.932222
vt 0.147143 0.929760
vt 0.147323 0.927356
vt 0.157554 0.935403
vt 0.147231 0.932866
vt 0.964214 0.804606
vt 0.964343 0.818761
vt 0.957901 0.818832
vt 0.960279 0.805903
vt 0.947399 0.188833
vt 0.949052 0.174896
vt 0.952868 0.176546
vt 0.955653 0.190161
vt 0.964343 0.795892
vt 0.961851 0.797555
vt 0.974556 0.193791
vt 0.976428 0.183429
vt 0.978328 0.185879
vt 0.978620 0.195361
vt 0.411640 0.656824
vt 0.414452 0.666978
vt 0.408382 0.668757
vt 0.409554 0.656083
vt 0.359042 0.930056
vt 0.360003 0.938187
vt 0.358338 0.940724
vt 0.358338 0.932668
vt 0.977771 0.174896
vt 0.978620 0.177453
vt 0.957901 0.776008
vt 0.960979 0.766081
vt 0.963081 0.765409
vt 0.964949 0.778220
vt 0.409692 0.649506
vt 0.408382 0.648252
vt 0.155698 0.922952
vt 0.154913 0.926792
vt 0.147702 0.925182
vt 0.150305 0.921794
vt 0.963724 0.757851
vt 0.964949 0.756618
vt 0.156250 0.915938
vt 0.154159 0.915657
vt 0.983690 0.478197
vt 0.986266 0.470645
vt 0.988401 0.471048
vt 0.989869 0.478197
vt 0.157554 0.909762
vt 0.156492 0.909796
vt 0.988107 0.465395
vt 0.989088 0.465765
vt 0.947399 0.195420
vt 0.956885 0.196815
vt 0.672290 0.016063
vt 0.665708 0.029854
vt 0.657369 0.022275
vt 0.663161 0.066752
vt 0.653511 0.067882
vt 0.638680 0.036247
vt 0.378442 0.759442
vt 0.324996 0.759442
vt 0.344426 0.743812
vt 0.750206 0.331180
vt 0.735141 0.348204
vt 0.725829 0.351268
vt 0.750206 0.406071
vt 0.739550 0.381978
vt 0.742705 0.376140
vt 0.355292 0.712147
vt 0.351231 0.732696
vt 0.339131 0.727639
vt 0.636163 0.017335
vt 0.633928 0.023213
vt 0.629185 0.008836
vt 0.653054 0.025775
vt 0.640240 0.027647
vt 0.652682 0.086364
vt 0.306730 0.966118
vt 0.302265 0.965354
vt 0.302584 0.962903
vt 0.441359 0.921727
vt 0.432223 0.914406
vt 0.450872 0.910356
vt 0.568656 0.915524
vt 0.579904 0.909117
vt 0.574933 0.919875
vt 0.576115 0.905521
vt 0.584195 0.910017
vt 0.743461 0.342914
vt 0.751014 0.347690
vt 0.741760 0.353261
vt 0.335404 0.964455
vt 0.332048 0.975590
vt 0.324996 0.964322
vt 0.681811 0.981822
vt 0.676416 0.978711
vt 0.680744 0.976562
vt 0.462681 0.289649
vt 0.457551 0.289649
vt 0.460231 0.284248
vt 0.669998 0.055743
vt 0.655602 0.039297
vt 0.661236 0.039393
vt 0.643576 0.009267
vt 0.646006 0.018026
vt 0.655457 0.079690
vt 0.650211 0.088330
vt 0.647217 0.069014
vt 0.620874 0.056133
vt 0.327043 0.728753
vt 0.334593 0.732728
vt 0.340940 0.740079
vt 0.363951 0.728107
vt 0.609007 0.038832
vt 0.623753 0.026960
vt 0.158099 0.751390
vt 0.158099 0.774699
vt 0.136839 0.775085
vt 0.136839 0.751776
vt 0.671949 0.107314
vt 0.671949 0.118616
vt 0.666621 0.116055
vt 0.668698 0.108666
vt 0.020223 0.956219
vt 0.020223 0.961640
vt 0.014998 0.960718
vt 0.014998 0.955297
vt 0.747908 0.343967
vt 0.761326 0.363749
vt 0.730683 0.365484
vt 0.739996 0.352422
vt 0.803202 0.732559
vt 0.800902 0.731608
vt 0.800997 0.716000
vt 0.830318 0.731063
vt 0.830318 0.751047
vt 0.817560 0.741088
vt 0.800997 0.761783
vt 0.800997 0.749645
vt 0.806877 0.753168
vt 0.725829 0.383957
vt 0.731104 0.378390
vt 0.733626 0.380698
vt 0.735859 0.372281
vt 0.786559 0.989091
vt 0.780646 0.986839
vt 0.783202 0.978053
vt 0.786559 0.976528
vt 0.330094 0.712918
vt 0.684868 0.980305
vt 0.683944 0.977069
vt 0.112616 0.789447
vt 0.112616 0.736044
vt 0.261051 0.766507
vt 0.258202 0.781406
vt 0.235467 0.786168
vt 0.229237 0.770220
vt 0.230245 0.989206
vt 0.221961 0.980564
vt 0.230245 0.978537
vt 0.058475 0.881587
vt 0.065181 0.900118
vt 0.058519 0.892077
vt 0.066457 0.869550
vt 0.076763 0.878831
vt 0.058475 0.870753
vt 0.735066 0.352964
vt 0.735464 0.340979
vt 0.545528 0.928610
vt 0.543655 0.930478
vt 0.533914 0.930478
vt 0.896715 0.014492
vt 0.903823 0.015659
vt 0.903823 0.025316
vt 0.896715 0.024148
vt 0.334245 0.912194
vt 0.333051 0.904872
vt 0.343451 0.895610
vt 0.346184 0.912384
vt 0.265685 0.736606
vt 0.221961 0.736606
vt 0.665281 0.026729
vt 0.666802 0.034799
vt 0.666748 0.069502
vt 0.528756 0.923080
vt 0.539829 0.923080
vt 0.666151 0.089642
vt 0.672290 0.082282
vt 0.915794 0.008836
vt 0.915794 0.030959
vt 0.755449 0.694057
vt 0.754367 0.698289
vt 0.751288 0.697330
vt 0.752370 0.693098
vt 0.681811 0.985648
vt 0.676416 0.987477
vt 0.386773 0.939514
vt 0.378030 0.944985
vt 0.378030 0.927045
vt 0.386773 0.931684
vt 0.450872 0.930033
vt 0.441300 0.927870
vt 0.617250 0.941251
vt 0.621178 0.947718
vt 0.607027 0.950094
vt 0.607027 0.933614
vt 0.568656 0.898955
vt 0.586792 0.897347
vt 0.687580 0.943107
vt 0.688290 0.950365
vt 0.676416 0.947518
vt 0.682397 0.941864
vt 0.963066 0.900749
vt 0.963066 0.894147
vt 0.973045 0.889943
vt 0.973045 0.905070
vt 0.747541 0.698289
vt 0.746362 0.689185
vt 0.935965 0.079642
vt 0.937352 0.085497
vt 0.929031 0.092783
vt 0.925851 0.079369
vt 0.008836 0.965688
vt 0.008836 0.953267
vt 0.676416 0.958830
vt 0.683164 0.958891
vt 0.071986 0.900514
vt 0.936478 0.290920
vt 0.936478 0.269440
vt 0.942763 0.269989
vt 0.947066 0.287074
vt 0.779635 0.989257
vt 0.730381 0.377831
vt 0.738219 0.381053
vt 0.732238 0.381457
vt 0.731800 0.345365
vt 0.543769 0.940230
vt 0.534028 0.940230
vt 0.020807 0.967800
vt 0.324996 0.901991
vt 0.324996 0.889010
vt 0.335404 0.977176
vt 0.255479 0.978537
vt 0.253320 0.986302
vt 0.247917 0.978537
vt 0.249139 0.988444
vt 0.929031 0.067358
vt 0.937352 0.074399
vt 0.302358 0.946379
vt 0.306730 0.944236
vt 0.393537 0.932030
vt 0.393537 0.939861
vt 0.947582 0.391128
vt 0.933619 0.392933
vt 0.933619 0.374943
vt 0.946583 0.383013
vt 0.332070 0.692647
vt 0.357267 0.691876
vt 0.765271 0.527464
vt 0.751611 0.530026
vt 0.749932 0.522826
vt 0.069172 0.758849
vt 0.075991 0.763632
vt 0.067294 0.787755
vt 0.787792 0.137457
vt 0.818676 0.137457
vt 0.806447 0.154164
vt 0.782649 0.741200
vt 0.779583 0.725542
vt 0.783231 0.718854
vt 0.413600 0.818942
vt 0.403126 0.801586
vt 0.404126 0.795200
vt 0.799411 0.186558
vt 0.802019 0.165799
vt 0.809275 0.170532
vt 0.414264 0.934944
vt 0.411209 0.938411
vt 0.411209 0.927045
vt 0.964609 0.236526
vt 0.956473 0.221063
vt 0.964438 0.230589
vt 0.869210 0.952643
vt 0.856036 0.947041
vt 0.858379 0.938907
vt 0.986466 0.233525
vt 0.982304 0.233570
vt 0.982497 0.231643
vt 0.081532 0.756618
vt 0.080665 0.766553
vt 0.072206 0.759882
vt 0.963420 0.973115
vt 0.963420 0.961112
vt 0.969367 0.971903
vt 0.619640 0.116823
vt 0.616022 0.117669
vt 0.621082 0.114474
vt 0.615143 0.972708
vt 0.615191 0.981570
vt 0.608944 0.977250
vt 0.589252 0.802182
vt 0.586704 0.810284
vt 0.581380 0.803794
vt 0.117326 0.984502
vt 0.116439 0.989313
vt 0.113222 0.986331
vt 0.112616 0.989937
vt 0.738757 0.542900
vt 0.727160 0.519944
vt 0.738031 0.529154
vt 0.733628 0.517004
vt 0.742225 0.531838
vt 0.747449 0.510722
vt 0.743890 0.515594
vt 0.089851 0.755186
vt 0.089851 0.787722
vt 0.058475 0.760590
vt 0.816639 0.168990
vt 0.812146 0.165181
vt 0.808472 0.157869
vt 0.794158 0.170952
vt 0.089625 0.802273
vt 0.073653 0.799968
vt 0.394986 0.790303
vt 0.394986 0.808560
vt 0.378030 0.807857
vt 0.378030 0.789600
vt 0.989742 0.423817
vt 0.989742 0.434945
vt 0.985433 0.431672
vt 0.987063 0.424522
vt 0.282781 0.986184
vt 0.278826 0.985318
vt 0.278826 0.981082
vt 0.282781 0.981949
vt 0.769868 0.735054
vt 0.774609 0.734726
vt 0.751375 0.734661
vt 0.769580 0.715999
vt 0.771615 0.727395
vt 0.773360 0.726697
vt 0.734455 0.552836
vt 0.733138 0.551556
vt 0.722350 0.509823
vt 0.731742 0.512323
vt 0.755061 0.559856
vt 0.747900 0.571075
vt 0.742026 0.561786
vt 0.722350 0.568602
vt 0.726700 0.561788
vt 0.729789 0.565470
vt 0.397337 0.801609
vt 0.399266 0.802701
vt 0.399279 0.794375
vt 0.413600 0.777114
vt 0.985481 0.612802
vt 0.990199 0.615306
vt 0.988160 0.621353
vt 0.985481 0.621979
vt 0.815542 0.183994
vt 0.115054 0.982397
vt 0.112616 0.983732
vt 0.766634 0.553119
vt 0.737414 0.504425
vt 0.737123 0.510951
vt 0.783169 0.765373
vt 0.783231 0.776406
vt 0.767325 0.778220
vt 0.760705 0.764610
vt 0.969913 0.563701
vt 0.968742 0.554738
vt 0.975763 0.559718
vt 0.968742 0.571657
vt 0.944465 0.940822
vt 0.936140 0.946965
vt 0.932086 0.933783
vt 0.942696 0.935068
vt 0.607027 0.972032
vt 0.615191 0.967766
vt 0.944065 0.928013
vt 0.945749 0.929992
vt 0.190966 0.925466
vt 0.190965 0.932687
vt 0.184246 0.934014
vt 0.184246 0.926792
vt 0.958071 0.436475
vt 0.958071 0.428765
vt 0.967762 0.423817
vt 0.967762 0.441481
vt 0.748648 0.523315
vt 0.747624 0.530641
vt 0.964609 0.215936
vt 0.861556 0.936729
vt 0.854573 0.952643
vt 0.935556 0.928013
vt 0.175771 0.936956
vt 0.175771 0.920411
vt 0.067376 0.750120
vt 0.072001 0.743968
vt 0.082803 0.745786
vt 0.968878 0.046456
vt 0.965620 0.046572
vt 0.965487 0.043133
vt 0.968744 0.043018
vt 0.891560 0.110315
vt 0.895381 0.113383
vt 0.888703 0.115883
vt 0.888645 0.111406
vt 0.974129 0.968794
vt 0.965994 0.959026
vt 0.972657 0.963173
vt 0.084891 0.752320
vt 0.184912 0.958065
vt 0.187365 0.963019
vt 0.175771 0.969020
vt 0.175771 0.954628
vt 0.609007 0.119570
vt 0.609007 0.107314
vt 0.773516 0.723107
vt 0.775756 0.729200
vt 0.766662 0.727915
vt 0.769547 0.722546
vt 0.983711 0.138379
vt 0.983711 0.144238
vt 0.975913 0.147732
vt 0.975913 0.134309
vt 0.725126 0.594074
vt 0.722350 0.594996
vt 0.722350 0.588747
vt 0.726550 0.591307
vt 0.793986 0.158976
vt 0.797431 0.154060
vt 0.805431 0.155648
vt 0.797539 0.166909
vt 0.775590 0.720401
vt 0.780506 0.723000
vt 0.581933 0.954670
vt 0.568656 0.945632
vt 0.570012 0.938950
vt 0.581933 0.937547
vt 0.406877 0.979920
vt 0.406877 0.963378
vt 0.410685 0.962657
vt 0.413035 0.975041
vt 0.991132 0.613652
vt 0.972270 0.040633
vt 0.972270 0.048519
vt 0.273762 0.989125
vt 0.752577 0.529601
vt 0.753602 0.522276
vt 0.273762 0.979421
vt 0.191166 0.917371
vt 0.589252 0.810817
vt 0.434487 0.284248
vt 0.439879 0.284248
vt 0.438570 0.290448
vt 0.894795 0.118483
vt 0.889910 0.118483
vt 0.534476 0.961065
vt 0.540735 0.957902
vt 0.540735 0.971876
vt 0.534476 0.967164
vt 0.982281 0.218400
vt 0.986466 0.215937
vt 0.528756 0.967548
vt 0.528756 0.961448
vt 0.739748 0.516880
vt 0.524653 0.270656
vt 0.544417 0.271062
vt 0.544417 0.291047
vt 0.524653 0.290641
vt 0.486912 0.196377
vt 0.518883 0.193751
vt 0.515006 0.209567
vt 0.153894 0.463422
vt 0.169408 0.468207
vt 0.149339 0.520577
vt 0.008836 0.542100
vt 0.086720 0.542100
vt 0.058572 0.573230
vt 0.603354 0.483520
vt 0.594216 0.449967
vt 0.601213 0.439111
vt 0.390711 0.674204
vt 0.371626 0.639006
vt 0.373448 0.627429
vt 0.043272 0.633170
vt 0.048808 0.594839
vt 0.066585 0.603464
vt 0.528781 0.238442
vt 0.541744 0.236632
vt 0.520183 0.252984
vt 0.845149 0.265598
vt 0.825200 0.242446
vt 0.844707 0.255471
vt 0.751375 0.850893
vt 0.774608 0.861167
vt 0.771640 0.876037
vt 0.613775 0.874900
vt 0.607027 0.876104
vt 0.607072 0.872510
vt 0.073518 0.836776
vt 0.087672 0.851878
vt 0.058475 0.851878
vt 0.149763 0.887497
vt 0.152919 0.864337
vt 0.157892 0.887497
vt 0.503585 0.811178
vt 0.505029 0.818200
vt 0.499398 0.806385
vt 0.693502 0.910073
vt 0.685413 0.924192
vt 0.676416 0.911112
vt 0.758467 0.915256
vt 0.769352 0.901359
vt 0.769352 0.920039
vt 0.974956 0.013444
vt 0.970783 0.020477
vt 0.965500 0.013954
vt 0.965487 0.022961
vt 0.559837 0.168808
vt 0.559837 0.221059
vt 0.546856 0.198608
vt 0.543236 0.225850
vt 0.540904 0.191835
vt 0.507758 0.236088
vt 0.520326 0.226436
vt 0.182117 0.451006
vt 0.201109 0.442783
vt 0.180045 0.470795
vt 0.201109 0.505643
vt 0.129471 0.473800
vt 0.084236 0.600488
vt 0.073132 0.593517
vt 0.063730 0.580050
vt 0.030287 0.604512
vt 0.197916 0.534672
vt 0.161165 0.540775
vt 0.356794 0.615746
vt 0.356794 0.649653
vt 0.324996 0.650867
vt 0.324996 0.616961
vt 0.960430 0.504425
vt 0.960430 0.526224
vt 0.952475 0.519700
vt 0.955471 0.505790
vt 0.008836 0.921583
vt 0.015178 0.923352
vt 0.015178 0.931418
vt 0.008836 0.929649
vt 0.574313 0.462233
vt 0.584688 0.464900
vt 0.533596 0.448480
vt 0.570765 0.423817
vt 0.576982 0.448098
vt 0.580713 0.447921
vt 0.154042 0.460153
vt 0.556696 0.245258
vt 0.135215 0.431306
vt 0.166484 0.417768
vt 0.158657 0.438564
vt 0.184055 0.442145
vt 0.361078 0.637410
vt 0.364592 0.639984
vt 0.364616 0.624524
vt 0.390711 0.596523
vt 0.714914 0.941054
vt 0.723791 0.945052
vt 0.719954 0.958126
vt 0.714914 0.960108
vt 0.080217 0.627890
vt 0.971224 0.008836
vt 0.965487 0.009528
vt 0.525158 0.137457
vt 0.493328 0.149491
vt 0.584544 0.524568
vt 0.573053 0.542350
vt 0.536656 0.534275
vt 0.533596 0.506814
vt 0.397031 0.726356
vt 0.396540 0.708192
vt 0.409994 0.716699
vt 0.396114 0.741022
vt 0.854198 0.576835
vt 0.836829 0.586939
vt 0.836829 0.554738
vt 0.854198 0.562780
vt 0.676416 0.900868
vt 0.692371 0.901933
vt 0.396114 0.693814
vt 0.400584 0.691876
vt 0.412420 0.699360
vt 0.175777 0.826368
vt 0.188110 0.823184
vt 0.188110 0.836060
vt 0.175777 0.839245
vt 0.483736 0.882572
vt 0.483736 0.868267
vt 0.501899 0.859072
vt 0.501899 0.891846
vt 0.826435 0.223224
vt 0.838303 0.215937
vt 0.845149 0.221589
vt 0.845085 0.230236
vt 0.766487 0.880012
vt 0.776485 0.850893
vt 0.204028 0.848218
vt 0.175771 0.855513
vt 0.204028 0.818717
vt 0.394349 0.290633
vt 0.388013 0.290666
vt 0.388013 0.284280
vt 0.394349 0.284248
vt 0.908171 0.932061
vt 0.909399 0.938656
vt 0.896084 0.937562
vt 0.902359 0.931584
vt 0.698495 0.099022
vt 0.710385 0.109742
vt 0.690836 0.118066
vt 0.689962 0.102655
vt 0.058791 0.819945
vt 0.073748 0.826932
vt 0.889408 0.736476
vt 0.885579 0.727263
vt 0.904937 0.715999
vt 0.904937 0.742758
vt 0.156668 0.861235
vt 0.507856 0.832018
vt 0.483736 0.819596
vt 0.596091 0.445967
vt 0.596285 0.457891
vt 0.578982 0.449891
vt 0.588538 0.442475
vt 0.929727 0.181350
vt 0.929727 0.191490
vt 0.915151 0.198127
vt 0.915151 0.174896
vt 0.983928 0.730173
vt 0.979408 0.729429
vt 0.979408 0.715999
vt 0.986400 0.724923
vt 0.828318 0.396271
vt 0.828318 0.384810
vt 0.842209 0.377668
vt 0.842209 0.403927
vt 0.751375 0.905838
vt 0.755022 0.898168
vt 0.766822 0.897684
vt 0.879043 0.041527
vt 0.854987 0.027188
vt 0.857499 0.014411
vt 0.879043 0.008836
vt 0.746788 0.090719
vt 0.746788 0.119650
vt 0.738777 0.116856
vt 0.733662 0.091946
vt 0.725506 0.941758
vt 0.487494 0.947567
vt 0.495960 0.952292
vt 0.484865 0.960569
vt 0.483736 0.952100
vt 0.025448 0.917116
vt 0.864800 0.564625
vt 0.864800 0.578680
vt 0.025448 0.935595
vt 0.631927 0.867151
vt 0.614203 0.843904
vt 0.632114 0.853622
vt 0.495960 0.963390
vt 0.909399 0.949573
vt 0.898867 0.944448
vt 0.700942 0.090719
vt 0.715990 0.090719
vt 0.607027 0.849221
vt 0.819758 0.396716
vt 0.819758 0.385255
vt 0.509608 0.841400
vt 0.483736 0.840125
vt 0.644330 0.788862
vt 0.644330 0.826183
vt 0.607027 0.826232
vt 0.607027 0.788911
vt 0.221961 0.556662
vt 0.253855 0.555410
vt 0.249948 0.570237
vt 0.349584 0.511373
vt 0.365214 0.516459
vt 0.345053 0.561275
vt 0.432222 0.548821
vt 0.507279 0.548821
vt 0.480324 0.579961
vt 0.646925 0.183348
vt 0.639256 0.156821
vt 0.646925 0.147441
vt 0.072813 0.726296
vt 0.055292 0.697900
vt 0.056965 0.686102
vt 0.466585 0.639952
vt 0.471148 0.601583
vt 0.488640 0.610224
vt 0.263790 0.597830
vt 0.276725 0.596616
vt 0.255331 0.611023
vt 0.303746 0.784624
vt 0.283357 0.761390
vt 0.302868 0.775493
vt 0.018258 0.847531
vt 0.019392 0.819844
vt 0.034826 0.819990
vt 0.110559 0.574659
vt 0.104392 0.575184
vt 0.104870 0.571604
vt 0.543104 0.846577
vt 0.556884 0.862186
vt 0.528756 0.860524
vt 0.929278 0.242229
vt 0.933617 0.219049
vt 0.938801 0.242229
vt 0.873344 0.874238
vt 0.866780 0.876186
vt 0.875585 0.869874
vt 0.821854 0.910438
vt 0.814132 0.925061
vt 0.804912 0.912476
vt 0.228988 0.925360
vt 0.239875 0.911091
vt 0.240540 0.928240
vt 0.959148 0.106922
vt 0.967147 0.110642
vt 0.961308 0.115880
vt 0.218781 0.341833
vt 0.225182 0.341833
vt 0.224317 0.348703
vt 0.294765 0.533373
vt 0.294765 0.582639
vt 0.281776 0.561038
vt 0.278154 0.586601
vt 0.275824 0.554447
vt 0.242652 0.595070
vt 0.255228 0.586389
vt 0.377998 0.502088
vt 0.397119 0.495956
vt 0.375930 0.519338
vt 0.397119 0.551222
vt 0.324997 0.519087
vt 0.505798 0.607255
vt 0.494854 0.600273
vt 0.485465 0.586790
vt 0.453237 0.611253
vt 0.394436 0.575700
vt 0.357493 0.578851
vt 0.041676 0.679808
vt 0.041676 0.712742
vt 0.008836 0.710410
vt 0.008836 0.677476
vt 0.967809 0.612802
vt 0.967809 0.631848
vt 0.959961 0.626869
vt 0.962898 0.614349
vt 0.058475 0.924628
vt 0.066486 0.925446
vt 0.066486 0.933574
vt 0.058475 0.932756
vt 0.618356 0.168382
vt 0.628804 0.169717
vt 0.577509 0.160473
vt 0.616626 0.137457
vt 0.621773 0.156684
vt 0.625586 0.156242
vt 0.350160 0.507818
vt 0.291951 0.604827
vt 0.336457 0.472877
vt 0.367937 0.462781
vt 0.357587 0.484607
vt 0.381088 0.492569
vt 0.045609 0.699550
vt 0.048835 0.700984
vt 0.048857 0.685960
vt 0.072813 0.650842
vt 0.643174 0.937709
vt 0.652096 0.941997
vt 0.648240 0.955251
vt 0.643174 0.957156
vt 0.502971 0.634706
vt 0.955024 0.110622
vt 0.956731 0.116044
vt 0.262485 0.498796
vt 0.230707 0.508961
vt 0.633630 0.227239
vt 0.625486 0.247693
vt 0.589336 0.244702
vt 0.583028 0.217451
vt 0.864736 0.100014
vt 0.857850 0.083560
vt 0.870973 0.085872
vt 0.870901 0.113982
vt 0.341276 0.860037
vt 0.324996 0.871338
vt 0.324996 0.840151
vt 0.341276 0.846424
vt 0.804912 0.902186
vt 0.822107 0.902180
vt 0.855665 0.070855
vt 0.859428 0.067358
vt 0.870973 0.069392
vt 0.836348 0.146729
vt 0.848017 0.145443
vt 0.848017 0.159591
vt 0.836348 0.160877
vt 0.406095 0.849737
vt 0.403385 0.863514
vt 0.384450 0.868179
vt 0.390657 0.836613
vt 0.287898 0.741656
vt 0.299091 0.736607
vt 0.303746 0.743947
vt 0.302112 0.752928
vt 0.040595 0.824821
vt 0.008836 0.820171
vt 0.030845 0.851899
vt 0.040595 0.841986
vt 0.864626 0.137457
vt 0.864626 0.169869
vt 0.228828 0.948745
vt 0.234644 0.948867
vt 0.235027 0.955144
vt 0.229212 0.955023
vt 0.959148 0.102753
vt 0.967147 0.101091
vt 0.877253 0.396055
vt 0.863240 0.404418
vt 0.863240 0.379907
vt 0.877253 0.385356
vt 0.528756 0.829241
vt 0.543206 0.836950
vt 0.859784 0.823885
vt 0.854573 0.814056
vt 0.877808 0.804527
vt 0.877808 0.831276
vt 0.938174 0.215937
vt 0.854573 0.879950
vt 0.854573 0.855786
vt 0.636155 0.147468
vt 0.637660 0.159302
vt 0.619443 0.153087
vt 0.628204 0.144755
vt 0.869241 0.848948
vt 0.878412 0.855097
vt 0.982946 0.518125
vt 0.978102 0.516957
vt 0.978102 0.504425
vt 0.985512 0.513324
vt 0.643174 0.912745
vt 0.643174 0.901282
vt 0.657625 0.893776
vt 0.657625 0.920037
vt 0.221961 0.915610
vt 0.225503 0.908057
vt 0.237103 0.908057
vt 0.295116 0.888867
vt 0.273762 0.867922
vt 0.276218 0.856619
vt 0.295116 0.859349
vt 0.378030 0.867459
vt 0.378030 0.841998
vt 0.653721 0.938555
vt 0.221961 0.960866
vt 0.221961 0.945912
vt 0.074741 0.918186
vt 0.353287 0.848845
vt 0.353287 0.862458
vt 0.074741 0.936807
vt 0.900565 0.526680
vt 0.882437 0.535951
vt 0.882437 0.504425
vt 0.900565 0.512920
vt 0.647651 0.984996
vt 0.643174 0.974828
vt 0.652777 0.974828
vt 0.389205 0.962657
vt 0.384818 0.972644
vt 0.378030 0.963931
vt 0.378030 0.975831
vt 0.869664 0.795892
vt 0.859522 0.800051
vt 0.104561 0.547111
vt 0.110559 0.542100
vt 0.885588 0.388221
vt 0.885588 0.398920
vt 0.807087 0.595028
vt 0.784306 0.593213
vt 0.784306 0.568694
vt 0.805492 0.583732
vt 0.256090 0.841190
vt 0.221961 0.841178
vt 0.221961 0.803840
vt 0.256090 0.803852
vt 0.502579 0.101196
vt 0.513364 0.063814
vt 0.529723 0.073441
vt 0.355527 0.348300
vt 0.374928 0.355105
vt 0.349869 0.417315
vt 0.246966 0.442776
vt 0.307325 0.377427
vt 0.303119 0.429149
vt 0.104506 0.485297
vt 0.080851 0.446638
vt 0.084929 0.429421
vt 0.249510 0.398205
vt 0.260873 0.389894
vt 0.391127 0.235033
vt 0.410613 0.193172
vt 0.425612 0.202990
vt 0.569594 0.067851
vt 0.573124 0.052453
vt 0.583354 0.083021
vt 0.808866 0.049686
vt 0.808866 0.008836
vt 0.816613 0.038248
vt 0.384122 0.326092
vt 0.911606 0.250631
vt 0.901777 0.250101
vt 0.902150 0.245999
vt 0.800788 0.541960
vt 0.784306 0.551022
vt 0.784306 0.520525
vt 0.842925 0.458095
vt 0.842925 0.429049
vt 0.856586 0.455188
vt 0.836901 0.804770
vt 0.836861 0.815402
vt 0.832642 0.798311
vt 0.882617 0.284120
vt 0.867059 0.297610
vt 0.864729 0.281368
vt 0.222294 0.872717
vt 0.239543 0.874704
vt 0.221961 0.890385
vt 0.723698 0.303449
vt 0.727343 0.313130
vt 0.716989 0.313130
vt 0.723254 0.984322
vt 0.714914 0.988456
vt 0.714914 0.977780
vt 0.502579 0.008836
vt 0.562912 0.026503
vt 0.531148 0.033581
vt 0.560974 0.046883
vt 0.520671 0.038031
vt 0.556831 0.090437
vt 0.551342 0.072972
vt 0.390808 0.335067
vt 0.414551 0.326321
vt 0.388230 0.358930
vt 0.414551 0.402245
vt 0.324996 0.359309
vt 0.444775 0.200234
vt 0.436020 0.192423
vt 0.469240 0.137457
vt 0.431447 0.177668
vt 0.428725 0.170184
vt 0.307325 0.456806
vt 0.298893 0.481124
vt 0.410909 0.439753
vt 0.365004 0.445109
vt 0.515640 0.443325
vt 0.515640 0.477899
vt 0.479106 0.465623
vt 0.479106 0.431050
vt 0.588602 0.758571
vt 0.588602 0.784510
vt 0.581380 0.778759
vt 0.584357 0.761566
vt 0.590578 0.279940
vt 0.580525 0.280731
vt 0.580525 0.270520
vt 0.590578 0.269730
vt 0.062105 0.471770
vt 0.075356 0.470277
vt 0.008836 0.473418
vt 0.043170 0.424236
vt 0.059822 0.452399
vt 0.064151 0.450407
vt 0.463952 0.509689
vt 0.460563 0.512627
vt 0.432223 0.503026
vt 0.591335 0.039450
vt 0.489016 0.492082
vt 0.515924 0.531149
vt 0.493733 0.523693
vt 0.504053 0.516502
vt 0.221961 0.395533
vt 0.237042 0.388593
vt 0.239609 0.393513
vt 0.251653 0.380526
vt 0.248307 0.367009
vt 0.958241 0.157224
vt 0.950836 0.154761
vt 0.954036 0.138025
vt 0.958241 0.134309
vt 0.432076 0.231859
vt 0.388013 0.203070
vt 0.716385 0.303449
vt 0.712686 0.309627
vt 0.432223 0.423817
vt 0.469240 0.251205
vt 0.449730 0.263402
vt 0.847990 0.758099
vt 0.848576 0.739800
vt 0.865026 0.750638
vt 0.657789 0.843904
vt 0.657789 0.871281
vt 0.649786 0.857466
vt 0.516607 0.041635
vt 0.539547 0.032004
vt 0.535420 0.072371
vt 0.514806 0.059254
vt 0.869690 0.269440
vt 0.883165 0.269440
vt 0.847990 0.719229
vt 0.853435 0.715999
vt 0.867907 0.725534
vt 0.693450 0.804809
vt 0.710312 0.804391
vt 0.710312 0.822117
vt 0.693450 0.822535
vt 0.112616 0.822360
vt 0.116766 0.807119
vt 0.132179 0.808646
vt 0.122672 0.843563
vt 0.097430 0.524428
vt 0.030526 0.524428
vt 0.283488 0.818870
vt 0.301045 0.818870
vt 0.306956 0.829588
vt 0.837316 0.010886
vt 0.349615 0.340667
vt 0.367913 0.309203
vt 0.352851 0.315565
vt 0.803831 0.504425
vt 0.819043 0.509851
vt 0.819157 0.532955
vt 0.721587 0.297690
vt 0.714274 0.297690
vt 0.966018 0.478450
vt 0.955951 0.483564
vt 0.955951 0.465395
vt 0.966018 0.470519
vt 0.869058 0.441337
vt 0.848885 0.423817
vt 0.865696 0.427644
vt 0.811482 0.546025
vt 0.828929 0.620106
vt 0.836408 0.631799
vt 0.807571 0.645659
vt 0.807571 0.612802
vt 0.836901 0.835791
vt 0.808755 0.819766
vt 0.600539 0.265365
vt 0.600539 0.288757
vt 0.804912 0.805257
vt 0.815338 0.795892
vt 0.610718 0.895589
vt 0.616533 0.893776
vt 0.625502 0.904916
vt 0.611891 0.900300
vt 0.401581 0.163487
vt 0.412746 0.154746
vt 0.430391 0.161016
vt 0.404812 0.181043
vt 0.221961 0.860714
vt 0.230562 0.858862
vt 0.241999 0.868473
vt 0.292664 0.919453
vt 0.273762 0.926564
vt 0.273762 0.906538
vt 0.290240 0.909339
vt 0.143007 0.811385
vt 0.143007 0.841094
vt 0.862821 0.277987
vt 0.611375 0.915942
vt 0.607027 0.905713
vt 0.577509 0.290568
vt 0.302525 0.803840
vt 0.284968 0.803840
vt 0.945394 0.894919
vt 0.945394 0.903823
vt 0.932086 0.910342
vt 0.932086 0.889943
vt 0.676416 0.832876
vt 0.676416 0.792265
vt 0.625378 0.915942
vt 0.058475 0.954479
vt 0.068343 0.955656
vt 0.058475 0.968312
vt 0.070726 0.962593
vt 0.824179 0.656168
vt 0.836766 0.650118
vt 0.901635 0.219825
vt 0.911606 0.215937
vt 0.745015 0.297719
vt 0.759205 0.297689
vt 0.759205 0.311937
vt 0.745015 0.311966
vt 0.303180 0.838947
vt 0.273762 0.838947
vt 0.408780 0.266576
vt 0.484908 0.119785
vt 0.446641 0.110800
vt 0.458182 0.097170
vt 0.066878 0.350511
vt 0.047812 0.344767
vt 0.072501 0.278837
vt 0.528674 0.406145
vt 0.432223 0.406080
vt 0.465166 0.373775
vt 0.114573 0.327853
vt 0.128582 0.368381
vt 0.121229 0.381415
vt 0.587067 0.656865
vt 0.556979 0.614949
vt 0.559851 0.600329
vt 0.481016 0.309203
vt 0.476028 0.350945
vt 0.453756 0.340893
vt 0.455179 0.063209
vt 0.439333 0.060263
vt 0.471738 0.051099
vt 0.175771 0.739646
vt 0.200368 0.767668
vt 0.176295 0.752223
vt 0.432223 0.840581
vt 0.443847 0.812722
vt 0.461318 0.822539
vt 0.466064 0.831137
vt 0.463778 0.821117
vt 0.767137 0.813545
vt 0.751375 0.795892
vt 0.787240 0.795892
vt 0.908448 0.612802
vt 0.898629 0.637109
vt 0.894912 0.613371
vt 0.908448 0.637145
vt 0.891525 0.640821
vt 0.195685 0.882811
vt 0.196915 0.899699
vt 0.182296 0.899339
vt 0.873558 0.897622
vt 0.867433 0.916869
vt 0.854573 0.898779
vt 0.751375 0.949457
vt 0.756297 0.940591
vt 0.763050 0.948835
vt 0.763215 0.937711
vt 0.388013 0.119785
vt 0.411373 0.068958
vt 0.416369 0.095843
vt 0.432739 0.070751
vt 0.420236 0.104712
vt 0.478402 0.074583
vt 0.459534 0.079087
vt 0.032184 0.366521
vt 0.008836 0.377131
vt 0.034739 0.341698
vt 0.008836 0.298398
vt 0.096901 0.337114
vt 0.432223 0.343404
vt 0.446224 0.351358
vt 0.458474 0.366228
vt 0.498269 0.341312
vt 0.013005 0.261862
vt 0.058209 0.253606
vt 0.629906 0.336496
vt 0.629906 0.378778
vt 0.594676 0.378184
vt 0.594676 0.335902
vt 0.940229 0.795892
vt 0.940229 0.822758
vt 0.931245 0.813587
vt 0.934813 0.796869
vt 0.875027 0.693957
vt 0.865467 0.696446
vt 0.865467 0.687713
vt 0.875027 0.685224
vt 0.151217 0.353749
vt 0.138582 0.350451
vt 0.201109 0.370652
vt 0.159000 0.400096
vt 0.149335 0.370771
vt 0.144896 0.370954
vt 0.066892 0.354507
vt 0.426056 0.043684
vt 0.092439 0.389097
vt 0.054001 0.406564
vt 0.062491 0.380969
vt 0.030322 0.377384
vt 0.533596 0.629748
vt 0.540350 0.614045
vt 0.545890 0.616892
vt 0.545928 0.597616
vt 0.533596 0.587478
vt 0.587067 0.560022
vt 0.935751 0.739277
vt 0.924738 0.734500
vt 0.929498 0.718482
vt 0.935751 0.715999
vt 0.436295 0.311863
vt 0.756144 0.955279
vt 0.763215 0.954418
vt 0.546346 0.406071
vt 0.546346 0.309203
vt 0.138320 0.276235
vt 0.153258 0.253606
vt 0.197833 0.263466
vt 0.201109 0.297905
vt 0.108935 0.669529
vt 0.109359 0.691955
vt 0.092416 0.681627
vt 0.110737 0.650842
vt 0.431107 0.116542
vt 0.423189 0.097615
vt 0.462809 0.098372
vt 0.448401 0.116872
vt 0.175771 0.891765
vt 0.184463 0.873185
vt 0.110737 0.708539
vt 0.105391 0.710598
vt 0.090485 0.701512
vt 0.360184 0.786626
vt 0.360358 0.802903
vt 0.345097 0.799378
vt 0.344923 0.783102
vt 0.862821 0.245425
vt 0.862821 0.229785
vt 0.883964 0.215937
vt 0.883964 0.251768
vt 0.200140 0.791523
vt 0.185460 0.801045
vt 0.176299 0.794332
vt 0.175771 0.783622
vt 0.432223 0.806385
vt 0.325395 0.814403
vt 0.324996 0.777114
vt 0.360358 0.822479
vt 0.331637 0.936549
vt 0.331637 0.943792
vt 0.324996 0.942025
vt 0.324996 0.934782
vt 0.340666 0.930056
vt 0.340666 0.946650
vt 0.895480 0.803314
vt 0.913573 0.795892
vt 0.913573 0.821897
vt 0.895480 0.814665
vt 0.783415 0.833221
vt 0.765802 0.825149
vt 0.685177 0.881062
vt 0.676416 0.883197
vt 0.676416 0.850548
vt 0.698609 0.863368
vt 0.799157 0.452213
vt 0.793818 0.436129
vt 0.823755 0.450955
vt 0.807465 0.466020
vt 0.123369 0.374687
vt 0.123251 0.359764
vt 0.144032 0.369824
vt 0.132439 0.379078
vt 0.853968 0.513747
vt 0.853968 0.527994
vt 0.836829 0.537066
vt 0.836829 0.504425
vt 0.965381 0.333141
vt 0.958208 0.333684
vt 0.958208 0.317408
vt 0.968551 0.326011
vt 0.837838 0.341757
vt 0.837838 0.353108
vt 0.819758 0.359996
vt 0.819758 0.333992
vt 0.854438 0.677827
vt 0.876341 0.672125
vt 0.493220 0.783353
vt 0.493220 0.745300
vt 0.502681 0.748456
vt 0.508639 0.780739
vt 0.922609 0.738502
vt 0.926120 0.627180
vt 0.928438 0.615738
vt 0.942289 0.626973
vt 0.932989 0.630526
vt 0.175771 0.877093
vt 0.903347 0.760430
vt 0.903347 0.778205
vt 0.885579 0.778205
vt 0.885579 0.760430
vt 0.854438 0.697835
vt 0.809075 0.076634
vt 0.831426 0.067358
vt 0.830948 0.105797
vt 0.808866 0.093412
vt 0.873558 0.919057
vt 0.942289 0.612802
vt 0.947815 0.010210
vt 0.941985 0.023845
vt 0.933466 0.008836
vt 0.933466 0.026970
vt 0.837469 0.317408
vt 0.845568 0.334518
vt 0.837993 0.074061
vt 0.837993 0.103146
vt 0.864765 0.527794
vt 0.864765 0.513547
vt 0.792298 0.423817
vt 0.825253 0.423817
vt 0.430071 0.008836
vt 0.475753 0.016251
vt 0.607027 0.657186
vt 0.629069 0.652361
vt 0.625362 0.664262
vt 0.668181 0.375252
vt 0.678439 0.380322
vt 0.650605 0.406071
vt 0.432223 0.657624
vt 0.489632 0.659460
vt 0.470318 0.682186
vt 0.765341 0.215937
vt 0.746015 0.220639
vt 0.736344 0.215937
vt 0.712687 0.280018
vt 0.727697 0.253775
vt 0.736485 0.252142
vt 0.460819 0.727629
vt 0.463950 0.698322
vt 0.476996 0.705576
vt 0.632263 0.683858
vt 0.641245 0.681357
vt 0.624893 0.695053
vt 0.767185 0.636274
vt 0.779690 0.613887
vt 0.773635 0.631335
vt 0.828215 0.861662
vt 0.820115 0.881647
vt 0.808142 0.876908
vt 0.902492 0.067358
vt 0.908179 0.067866
vt 0.908091 0.070602
vt 0.629255 0.277248
vt 0.618211 0.265365
vt 0.640753 0.265547
vt 0.129472 0.909761
vt 0.129472 0.928320
vt 0.122773 0.911843
vt 0.928256 0.758919
vt 0.931912 0.764489
vt 0.924085 0.756949
vt 0.863570 0.978113
vt 0.854573 0.982605
vt 0.854573 0.970315
vt 0.961729 0.687035
vt 0.966580 0.673918
vt 0.972740 0.687035
vt 0.490019 0.987863
vt 0.483736 0.991164
vt 0.483736 0.984249
vt 0.416815 0.289262
vt 0.412020 0.291198
vt 0.412020 0.284248
vt 0.658744 0.630424
vt 0.654809 0.668400
vt 0.647766 0.653320
vt 0.643279 0.673464
vt 0.644259 0.648960
vt 0.618636 0.684287
vt 0.627819 0.676074
vt 0.692096 0.372822
vt 0.708157 0.371259
vt 0.685645 0.383415
vt 0.692532 0.406071
vt 0.647578 0.377154
vt 0.489632 0.703942
vt 0.481423 0.698211
vt 0.474241 0.687583
vt 0.450910 0.705023
vt 0.789899 0.668383
vt 0.772010 0.671514
vt 0.771356 0.645834
vt 0.785652 0.633477
vt 0.736562 0.234514
vt 0.713362 0.243907
vt 0.713144 0.225330
vt 0.751375 0.987884
vt 0.751375 0.972951
vt 0.757044 0.978897
vt 0.754795 0.987924
vt 0.432223 0.958799
vt 0.432223 0.952206
vt 0.436912 0.951760
vt 0.436912 0.958353
vt 0.761063 0.233453
vt 0.759286 0.227047
vt 0.765840 0.258498
vt 0.750683 0.231358
vt 0.749283 0.229020
vt 0.669033 0.372527
vt 0.661450 0.342043
vt 0.687891 0.339470
vt 0.677351 0.355186
vt 0.695543 0.365717
vt 0.723775 0.244217
vt 0.723685 0.247967
vt 0.734275 0.243705
vt 0.120276 0.963634
vt 0.112908 0.962032
vt 0.112616 0.951658
vt 0.115801 0.949389
vt 0.486633 0.725448
vt 0.490019 0.982979
vt 0.486009 0.981061
vt 0.629601 0.607701
vt 0.607027 0.619382
vt 0.746361 0.639302
vt 0.748298 0.137457
vt 0.765265 0.139782
vt 0.770120 0.168254
vt 0.751633 0.179366
vt 0.939040 0.683986
vt 0.932778 0.673009
vt 0.944057 0.672125
vt 0.944057 0.694667
vt 0.645633 0.659066
vt 0.653471 0.669302
vt 0.629233 0.675104
vt 0.635053 0.661599
vt 0.968573 0.848948
vt 0.971842 0.862307
vt 0.962639 0.862665
vt 0.962639 0.849640
vt 0.631648 0.652060
vt 0.549812 0.898546
vt 0.539090 0.898705
vt 0.539090 0.887553
vt 0.549812 0.887393
vt 0.807571 0.690440
vt 0.809995 0.679912
vt 0.823528 0.673840
vt 0.817974 0.697960
vt 0.714067 0.137457
vt 0.712686 0.198265
vt 0.940399 0.430830
vt 0.940399 0.440802
vt 0.932861 0.443364
vt 0.789899 0.619895
vt 0.804912 0.871630
vt 0.828215 0.884508
vt 0.815914 0.853463
vt 0.805743 0.857814
vt 0.528756 0.905408
vt 0.528756 0.879857
vt 0.839101 0.191690
vt 0.837598 0.188194
vt 0.842308 0.187541
vt 0.843811 0.191037
vt 0.972731 0.374943
vt 0.976599 0.378810
vt 0.965254 0.379899
vt 0.967779 0.375418
vt 0.112616 0.919458
vt 0.126423 0.931717
vt 0.114210 0.928133
vt 0.640753 0.290485
vt 0.629129 0.284979
vt 0.494160 0.911276
vt 0.502026 0.909517
vt 0.502026 0.929895
vt 0.483736 0.922581
vt 0.939316 0.774942
vt 0.922609 0.774942
vt 0.934797 0.466399
vt 0.938279 0.474803
vt 0.923476 0.472503
vt 0.928336 0.465395
vt 0.939713 0.569183
vt 0.939713 0.560356
vt 0.951070 0.554738
vt 0.951070 0.574960
vt 0.986698 0.067564
vt 0.991092 0.067358
vt 0.991092 0.078257
vt 0.984584 0.072076
vt 0.911146 0.282554
vt 0.910963 0.290203
vt 0.900836 0.292169
vt 0.901256 0.274643
vt 0.445053 0.947705
vt 0.445053 0.962810
vt 0.923476 0.485238
vt 0.931762 0.484778
vt 0.758819 0.633968
vt 0.759011 0.612802
vt 0.829521 0.676616
vt 0.829521 0.697368
vt 0.112616 0.964725
vt 0.846681 0.198184
vt 0.836348 0.198184
vt 0.974433 0.856320
vt 0.642228 0.649528
vt 0.123276 0.950525
vt 0.125229 0.956743
vt 0.888771 0.074918
vt 0.902202 0.092643
vt 0.888645 0.085955
vt 0.963218 0.672125
vt 0.780762 0.689186
vt 0.780762 0.698062
vt 0.773121 0.697133
vt 0.976599 0.387834
vt 0.967759 0.385108
vt 0.918806 0.269440
vt 0.918806 0.280283
vt 0.908179 0.089671
vt 0.918623 0.287932
vt 0.926278 0.440524
vt 0.926278 0.423817
vt 0.505006 0.270656
vt 0.506981 0.291198
vt 0.486912 0.291198
vt 0.495973 0.272034
vt 0.747016 0.664982
vt 0.563708 0.758571
vt 0.563708 0.811043
vt 0.528756 0.811570
vt 0.528756 0.759098
vt 0.259672 0.227733
vt 0.268318 0.225807
vt 0.271904 0.238762
vt 0.301259 0.349338
vt 0.254471 0.337414
vt 0.273623 0.279673
vt 0.307325 0.272164
vt 0.370341 0.271503
vt 0.324996 0.291531
vt 0.324996 0.230334
vt 0.359898 0.216026
vt 0.008836 0.235934
vt 0.014213 0.195117
vt 0.073750 0.180815
vt 0.067900 0.216147
vt 0.774626 0.486753
vt 0.722350 0.486753
vt 0.740932 0.426992
vt 0.772460 0.423817
vt 0.179550 0.147032
vt 0.176824 0.171071
vt 0.170130 0.167515
vt 0.341517 0.169631
vt 0.365705 0.170837
vt 0.120048 0.166371
vt 0.118941 0.179281
vt 0.695015 0.306775
vt 0.664597 0.313326
vt 0.665622 0.253551
vt 0.686703 0.249010
vt 0.686387 0.191448
vt 0.664597 0.194165
vt 0.669231 0.137457
vt 0.685473 0.138220
vt 0.667957 0.235494
vt 0.268453 0.176149
vt 0.279785 0.212207
vt 0.266970 0.217897
vt 0.137838 0.183795
vt 0.932086 0.964637
vt 0.941041 0.964637
vt 0.937669 0.978887
vt 0.276849 0.120938
vt 0.265191 0.115226
vt 0.294589 0.079724
vt 0.304298 0.081553
vt 0.247841 0.180813
vt 0.791194 0.076405
vt 0.773546 0.065346
vt 0.779063 0.010343
vt 0.791194 0.008836
vt 0.188426 0.167141
vt 0.221194 0.126485
vt 0.230169 0.140090
vt 0.304875 0.706550
vt 0.293445 0.706550
vt 0.293675 0.665931
vt 0.298275 0.666432
vt 0.791347 0.406071
vt 0.778998 0.405219
vt 0.779794 0.356329
vt 0.788170 0.359794
vt 0.586792 0.879675
vt 0.574556 0.877747
vt 0.574556 0.829241
vt 0.583341 0.831213
vt 0.802086 0.403710
vt 0.795909 0.357488
vt 0.307325 0.038739
vt 0.302983 0.039644
vt 0.293298 0.008836
vt 0.230133 0.323010
vt 0.218781 0.324161
vt 0.222517 0.289269
vt 0.227038 0.288300
vt 0.799247 0.317408
vt 0.802086 0.320496
vt 0.727983 0.792984
vt 0.732291 0.792265
vt 0.732291 0.821300
vt 0.298857 0.628695
vt 0.218781 0.253606
vt 0.133298 0.699500
vt 0.155218 0.694440
vt 0.158099 0.709737
vt 0.145585 0.704079
vt 0.136853 0.718372
vt 0.621026 0.579565
vt 0.622030 0.563951
vt 0.644280 0.564087
vt 0.642610 0.590029
vt 0.629063 0.584587
vt 0.676416 0.594076
vt 0.680107 0.567630
vt 0.702065 0.571583
vt 0.698778 0.595130
vt 0.690587 0.583716
vt 0.116974 0.156532
vt 0.139112 0.156300
vt 0.140752 0.175272
vt 0.686630 0.528759
vt 0.704678 0.531140
vt 0.147520 0.653411
vt 0.129471 0.656716
vt 0.137718 0.623545
vt 0.148406 0.630287
vt 0.117736 0.117374
vt 0.134736 0.112302
vt 0.626368 0.521598
vt 0.643551 0.526653
vt 0.119345 0.072815
vt 0.108360 0.077506
vt 0.113544 0.035279
vt 0.119828 0.036810
vt 0.647814 0.491562
vt 0.658744 0.495930
vt 0.693350 0.499101
vt 0.703873 0.492214
vt 0.649126 0.451747
vt 0.642830 0.453306
vt 0.621026 0.423817
vt 0.691029 0.453649
vt 0.696549 0.450261
vt 0.136683 0.587850
vt 0.142354 0.590894
vt 0.676416 0.423817
vt 0.158099 0.558447
vt 0.142271 0.008836
vt 0.176329 0.712167
vt 0.194672 0.708157
vt 0.196009 0.720645
vt 0.191495 0.715077
vt 0.177134 0.721975
vt 0.165649 0.174639
vt 0.179653 0.172875
vt 0.170829 0.189835
vt 0.153993 0.180632
vt 0.350638 0.157530
vt 0.348782 0.135185
vt 0.367923 0.135199
vt 0.370223 0.160321
vt 0.363115 0.155782
vt 0.205379 0.221797
vt 0.198834 0.235004
vt 0.895629 0.586754
vt 0.882472 0.593623
vt 0.882472 0.560457
vt 0.887169 0.554738
vt 0.783511 0.229919
vt 0.801106 0.237139
vt 0.807528 0.290738
vt 0.793661 0.284765
vt 0.347065 0.091076
vt 0.361151 0.086557
vt 0.175771 0.666534
vt 0.190480 0.667851
vt 0.348206 0.049888
vt 0.342534 0.054306
vt 0.327862 0.009046
vt 0.330226 0.008836
vt 0.188306 0.632383
vt 0.194952 0.635628
vt 0.225882 0.227595
vt 0.229060 0.235934
vt 0.196009 0.588442
vt 0.193508 0.588403
vt 0.188791 0.558447
vt 0.337146 0.056948
vt 0.326381 0.010963
vt 0.182770 0.631079
vt 0.191819 0.587165
vt 0.107766 0.628538
vt 0.104392 0.628276
vt 0.107766 0.592856
vt 0.411053 0.630580
vt 0.408382 0.630186
vt 0.411053 0.596523
vt 0.510155 0.688062
vt 0.507304 0.689148
vt 0.507304 0.657624
vt 0.807528 0.215937
vt 0.786586 0.222049
vt 0.350634 0.145991
vt 0.768934 0.100853
vt 0.777850 0.082970
vt 0.765793 0.072545
vt 0.141929 0.159372
vt 0.287731 0.232136
s 1
usemtl branch_color
f 2/1/1 27/2/2 25/3/3
f 39/4/4 42/5/4 14/6/5
f 8/7/6 6/8/7 54/9/8
f 2/10/9 71/11/10 9/12/10
f 8/13/11 80/14/11 79/15/11
f 7/16/12 58/17/13 56/18/14
f 30/19/15 17/20/16 1/21/17
f 17/22/18 23/23/19 28/24/20
f 38/25/21 42/26/22 39/27/23
f 31/28/24 39/29/25 43/30/26
f 40/31/27 41/32/28 38/33/28
f 58/34/29 54/35/30 46/36/31
f 54/35/32 57/37/33 47/38/34
f 59/39/35 69/40/36 68/41/37
f 66/42/38 71/43/39 67/44/40
f 76/45/41 74/46/41 81/47/41
f 74/48/42 80/49/42 81/50/42
f 4/51/43 14/52/44 29/53/45
f 14/52/44 28/54/46 29/53/45
f 29/53/45 26/55/47 4/51/43
f 13/56/48 2/1/1 25/3/3
f 24/57/49 13/56/48 25/3/3
f 4/51/43 26/55/47 27/2/2
f 2/1/1 4/51/43 27/2/2
f 40/58/4 8/59/50 41/60/51
f 8/59/50 15/61/52 41/60/51
f 15/61/52 14/6/5 41/60/51
f 14/6/5 4/62/4 39/4/4
f 41/60/51 14/6/5 42/5/4
f 16/63/53 56/18/14 55/64/54
f 16/63/53 55/64/54 6/8/7
f 55/64/54 57/65/55 6/8/7
f 6/8/7 57/65/55 54/9/8
f 58/17/13 15/66/56 8/7/6
f 54/9/8 58/17/13 8/7/6
f 15/61/52 7/67/57 3/68/57 14/6/5
f 12/69/58 11/70/58 10/71/58 9/72/58
f 27/73/59 26/74/59 20/75/59 19/76/59
f 64/77/60 62/78/60 63/79/60 65/80/60
f 69/81/10 67/82/10 2/10/9
f 6/83/61 12/84/10 68/85/10
f 12/84/10 9/12/10 70/86/10
f 68/85/10 12/84/10 70/86/10
f 9/12/10 71/11/10 70/86/10
f 69/81/10 2/10/9 6/83/61
f 68/85/10 69/81/10 6/83/61
f 2/10/9 67/82/10 71/11/10
f 43/87/62 39/4/63 4/62/64
f 14/52/44 3/88/65 17/20/16 28/54/46
f 10/89/66 11/90/66 44/91/66
f 8/59/66 40/58/66 45/92/66
f 8/59/66 45/92/66 11/90/66
f 45/92/66 44/91/66 11/90/66
f 8/13/11 11/93/11 80/14/11
f 11/93/11 82/94/11 81/95/11
f 81/95/11 80/14/11 11/93/11
f 72/96/11 12/97/11 6/98/11
f 79/15/11 72/96/11 6/98/11
f 79/15/11 6/98/11 8/13/11
f 72/96/11 82/94/11 12/97/11
f 82/94/11 11/93/11 12/97/11
f 60/99/67 70/100/68 71/101/69 61/102/69
f 16/63/53 5/103/70 56/18/14
f 5/103/70 7/16/12 56/18/14
f 7/16/12 15/66/56 58/17/13
f 78/104/41 76/45/41 81/47/41 82/105/41
f 10/71/71 4/106/43 2/107/1 9/72/71
f 3/88/65 1/21/17 17/20/16
f 1/21/17 13/56/48 30/19/15
f 13/56/48 24/57/49 30/19/15
f 13/108/72 1/109/73 5/110/73 16/111/74
f 24/112/75 25/113/76 18/114/77
f 18/114/77 30/115/78 24/112/75
f 22/116/79 23/117/80 18/118/81 21/119/79
f 60/120/82 64/121/83 59/122/35 68/123/37
f 27/124/84 19/125/84 21/126/84
f 34/127/85 35/128/85 37/129/85 36/130/85
f 35/131/86 34/132/86 32/133/86 33/134/86
f 2/10/9 13/108/72 16/111/74 6/83/61
f 22/135/87 20/136/87 26/137/87
f 23/23/19 29/138/88 28/24/20
f 39/27/23 31/139/89 38/25/21
f 38/25/21 41/140/90 42/26/22
f 21/126/84 18/114/84 25/113/84 27/124/84
f 37/141/91 38/25/21 31/139/89 36/142/91
f 37/129/92 35/128/92 33/143/92 38/144/92
f 75/145/93 76/146/93 78/147/93 77/148/93
f 75/145/94 73/149/94 74/150/94 76/146/94
f 51/151/95 46/152/95 47/153/95 49/154/95
f 38/33/28 33/155/96 40/31/27
f 33/155/96 45/156/97 40/31/27
f 58/157/98 46/158/99 53/159/100
f 53/159/100 56/160/101 58/157/98
f 47/38/102 46/36/31 54/35/30
f 57/37/33 55/161/103 48/162/103
f 48/162/103 47/38/34 57/37/33
f 65/163/104 66/164/105 59/165/106 64/166/104
f 50/167/107 49/168/107 47/169/107 48/170/107
f 78/171/108 82/172/108 72/173/108 77/174/108
f 52/175/109 50/176/109 48/177/109 53/178/109
f 65/80/110 63/79/110 61/179/110 66/180/110
f 69/81/111 59/165/106 66/164/105 67/82/111
f 23/117/80 17/20/16 30/19/15 18/118/81
f 44/91/66 43/87/62 4/62/64 10/89/66
f 33/134/112 32/133/112 44/181/112 45/182/112
f 60/99/67 68/183/113 70/100/68
f 77/148/114 72/184/115 73/149/116 75/145/114
f 60/120/82 62/185/117 64/121/83
f 19/186/118 20/187/118 22/188/118 21/189/118
f 63/190/119 62/185/119 60/120/119 61/191/119
f 36/192/120 31/28/120 32/193/120 34/194/120
f 66/42/38 61/195/121 71/43/39
f 72/196/115 79/197/122 73/198/116
f 79/199/123 80/200/124 73/201/125
f 80/200/124 74/202/126 73/201/125
f 52/175/127 53/178/100 46/203/99 51/204/127
f 43/30/26 44/205/128 32/193/128 31/28/24
f 51/206/129 49/168/129 50/167/129 52/207/129
f 26/137/87 29/138/87 23/23/87 22/135/87
f 56/208/130 53/209/130 48/210/130 55/211/130
f 1/21/131 3/88/131 7/212/131 5/213/131
f 88/214/132 84/215/133 86/216/134 89/217/135
f 83/218/136 87/219/137 90/220/138 85/221/139
f 87/219/137 88/214/132 89/217/135 90/220/138
f 85/221/139 90/220/138 91/222/140 92/223/141
f 92/223/141 91/222/140 93/224/142 94/225/143
f 94/225/143 93/224/142 95/226/144
f 90/220/138 89/217/135 96/227/145 97/228/146
f 97/228/146 96/227/145 98/229/147 99/230/148
f 99/230/148 98/229/147 100/231/149
f 89/217/135 86/216/134 101/232/150 102/233/151
f 102/233/151 101/232/150 103/234/152
f 86/216/134 84/215/133 104/235/153 105/236/154
f 86/216/134 105/236/154 106/237/155 107/238/156
f 107/238/156 106/237/155 108/239/157
f 114/240/158 115/241/159 112/242/160 110/243/161
f 109/244/162 111/245/163 116/246/164 113/247/165
f 113/247/165 116/246/164 115/241/159 114/240/158
f 111/248/163 118/249/166 117/250/167 116/251/164
f 118/252/166 120/253/168 119/254/169 117/255/167
f 120/253/168 121/256/170 119/254/169
f 116/246/164 123/257/171 122/258/172 115/241/159
f 123/257/171 125/259/173 124/260/174 122/258/172
f 125/259/173 126/261/175 124/260/174
f 115/262/159 128/263/176 127/264/177 112/265/160
f 128/266/176 129/267/178 127/268/177
f 112/242/160 131/269/179 130/270/180 110/243/161
f 112/242/160 133/271/181 132/272/182 131/269/179
f 133/271/181 134/273/183 132/272/182
f 83/274/184 85/275/185 111/276/186 109/277/184
f 84/278/187 88/279/188 114/280/188 110/281/189
f 87/282/190 83/283/191 109/284/191 113/285/192
f 88/279/188 87/282/190 113/285/192 114/280/188
f 91/286/193 90/287/193 116/288/193 117/289/193
f 85/275/185 92/290/194 118/291/194 111/276/186
f 93/292/195 91/293/195 117/294/195 119/295/195
f 92/290/196 94/296/196 120/297/196 118/291/196
f 96/298/197 89/299/198 115/300/198 122/301/199
f 95/302/200 93/292/200 119/295/200 121/303/200
f 94/304/201 95/305/201 121/306/201 120/307/201
f 90/308/202 97/309/203 123/310/204 116/311/202
f 98/312/205 96/298/197 122/301/199 124/313/206
f 97/309/203 99/314/207 125/315/207 123/310/204
f 101/316/208 86/317/209 112/318/209 127/319/210
f 100/320/211 98/312/205 124/313/206 126/321/211
f 99/322/212 100/323/212 126/324/212 125/325/212
f 89/326/213 102/327/214 128/328/215 115/329/213
f 103/330/216 101/316/208 127/319/210 129/331/216
f 105/332/217 104/333/218 130/334/218 131/335/219
f 102/336/214 103/337/220 129/338/220 128/339/215
f 104/340/221 84/278/187 110/281/189 130/341/221
f 106/342/222 105/343/217 131/344/219 132/345/223
f 86/346/224 107/347/224 133/348/224 112/349/224
f 108/350/225 106/342/222 132/345/223 134/351/225
f 107/347/226 108/352/226 134/353/226 133/348/226
f 138/354/227 135/355/228 136/356/229 139/357/230
f 137/358/231 138/354/227 139/357/230 140/359/232
f 140/359/232 139/357/230 141/360/233 142/361/234
f 142/361/234 141/360/233 143/362/235 144/363/236
f 144/363/236 143/362/235 145/364/237
f 139/357/230 136/356/229 146/365/238 147/366/239
f 147/366/239 146/365/238 148/367/240
f 136/356/229 135/355/228 149/368/241 150/369/242
f 136/356/229 150/369/242 151/370/243 152/371/244
f 152/371/244 151/370/243 153/372/245
f 157/373/246 158/374/247 155/375/248 154/376/249
f 156/377/250 159/378/251 158/374/247 157/373/246
f 159/378/251 161/379/252 160/380/253 158/374/247
f 161/379/252 163/381/254 162/382/255 160/380/253
f 163/381/254 164/383/256 162/382/255
f 158/384/247 166/385/257 165/386/258 155/387/248
f 166/388/257 167/389/259 165/390/258
f 155/391/248 169/392/260 168/393/261 154/394/249
f 155/391/248 171/395/262 170/396/263 169/392/260
f 171/397/262 172/398/264 170/399/263
f 135/400/265 138/401/266 157/402/267 154/403/268
f 138/401/266 137/404/269 156/405/269 157/402/267
f 141/406/270 139/407/271 158/408/271 160/409/272
f 140/410/273 142/411/274 161/412/275 159/413/273
f 143/414/276 141/406/270 160/409/272 162/415/277
f 142/416/274 144/417/278 163/418/278 161/419/275
f 146/420/279 136/421/280 155/422/280 165/423/281
f 145/424/282 143/425/276 162/426/277 164/427/282
f 144/417/283 145/428/283 164/429/283 163/418/283
f 139/430/284 147/431/285 166/432/286 158/433/284
f 148/434/287 146/420/279 165/423/281 167/435/287
f 150/436/288 149/437/289 168/438/289 169/439/290
f 147/431/285 148/440/291 167/441/291 166/432/286
f 149/437/292 135/400/265 154/403/268 168/438/292
f 151/442/293 150/436/288 169/439/290 170/443/294
f 136/444/295 152/445/295 171/446/295 155/447/295
f 153/448/296 151/442/293 170/443/294 172/449/296
f 152/445/297 153/450/297 172/451/297 171/446/297
f 137/452/298 140/410/298 159/413/298 156/453/298
f 338/872/561 363/873/562 361/874/563
f 375/875/564 378/876/564 350/877/565
f 344/878/566 342/879/567 390/880/568
f 338/881/569 407/882/570 345/883/570
f 344/884/571 416/885/571 415/886/571
f 343/887/572 394/888/573 392/889/574
f 366/890/575 353/891/576 337/892/577
f 353/893/578 359/894/579 364/895/580
f 374/896/581 378/897/582 375/898/583
f 367/899/584 375/900/585 379/901/586
f 376/902/587 377/903/588 374/904/588
f 394/905/589 390/906/590 382/907/591
f 390/908/592 393/909/593 383/910/594
f 395/911/595 405/912/596 404/913/597
f 402/914/598 407/915/599 403/916/600
f 412/917/601 410/918/601 417/919/601
f 410/918/602 416/920/602 417/919/602
f 340/921/603 350/922/604 365/923/605
f 350/922/604 364/924/606 365/923/605
f 365/923/605 362/925/607 340/921/603
f 349/926/608 338/872/561 361/874/563
f 360/927/609 349/926/608 361/874/563
f 340/921/603 362/925/607 363/873/562
f 338/872/561 340/921/603 363/873/562
f 376/928/564 344/929/610 377/930/611
f 344/929/610 351/931/612 377/930/611
f 351/931/612 350/877/565 377/930/611
f 350/877/565 340/932/564 375/875/564
f 377/930/611 350/877/565 378/876/564
f 352/933/613 392/889/574 391/934/614
f 352/933/613 391/934/614 342/879/567
f 391/934/614 393/935/615 342/879/567
f 342/879/567 393/935/615 390/880/568
f 394/888/573 351/936/616 344/878/566
f 390/880/568 394/888/573 344/878/566
f 351/931/612 343/937/617 339/938/617 350/877/565
f 348/939/618 347/940/618 346/941/618 345/942/618
f 363/943/619 362/944/619 356/945/619 355/946/619
f 400/947/620 398/948/620 399/949/620 401/950/620
f 405/951/570 403/952/570 338/881/569
f 342/953/621 348/954/570 404/955/570
f 348/954/570 345/883/570 406/956/570
f 404/955/570 348/954/570 406/956/570
f 345/883/570 407/882/570 406/956/570
f 405/951/570 338/881/569 342/953/621
f 404/955/570 405/951/570 342/953/621
f 338/881/569 403/952/570 407/882/570
f 379/957/622 375/875/623 340/932/624
f 350/922/604 339/958/625 353/891/576 364/924/606
f 346/959/626 347/960/626 380/961/626
f 344/929/626 376/928/626 381/962/626
f 344/929/626 381/962/626 347/960/626
f 381/962/626 380/961/626 347/960/626
f 344/884/571 347/940/571 416/885/571
f 347/940/571 418/963/571 417/964/571
f 417/964/571 416/885/571 347/940/571
f 408/965/571 348/939/571 342/966/571
f 415/886/571 408/965/571 342/966/571
f 415/886/571 342/966/571 344/884/571
f 408/965/571 418/963/571 348/939/571
f 418/963/571 347/940/571 348/939/571
f 396/967/627 406/968/628 407/969/629 397/970/629
f 352/933/613 341/971/630 392/889/574
f 341/971/630 343/887/572 392/889/574
f 343/887/572 351/936/616 394/888/573
f 414/972/601 412/917/601 417/919/601 418/973/601
f 346/974/631 340/921/603 338/872/561 345/975/631
f 339/958/625 337/892/577 353/891/576
f 337/892/577 349/926/608 366/890/575
f 349/926/608 360/927/609 366/890/575
f 349/976/632 337/977/633 341/978/633 352/979/634
f 360/980/635 361/981/636 354/982/637
f 354/982/637 366/983/638 360/980/635
f 358/984/639 359/985/640 354/986/641 357/987/639
f 396/988/642 400/989/643 395/911/595 404/913/597
f 363/990/644 355/991/644 357/992/644
f 370/993/645 371/994/645 373/995/645 372/996/645
f 371/997/646 370/998/646 368/999/646 369/1000/646
f 338/881/569 349/976/632 352/979/634 342/953/621
f 358/1001/647 356/1002/647 362/1003/647
f 359/894/579 365/1004/648 364/895/580
f 375/898/583 367/1005/649 374/896/581
f 374/896/581 377/1006/650 378/897/582
f 357/992/644 354/982/644 361/981/644 363/990/644
f 373/995/651 374/1007/581 367/1008/649 372/996/651
f 373/995/652 371/994/652 369/1009/652 374/1007/652
f 411/1010/653 412/1011/653 414/1012/653 413/1013/653
f 411/1014/654 409/1015/654 410/1016/654 412/1017/654
f 387/1018/655 382/1019/655 383/1020/655 385/1021/655
f 374/904/588 369/1022/656 376/902/587
f 369/1022/656 381/1023/657 376/902/587
f 394/1024/658 382/1025/659 389/1026/660
f 389/1026/660 392/1027/661 394/1024/658
f 383/1028/662 382/907/591 390/906/590
f 393/909/593 391/1029/663 384/1030/663
f 384/1030/663 383/910/594 393/909/593
f 401/1031/664 402/1032/665 395/1033/666 400/1034/664
f 386/1035/667 385/1036/667 383/1037/667 384/1038/667
f 414/1039/668 418/1040/668 408/1041/668 413/1042/668
f 388/1043/669 386/1044/669 384/1045/669 389/1046/669
f 401/1047/670 399/1048/670 397/1049/670 402/914/670
f 405/951/671 395/1033/666 402/1032/665 403/952/671
f 359/1050/640 353/1051/576 366/1052/575 354/1053/641
f 380/961/626 379/957/622 340/932/624 346/959/626
f 369/1054/672 368/1055/672 380/1056/672 381/1057/672
f 396/967/627 404/1058/673 406/968/628
f 413/1059/674 408/1060/675 409/1061/676 411/1062/674
f 396/1063/642 398/948/677 400/947/643
f 355/1064/678 356/1065/678 358/984/678 357/987/678
f 399/949/679 398/948/679 396/1063/679 397/1066/679
f 372/1067/680 367/899/680 368/1068/680 370/1069/680
f 402/914/598 397/1049/681 407/915/599
f 408/1060/675 415/1070/682 409/1061/676
f 415/1071/683 416/1072/684 409/1015/685
f 416/1072/684 410/1016/686 409/1015/685
f 388/1073/687 389/1074/660 382/1019/659 387/1018/687
f 379/901/586 380/1075/688 368/1068/688 367/899/584
f 387/1076/689 385/1077/689 386/1044/689 388/1043/689
f 362/1003/647 365/1004/647 359/894/647 358/1001/647
f 392/1078/690 389/1079/690 384/1030/690 391/1029/690
f 337/1080/691 339/1081/691 343/1082/691 341/1083/691
f 420/1084/692 445/1085/693 443/1086/694
f 457/1087/695 460/1088/695 432/1089/696
f 426/1090/697 424/1091/698 472/1092/699
f 420/1093/700 489/1094/701 427/1095/701
f 426/1096/702 498/1097/702 497/1098/702
f 425/1099/703 476/1100/704 474/1101/705
f 448/1102/706 435/1103/707 419/1104/708
f 435/1105/709 441/1106/710 446/1107/711
f 456/1108/712 460/1109/713 457/1110/714
f 449/1111/715 457/1112/716 461/1113/717
f 458/1114/718 459/1115/719 456/1116/719
f 476/1117/720 472/1118/721 464/1119/722
f 472/1120/723 475/1121/724 465/1122/725
f 477/1123/726 487/1124/727 486/1125/728
f 484/1126/729 489/1127/730 485/1128/731
f 494/1129/732 492/1130/732 499/1131/732
f 492/1132/733 498/1133/733 499/1134/733
f 422/1135/734 432/1136/735 447/1137/736
f 432/1136/735 446/1138/737 447/1137/736
f 447/1137/736 444/1139/738 422/1135/734
f 431/1140/739 420/1084/692 443/1086/694
f 442/1141/740 431/1140/739 443/1086/694
f 422/1135/734 444/1139/738 445/1085/693
f 420/1084/692 422/1135/734 445/1085/693
f 458/1142/695 426/1143/741 459/1144/742
f 426/1143/741 433/1145/743 459/1144/742
f 433/1145/743 432/1089/696 459/1144/742
f 432/1089/696 422/1146/695 457/1087/695
f 459/1144/742 432/1089/696 460/1088/695
f 434/1147/744 474/1101/705 473/1148/745
f 434/1147/744 473/1148/745 424/1091/698
f 473/1148/745 475/1149/746 424/1091/698
f 424/1091/698 475/1149/746 472/1092/699
f 476/1100/704 433/1150/747 426/1090/697
f 472/1092/699 476/1100/704 426/1090/697
f 433/1145/743 425/1151/748 421/1152/748 432/1089/696
f 430/1153/749 429/1154/749 428/1155/749 427/1156/749
f 445/1157/750 444/1158/750 438/1159/750 437/1160/750
f 482/1161/751 480/1162/751 481/1163/751 483/1164/751
f 487/1165/701 485/1166/701 420/1093/700
f 424/1167/752 430/1168/701 486/1169/701
f 430/1168/701 427/1095/701 488/1170/701
f 486/1169/701 430/1168/701 488/1170/701
f 427/1095/701 489/1094/701 488/1170/701
f 487/1165/701 420/1093/700 424/1167/752
f 486/1169/701 487/1165/701 424/1167/752
f 420/1093/700 485/1166/701 489/1094/701
f 461/1171/753 457/1087/754 422/1146/755
f 432/1136/735 421/1172/756 435/1103/707 446/1138/737
f 428/1173/757 429/1174/757 462/1175/757
f 426/1143/757 458/1142/757 463/1176/757
f 426/1143/757 463/1176/757 429/1174/757
f 463/1176/757 462/1175/757 429/1174/757
f 426/1096/702 429/1154/702 498/1097/702
f 429/1154/702 500/1177/702 499/1178/702
f 499/1178/702 498/1097/702 429/1154/702
f 490/1179/702 430/1153/702 424/1180/702
f 497/1098/702 490/1179/702 424/1180/702
f 497/1098/702 424/1180/702 426/1096/702
f 490/1179/702 500/1177/702 430/1153/702
f 500/1177/702 429/1154/702 430/1153/702
f 478/1181/758 488/1182/759 489/1183/760 479/1184/760
f 434/1147/744 423/1185/761 474/1101/705
f 423/1185/761 425/1099/703 474/1101/705
f 425/1099/703 433/1150/747 476/1100/704
f 496/1186/732 494/1129/732 499/1131/732 500/1187/732
f 428/1188/762 422/1135/734 420/1084/692 427/1189/762
f 421/1172/756 419/1104/708 435/1103/707
f 419/1104/708 431/1140/739 448/1102/706
f 431/1140/739 442/1141/740 448/1102/706
f 431/1190/763 419/1191/764 423/1192/764 434/1193/765
f 442/1194/766 443/1195/767 436/1196/768
f 436/1196/768 448/1197/769 442/1194/766
f 440/1198/770 441/1199/771 436/1200/772 439/1201/770
f 478/1202/773 482/1203/774 477/1123/726 486/1125/728
f 445/1204/775 437/1205/775 439/1206/775
f 452/1207/776 453/1208/776 455/1209/776 454/1210/776
f 453/1211/777 452/1212/777 450/1213/777 451/1214/777
f 420/1093/700 431/1190/763 434/1193/765 424/1167/752
f 440/1215/778 438/1216/778 444/1217/778
f 441/1106/710 447/1218/779 446/1107/711
f 457/1110/714 449/1219/780 456/1108/712
f 456/1108/712 459/1220/781 460/1109/713
f 439/1206/775 436/1196/775 443/1195/775 445/1204/775
f 455/1221/782 456/1108/712 449/1219/780 454/1222/782
f 455/1209/783 453/1208/783 451/1223/783 456/1224/783
f 493/1225/784 494/1226/784 496/1227/784 495/1228/784
f 493/1229/785 491/1230/785 492/1130/785 494/1129/785
f 469/1231/786 464/1232/786 465/1233/786 467/1234/786
f 456/1116/719 451/1235/787 458/1114/718
f 451/1235/787 463/1236/788 458/1114/718
f 476/1237/789 464/1238/790 471/1239/791
f 471/1239/791 474/1240/792 476/1237/789
f 465/1241/793 464/1119/722 472/1118/721
f 475/1121/724 473/1242/794 466/1243/794
f 466/1243/794 465/1122/725 475/1121/724
f 483/1244/795 484/1245/796 477/1246/797 482/1247/795
f 468/1248/798 467/1249/798 465/1122/798 466/1243/798
f 496/1250/799 500/1251/799 490/1252/799 495/1253/799
f 470/1254/800 468/1255/800 466/1256/800 471/1257/800
f 483/1258/801 481/1259/801 479/1260/801 484/1126/801
f 487/1165/802 477/1246/797 484/1245/796 485/1166/802
f 441/1261/771 435/1262/707 448/1263/706 436/1264/772
f 462/1175/757 461/1171/753 422/1146/755 428/1173/757
f 451/1214/803 450/1213/803 462/1265/803 463/1266/803
f 478/1181/758 486/1267/804 488/1182/759
f 495/1228/805 490/1268/806 491/1269/807 493/1225/805
f 478/1270/773 480/1162/808 482/1161/774
f 437/1271/809 438/1272/809 440/1198/809 439/1201/809
f 481/1163/810 480/1162/810 478/1270/810 479/1273/810
f 454/1274/811 449/1275/811 450/1276/811 452/1277/811
f 484/1126/729 479/1260/812 489/1127/730
f 490/1278/806 497/1279/813 491/1280/807
f 497/1281/814 498/1282/815 491/1283/816
f 498/1282/815 492/1284/817 491/1283/816
f 470/1285/818 471/1239/791 464/1238/790 469/1286/818
f 461/1113/717 462/1287/819 450/1288/819 449/1111/715
f 469/1231/820 467/1234/820 468/1289/820 470/1290/820
f 444/1217/778 447/1218/778 441/1106/778 440/1215/778
f 474/1291/821 471/1292/821 466/1293/821 473/1294/821
f 419/1295/822 421/1296/822 425/1297/822 423/1298/822
f 502/1299/823 527/1300/824 525/1301/825
f 539/1302/826 542/1303/826 514/1304/827
f 508/1305/828 506/1306/829 554/1307/830
f 502/1308/831 571/1309/832 509/1310/832
f 508/1305/833 580/1311/833 579/1312/833
f 507/1313/834 558/1314/835 556/1315/836
f 530/1316/837 517/1317/838 501/1318/839
f 517/1319/840 523/1320/841 528/1321/842
f 538/1322/843 542/1303/844 539/1302/845
f 531/1323/846 539/1324/847 543/1325/848
f 540/1326/849 541/1327/850 538/1328/850
f 558/1329/851 554/1330/852 546/1331/853
f 554/1332/854 557/1333/855 547/1334/856
f 559/1335/857 569/1336/858 568/1337/859
f 566/1338/860 571/1339/861 567/1340/862
f 576/1341/863 574/1342/863 581/1343/863
f 574/1344/864 580/1345/864 581/1346/864
f 504/1347/865 514/1348/866 529/1349/867
f 514/1348/866 528/1350/868 529/1349/867
f 529/1349/867 526/1351/869 504/1347/865
f 513/1352/870 502/1299/823 525/1301/825
f 524/1353/871 513/1352/870 525/1301/825
f 504/1347/865 526/1351/869 527/1300/824
f 502/1299/823 504/1347/865 527/1300/824
f 540/1354/826 508/1355/872 541/1356/873
f 508/1355/872 515/1357/874 541/1356/873
f 515/1357/874 514/1304/827 541/1356/873
f 514/1304/827 504/1358/826 539/1302/826
f 541/1356/873 514/1304/827 542/1303/826
f 516/1359/875 556/1315/836 555/1360/876
f 516/1359/875 555/1360/876 506/1361/829
f 555/1360/876 557/1362/877 506/1361/829
f 506/1361/829 557/1362/877 554/1363/830
f 558/1364/835 515/1365/878 508/1305/828
f 554/1307/830 558/1364/835 508/1305/828
f 515/1357/874 507/1366/879 503/1367/879 514/1304/827
f 512/1368/880 511/1369/880 510/1370/880 509/1371/880
f 527/1372/881 526/1373/881 520/1374/881 519/1375/881
f 564/1376/882 562/1377/882 563/1378/882 565/1379/882
f 569/1380/832 567/1381/832 502/1308/831
f 506/1382/883 512/1383/832 568/1384/832
f 512/1383/832 509/1310/832 570/1385/832
f 568/1384/832 512/1383/832 570/1385/832
f 509/1310/832 571/1309/832 570/1385/832
f 569/1380/832 502/1308/831 506/1382/883
f 568/1384/832 569/1380/832 506/1382/883
f 502/1308/831 567/1381/832 571/1309/832
f 543/1386/884 539/1387/885 504/1388/886
f 514/1348/866 503/1389/887 517/1317/838 528/1350/868
f 510/1370/888 511/1369/888 544/1390/888
f 508/1391/888 540/1392/888 545/1393/888
f 508/1391/888 545/1393/888 511/1369/888
f 545/1393/888 544/1390/888 511/1369/888
f 508/1305/833 511/1394/833 580/1311/833
f 511/1394/833 582/1395/833 581/1396/833
f 581/1396/833 580/1311/833 511/1394/833
f 572/1397/833 512/1398/833 506/1306/833
f 579/1312/833 572/1397/833 506/1306/833
f 579/1312/833 506/1306/833 508/1305/833
f 572/1397/833 582/1395/833 512/1398/833
f 582/1395/833 511/1394/833 512/1398/833
f 560/1399/889 570/1400/890 571/1401/891 561/1402/891
f 516/1359/875 505/1403/892 556/1315/836
f 505/1403/892 507/1313/834 556/1315/836
f 507/1313/834 515/1404/878 558/1314/835
f 578/1405/863 576/1341/863 581/1343/863 582/1406/863
f 510/1370/893 504/1388/865 502/1407/823 509/1371/893
f 503/1389/887 501/1318/839 517/1317/838
f 501/1318/839 513/1352/870 530/1316/837
f 513/1352/870 524/1353/871 530/1316/837
f 513/1408/894 501/1409/895 505/1403/895 516/1359/896
f 524/1410/897 525/1411/898 518/1412/899
f 518/1413/899 530/1414/900 524/1415/897
f 522/1416/901 523/1417/902 518/1418/903 521/1419/901
f 560/1420/904 564/1421/905 559/1335/857 568/1337/859
f 527/1422/906 519/1423/906 521/1424/906
f 534/1425/907 535/1426/907 537/1427/907 536/1428/907
f 535/1429/908 534/1430/908 532/1431/908 533/1432/908
f 502/1308/831 513/1433/894 516/1434/896 506/1382/883
f 522/1435/909 520/1436/909 526/1437/909
f 523/1320/841 529/1438/910 528/1321/842
f 539/1302/845 531/1439/911 538/1322/843
f 538/1322/843 541/1356/912 542/1303/844
f 521/1424/906 518/1412/906 525/1411/906 527/1422/906
f 537/1440/913 538/1322/843 531/1439/911 536/1441/913
f 537/1442/914 535/1443/914 533/1444/914 538/1328/914
f 575/1445/915 576/1341/915 578/1405/915 577/1446/915
f 575/1447/916 573/1448/916 574/1449/916 576/1450/916
f 551/1451/917 546/1331/917 547/1452/917 549/1453/917
f 538/1328/850 533/1444/918 540/1326/849
f 533/1444/918 545/1454/919 540/1326/849
f 558/1455/920 546/1456/921 553/1457/922
f 553/1457/922 556/1458/923 558/1455/920
f 547/1452/924 546/1331/853 554/1330/852
f 557/1333/855 555/1459/925 548/1460/925
f 548/1460/925 547/1334/856 557/1333/855
f 565/1379/926 566/1461/927 559/1462/928 564/1376/926
f 550/1463/929 549/1464/929 547/1334/929 548/1460/929
f 578/1465/930 582/1466/930 572/1467/930 577/1468/930
f 552/1469/931 550/1470/931 548/1471/931 553/1472/931
f 565/1473/932 563/1474/932 561/1475/932 566/1338/932
f 569/1476/933 559/1477/928 566/1478/927 567/1479/933
f 523/1417/902 517/1317/838 530/1316/837 518/1418/903
f 544/1390/888 543/1386/884 504/1388/886 510/1370/888
f 533/1432/934 532/1431/934 544/1480/934 545/1481/934
f 560/1420/889 568/1337/935 570/1482/890
f 577/1468/936 572/1467/937 573/1483/938 575/1484/936
f 560/1485/904 562/1377/939 564/1376/905
f 519/1486/940 520/1436/940 522/1435/940 521/1487/940
f 563/1488/941 562/1489/941 560/1490/941 561/1491/941
f 536/1428/942 531/1492/942 532/1493/942 534/1425/942
f 566/1338/860 561/1475/943 571/1339/861
f 572/1467/937 579/1494/944 573/1483/938
f 579/1495/945 580/1496/946 573/1497/947
f 580/1496/946 574/1498/948 573/1497/947
f 552/1499/949 553/1457/922 546/1456/921 551/1500/949
f 543/1325/848 544/1501/950 532/1502/950 531/1323/846
f 551/1503/951 549/1504/951 550/1505/951 552/1506/951
f 526/1437/909 529/1507/909 523/1508/909 522/1435/909
f 556/1315/952 553/1472/952 548/1471/952 555/1360/952
f 501/1409/953 503/1509/953 507/1313/953 505/1403/953
f 584/1510/954 609/1511/955 607/1512/956
f 621/1513/957 624/1514/957 596/1515/958
f 590/1516/959 588/1517/960 636/1518/961
f 584/1519/962 653/1520/963 591/1521/963
f 590/1522/964 662/1523/964 661/1524/964
f 589/1525/965 640/1526/966 638/1527/967
f 612/1528/968 599/1529/969 583/1530/970
f 599/1531/971 605/1532/972 610/1533/973
f 620/1534/974 624/1535/975 621/1536/976
f 613/1537/977 621/1536/978 625/1538/979
f 622/1539/980 623/1540/981 620/1541/981
f 640/1542/982 636/1543/983 628/1544/984
f 636/1543/985 639/1545/986 629/1546/987
f 641/1547/988 651/1548/989 650/1549/990
f 648/1550/991 653/1551/992 649/1552/993
f 658/1553/994 656/1554/994 663/1555/994
f 656/1554/995 662/1556/995 663/1555/995
f 586/1557/996 596/1558/997 611/1559/998
f 596/1558/997 610/1560/999 611/1559/998
f 611/1559/998 608/1561/1000 586/1557/996
f 595/1562/1001 584/1510/954 607/1512/956
f 606/1563/1002 595/1562/1001 607/1512/956
f 586/1557/996 608/1561/1000 609/1511/955
f 584/1510/954 586/1557/996 609/1511/955
f 622/1564/957 590/1565/1003 623/1566/1004
f 590/1565/1003 597/1567/1005 623/1566/1004
f 597/1567/1005 596/1515/958 623/1566/1004
f 596/1515/958 586/1568/957 621/1513/957
f 623/1566/1004 596/1515/958 624/1514/957
f 598/1569/1006 638/1527/967 637/1570/1007
f 598/1569/1006 637/1570/1007 588/1517/960
f 637/1570/1007 639/1571/1008 588/1517/960
f 588/1517/960 639/1571/1008 636/1518/961
f 640/1526/966 597/1572/1009 590/1516/959
f 636/1518/961 640/1526/966 590/1516/959
f 597/1567/1005 589/1573/1010 585/1574/1010 596/1515/958
f 594/1575/1011 593/1576/1011 592/1577/1011 591/1578/1011
f 609/1579/1012 608/1580/1012 602/1581/1012 601/1582/1012
f 646/1583/1013 644/1584/1013 645/1585/1013 647/1586/1013
f 651/1587/963 649/1588/963 584/1519/962
f 588/1589/1014 594/1590/963 650/1591/963
f 594/1590/963 591/1521/963 652/1592/963
f 650/1591/963 594/1590/963 652/1592/963
f 591/1521/963 653/1520/963 652/1592/963
f 651/1587/963 584/1519/962 588/1589/1014
f 650/1591/963 651/1587/963 588/1589/1014
f 584/1519/962 649/1588/963 653/1520/963
f 625/1593/1015 621/1513/1016 586/1568/1017
f 596/1558/997 585/1594/1018 599/1529/969 610/1560/999
f 592/1595/1019 593/1596/1019 626/1597/1019
f 590/1565/1019 622/1564/1019 627/1598/1019
f 590/1565/1019 627/1598/1019 593/1596/1019
f 627/1598/1019 626/1597/1019 593/1596/1019
f 590/1522/964 593/1599/964 662/1523/964
f 593/1599/964 664/1600/964 663/1601/964
f 663/1601/964 662/1523/964 593/1599/964
f 654/1602/964 594/1603/964 588/1604/964
f 661/1524/964 654/1602/964 588/1604/964
f 661/1524/964 588/1604/964 590/1522/964
f 654/1602/964 664/1600/964 594/1603/964
f 664/1600/964 593/1599/964 594/1603/964
f 642/1605/1020 652/1606/1021 653/1607/1022 643/1608/1022
f 598/1569/1006 587/1609/1023 638/1527/967
f 587/1609/1023 589/1525/965 638/1527/967
f 589/1525/965 597/1572/1009 640/1526/966
f 660/1610/994 658/1553/994 663/1555/994 664/1611/994
f 592/1577/1024 586/1612/996 584/1613/954 591/1578/1024
f 585/1594/1018 583/1530/970 599/1529/969
f 583/1530/970 595/1562/1001 612/1528/968
f 595/1562/1001 606/1563/1002 612/1528/968
f 595/1614/1025 583/1615/1026 587/1616/1026 598/1617/1027
f 606/1618/1028 607/1619/1029 600/1620/1030
f 600/1620/1030 612/1621/1031 606/1618/1028
f 604/1622/1032 605/1623/1033 600/1624/1034 603/1625/1032
f 642/1626/1035 646/1627/1036 641/1547/988 650/1549/990
f 609/1628/1037 601/1629/1037 603/1630/1037
f 616/1631/1038 617/1632/1038 619/1633/1038 618/1634/1038
f 617/1635/1039 616/1636/1039 614/1637/1039 615/1638/1039
f 584/1519/962 595/1614/1025 598/1617/1027 588/1589/1014
f 604/1639/1040 602/1640/1040 608/1641/1040
f 605/1532/972 611/1642/1041 610/1533/973
f 621/1536/976 613/1537/1042 620/1534/974
f 620/1534/974 623/1643/1043 624/1535/975
f 603/1630/1037 600/1620/1037 607/1619/1037 609/1628/1037
f 619/1633/1044 620/1644/974 613/1645/1042 618/1634/1044
f 619/1633/1045 617/1632/1045 615/1646/1045 620/1644/1045
f 657/1647/1046 658/1648/1046 660/1649/1046 659/1650/1046
f 657/1647/1047 655/1651/1047 656/1652/1047 658/1648/1047
f 633/1653/1048 628/1654/1048 629/1655/1048 631/1656/1048
f 620/1541/981 615/1657/1049 622/1539/980
f 615/1657/1049 627/1658/1050 622/1539/980
f 640/1659/1051 628/1660/1052 635/1661/1053
f 635/1661/1053 638/1662/1054 640/1659/1051
f 629/1546/1055 628/1544/984 636/1543/983
f 639/1663/986 637/1664/1056 630/1665/1056
f 630/1665/1056 629/1666/987 639/1663/986
f 647/1667/1057 648/1668/1058 641/1669/1059 646/1670/1057
f 632/1671/1060 631/1672/1060 629/1673/1060 630/1674/1060
f 660/1675/1061 664/1676/1061 654/1677/1061 659/1678/1061
f 634/1679/1062 632/1680/1062 630/1681/1062 635/1682/1062
f 647/1586/1063 645/1585/1063 643/1683/1063 648/1684/1063
f 651/1587/1064 641/1669/1059 648/1668/1058 649/1588/1064
f 605/1623/1033 599/1529/969 612/1528/968 600/1624/1034
f 626/1597/1019 625/1593/1015 586/1568/1017 592/1595/1019
f 615/1685/1065 614/1686/1065 626/1687/1065 627/1688/1065
f 642/1605/1020 650/1689/1066 652/1606/1021
f 659/1690/1067 654/1691/1068 655/1692/1069 657/1693/1067
f 642/1626/1035 644/1694/1070 646/1627/1036
f 601/1695/1071 602/1696/1071 604/1697/1071 603/1698/1071
f 645/1585/1072 644/1584/1072 642/1699/1072 643/1683/1072
f 618/1700/1073 613/1701/1073 614/1702/1073 616/1703/1073
f 648/1550/991 643/1704/1074 653/1551/992
f 654/1691/1068 661/1705/1075 655/1692/1069
f 661/1706/1076 662/1707/1077 655/1708/1078
f 662/1707/1077 656/1709/1079 655/1708/1078
f 634/1679/1080 635/1682/1053 628/1710/1052 633/1711/1080
f 625/1712/979 626/1713/1081 614/1702/1081 613/1701/977
f 633/1714/1082 631/1672/1082 632/1671/1082 634/1715/1082
f 608/1641/1040 611/1642/1040 605/1532/1040 604/1639/1040
f 638/1716/1083 635/1717/1083 630/1665/1083 637/1664/1083
f 583/1530/1084 585/1594/1084 589/1718/1084 587/1719/1084
usemtl branch_color.001
f 174/454/299 199/455/300 197/456/301
f 211/457/302 214/458/302 186/459/303
f 180/460/304 178/461/305 226/462/306
f 174/463/307 243/464/308 181/465/308
f 180/466/309 252/467/309 251/468/309
f 179/469/310 230/470/311 228/471/312
f 202/472/313 189/473/314 173/474/315
f 189/473/316 195/475/317 200/476/318
f 210/477/319 214/458/320 211/457/321
f 203/478/322 211/479/323 215/480/324
f 212/481/325 213/482/326 210/483/326
f 230/484/327 226/485/328 218/486/329
f 226/485/330 229/487/331 219/488/332
f 231/489/333 241/490/334 240/491/335
f 238/492/336 243/493/337 239/494/338
f 248/495/339 246/496/339 253/497/339
f 246/498/340 252/499/340 253/500/340
f 176/501/341 186/459/342 201/502/343
f 186/459/342 200/476/344 201/502/343
f 201/502/343 198/503/345 176/501/341
f 185/504/346 174/454/299 197/456/301
f 196/505/347 185/504/346 197/456/301
f 176/501/341 198/503/345 199/455/300
f 174/454/299 176/501/341 199/455/300
f 212/506/302 180/507/348 213/508/349
f 180/507/348 187/509/350 213/508/349
f 187/509/350 186/459/303 213/508/349
f 186/459/303 176/501/302 211/457/302
f 213/508/349 186/459/303 214/458/302
f 188/510/351 228/471/312 227/511/352
f 188/510/351 227/511/352 178/461/305
f 227/511/352 229/512/353 178/461/305
f 178/461/305 229/512/353 226/462/306
f 230/470/311 187/513/354 180/460/304
f 226/462/306 230/470/311 180/460/304
f 187/509/350 179/514/355 175/515/355 186/459/303
f 184/516/356 183/517/356 182/518/356 181/519/356
f 199/520/357 198/521/357 192/522/357 191/523/357
f 236/524/358 234/525/358 235/526/358 237/527/358
f 241/490/308 239/528/308 174/463/307
f 178/529/359 184/530/308 240/491/308
f 184/530/308 181/465/308 242/531/308
f 240/491/308 184/530/308 242/531/308
f 181/465/308 243/464/308 242/531/308
f 241/490/308 174/463/307 178/529/359
f 240/491/308 241/490/308 178/529/359
f 174/463/307 239/528/308 243/464/308
f 215/532/360 211/533/361 176/534/362
f 186/459/342 175/515/363 189/473/314 200/476/344
f 182/535/364 183/536/364 216/537/364
f 180/538/364 212/539/364 217/540/364
f 180/538/364 217/540/364 183/536/364
f 217/540/364 216/537/364 183/536/364
f 180/466/309 183/541/309 252/467/309
f 183/541/309 254/542/309 253/543/309
f 253/543/309 252/467/309 183/541/309
f 244/544/309 184/530/309 178/529/309
f 251/468/309 244/544/309 178/529/309
f 251/468/309 178/529/309 180/466/309
f 244/544/309 254/542/309 184/530/309
f 254/542/309 183/541/309 184/530/309
f 232/545/365 242/546/366 243/547/367 233/548/367
f 188/510/351 177/549/368 228/471/312
f 177/549/368 179/469/310 228/471/312
f 179/469/310 187/513/354 230/470/311
f 250/550/339 248/495/339 253/497/339 254/551/339
f 182/518/369 176/552/341 174/553/299 181/519/369
f 175/515/363 173/474/315 189/473/314
f 173/474/315 185/504/346 202/472/313
f 185/504/346 196/505/347 202/472/313
f 185/554/370 173/555/371 177/556/371 188/557/372
f 196/558/373 197/559/374 190/560/375
f 190/561/375 202/562/376 196/563/373
f 194/564/377 195/565/378 190/561/379 193/566/377
f 232/567/380 236/568/381 231/489/333 240/491/335
f 199/569/382 191/570/382 193/571/382
f 206/572/383 207/573/383 209/574/383 208/575/383
f 207/576/384 206/577/384 204/578/384 205/579/384
f 174/580/307 185/554/370 188/557/372 178/581/359
f 194/582/385 192/583/385 198/503/385
f 195/475/317 201/502/386 200/476/318
f 211/457/321 203/584/387 210/477/319
f 210/477/319 213/508/388 214/458/320
f 193/571/382 190/585/382 197/586/382 199/569/382
f 209/587/389 210/477/319 203/584/387 208/588/389
f 209/574/390 207/573/390 205/589/390 210/590/390
f 247/591/391 248/592/391 250/593/391 249/594/391
f 247/595/392 245/596/392 246/496/392 248/495/392
f 223/597/393 218/598/393 219/599/393 221/600/393
f 210/483/326 205/601/394 212/481/325
f 205/601/394 217/602/395 212/481/325
f 230/603/396 218/604/397 225/605/398
f 225/605/398 228/606/399 230/603/396
f 219/488/400 218/486/329 226/485/328
f 229/487/331 227/607/401 220/608/401
f 220/608/401 219/488/332 229/487/331
f 237/609/402 238/610/403 231/611/404 236/612/402
f 222/613/405 221/614/405 219/615/405 220/616/405
f 250/593/406 254/617/406 244/618/406 249/594/406
f 224/619/407 222/620/407 220/621/407 225/622/407
f 237/527/408 235/526/408 233/623/408 238/624/408
f 241/625/409 231/611/404 238/610/403 239/626/409
f 195/565/378 189/627/314 202/562/313 190/561/379
f 216/537/364 215/532/360 176/534/362 182/535/364
f 205/628/410 204/629/410 216/630/410 217/631/410
f 232/545/365 240/632/411 242/546/366
f 249/633/412 244/544/413 245/634/414 247/635/412
f 232/567/380 234/636/415 236/568/381
f 191/570/416 192/637/416 194/638/416 193/571/416
f 235/526/417 234/525/417 232/639/417 233/623/417
f 208/640/418 203/641/418 204/578/418 206/577/418
f 238/492/336 233/642/419 243/493/337
f 244/544/413 251/468/420 245/634/414
f 251/643/421 252/644/422 245/645/423
f 252/644/422 246/646/424 245/645/423
f 224/619/425 225/622/398 218/647/397 223/648/425
f 215/480/324 216/649/426 204/650/426 203/478/322
f 223/597/427 221/600/427 222/651/427 224/652/427
f 198/503/385 201/502/385 195/475/385 194/582/385
f 228/653/428 225/654/428 220/655/428 227/656/428
f 173/657/429 175/658/429 179/469/429 177/549/429
f 256/659/430 281/660/431 279/661/432
f 293/662/433 296/663/433 268/664/434
f 262/665/435 260/666/436 308/667/437
f 256/668/438 325/669/439 263/670/439
f 262/671/440 334/672/440 333/673/440
f 261/674/441 312/675/442 310/676/443
f 284/677/444 271/678/445 255/679/446
f 271/680/447 277/681/448 282/682/449
f 292/683/450 296/684/451 293/685/452
f 285/686/453 293/687/454 297/688/455
f 294/689/456 295/690/457 292/691/457
f 312/692/458 308/693/459 300/694/460
f 308/695/461 311/696/462 301/697/463
f 313/698/464 323/699/465 322/700/466
f 320/701/467 325/702/468 321/703/469
f 330/704/470 328/705/470 335/706/470
f 328/705/471 334/707/471 335/706/471
f 258/708/472 268/709/473 283/710/474
f 268/709/473 282/711/475 283/710/474
f 283/710/474 280/712/476 258/708/472
f 267/713/477 256/659/430 279/661/432
f 278/714/478 267/713/477 279/661/432
f 258/708/472 280/712/476 281/660/431
f 256/659/430 258/708/472 281/660/431
f 294/689/433 262/715/479 295/690/480
f 262/715/479 269/716/481 295/690/480
f 269/716/481 268/664/434 295/690/480
f 268/664/434 258/717/433 293/662/433
f 295/690/480 268/664/434 296/663/433
f 270/718/482 310/676/443 309/719/483
f 270/718/482 309/719/483 260/666/436
f 309/719/483 311/720/484 260/666/436
f 260/666/436 311/720/484 308/667/437
f 312/675/442 269/721/485 262/665/435
f 308/667/437 312/675/442 262/665/435
f 269/716/481 261/722/486 257/723/486 268/664/434
f 266/724/487 265/725/487 264/726/487 263/727/487
f 281/728/488 280/729/488 274/730/488 273/731/488
f 318/732/489 316/733/489 317/734/489 319/735/489
f 323/736/439 321/737/439 256/668/438
f 260/738/490 266/739/439 322/740/439
f 266/739/439 263/670/439 324/741/439
f 322/740/439 266/739/439 324/741/439
f 263/670/439 325/669/439 324/741/439
f 323/736/439 256/668/438 260/738/490
f 322/740/439 323/736/439 260/738/490
f 256/668/438 321/737/439 325/669/439
f 297/742/491 293/743/492 258/708/493
f 268/709/473 257/744/494 271/745/445 282/711/475
f 264/746/495 265/747/495 298/748/495
f 262/749/495 294/750/495 299/751/495
f 262/749/495 299/751/495 265/747/495
f 299/751/495 298/748/495 265/747/495
f 262/671/440 265/725/440 334/672/440
f 265/725/440 336/752/440 335/753/440
f 335/753/440 334/672/440 265/725/440
f 326/754/440 266/724/440 260/755/440
f 333/673/440 326/754/440 260/755/440
f 333/673/440 260/755/440 262/671/440
f 326/754/440 336/752/440 266/724/440
f 336/752/440 265/725/440 266/724/440
f 314/756/496 324/757/497 325/758/498 315/759/498
f 270/718/482 259/760/499 310/676/443
f 259/760/499 261/674/441 310/676/443
f 261/674/441 269/721/485 312/675/442
f 332/761/470 330/704/470 335/706/470 336/762/470
f 264/746/500 258/708/472 256/659/430 263/763/500
f 257/744/494 255/764/446 271/745/445
f 255/764/446 267/713/477 284/765/444
f 267/713/477 278/714/478 284/765/444
f 267/766/501 255/767/502 259/768/502 270/769/503
f 278/770/504 279/771/505 272/772/506
f 272/772/506 284/773/507 278/770/504
f 276/774/508 277/775/509 272/776/510 275/777/508
f 314/778/511 318/779/512 313/698/464 322/700/466
f 281/780/513 273/781/513 275/777/513
f 288/782/514 289/783/514 291/784/514 290/785/514
f 289/786/515 288/787/515 286/788/515 287/789/515
f 256/668/438 267/766/501 270/769/503 260/738/490
f 276/790/516 274/791/516 280/712/516
f 277/681/448 283/792/517 282/682/449
f 293/685/452 285/793/518 292/683/450
f 292/683/450 295/794/519 296/684/451
f 275/777/513 272/776/513 279/795/513 281/780/513
f 291/784/520 292/796/450 285/797/518 290/785/520
f 291/798/521 289/799/521 287/800/521 292/691/521
f 329/801/522 330/802/522 332/803/522 331/804/522
f 329/805/523 327/806/523 328/807/523 330/808/523
f 305/809/524 300/694/524 301/810/524 303/811/524
f 292/691/457 287/800/525 294/689/456
f 287/800/525 299/812/526 294/689/456
f 312/813/527 300/814/528 307/815/529
f 307/815/529 310/816/530 312/813/527
f 301/810/531 300/694/460 308/693/459
f 311/696/462 309/817/532 302/818/532
f 302/818/532 301/697/463 311/696/462
f 319/819/533 320/820/534 313/821/535 318/822/533
f 304/823/536 303/824/536 301/825/536 302/826/536
f 332/827/537 336/828/537 326/829/537 331/830/537
f 306/831/538 304/832/538 302/833/538 307/834/538
f 319/819/539 317/835/539 315/836/539 320/820/539
f 323/736/540 313/821/535 320/820/534 321/737/540
f 277/837/509 271/838/445 284/839/444 272/840/510
f 298/748/495 297/742/491 258/708/493 264/746/495
f 287/841/541 286/842/541 298/843/541 299/844/541
f 314/756/496 322/845/542 324/757/497
f 331/804/543 326/846/544 327/847/545 329/801/543
f 314/848/511 316/733/546 318/732/512
f 273/849/547 274/791/547 276/790/547 275/850/547
f 317/734/548 316/733/548 314/848/548 315/851/548
f 290/785/549 285/797/549 286/852/549 288/782/549
f 320/701/467 315/853/550 325/702/468
f 326/854/544 333/855/551 327/856/545
f 333/857/552 334/858/553 327/806/554
f 334/858/553 328/807/555 327/806/554
f 306/859/556 307/860/529 300/861/528 305/862/556
f 297/688/455 298/863/557 286/864/557 285/686/453
f 305/862/558 303/865/558 304/866/558 306/859/558
f 280/712/516 283/710/516 277/867/516 276/790/516
f 310/676/559 307/834/559 302/833/559 309/719/559
f 255/868/560 257/869/560 261/870/560 259/871/560
usemtl branch_color.003
f 666/1720/1085 691/1721/1086 689/1722/1087
f 703/1723/1088 706/1724/1088 678/1725/1089
f 672/1726/1090 670/1727/1091 718/1728/1092
f 666/1729/1093 735/1730/1094 673/1731/1094
f 672/1732/1095 744/1733/1095 743/1734/1095
f 671/1735/1096 722/1736/1097 720/1737/1098
f 694/1738/1099 681/1739/1100 665/1740/1101
f 681/1741/1102 687/1742/1103 692/1743/1104
f 702/1744/1105 706/1745/1106 703/1746/1107
f 695/1747/1108 703/1748/1109 707/1749/1110
f 704/1750/1111 705/1751/1112 702/1752/1112
f 722/1753/1113 718/1754/1114 710/1755/1115
f 718/1756/1116 721/1757/1117 711/1758/1118
f 723/1759/1119 733/1760/1120 732/1761/1121
f 730/1762/1122 735/1763/1123 731/1764/1124
f 740/1765/1125 738/1766/1125 745/1767/1125
f 738/1768/1126 744/1769/1126 745/1770/1126
f 668/1771/1127 678/1772/1128 693/1773/1129
f 678/1772/1128 692/1774/1130 693/1773/1129
f 693/1773/1129 690/1775/1131 668/1771/1127
f 677/1776/1132 666/1720/1085 689/1722/1087
f 688/1777/1133 677/1776/1132 689/1722/1087
f 668/1771/1127 690/1775/1131 691/1721/1086
f 666/1720/1085 668/1771/1127 691/1721/1086
f 704/1778/1088 672/1779/1134 705/1780/1135
f 672/1779/1134 679/1781/1136 705/1780/1135
f 679/1781/1136 678/1725/1089 705/1780/1135
f 678/1725/1089 668/1782/1088 703/1723/1088
f 705/1780/1135 678/1725/1089 706/1724/1088
f 680/1783/1137 720/1737/1098 719/1784/1138
f 680/1783/1137 719/1784/1138 670/1727/1091
f 719/1784/1138 721/1785/1139 670/1727/1091
f 670/1727/1091 721/1785/1139 718/1728/1092
f 722/1736/1097 679/1786/1140 672/1726/1090
f 718/1728/1092 722/1736/1097 672/1726/1090
f 679/1787/1136 671/1788/1141 667/1789/1141 678/1790/1089
f 676/1791/1142 675/1792/1142 674/1793/1142 673/1731/1142
f 691/1794/1143 690/1795/1143 684/1796/1143 683/1797/1143
f 728/1798/1144 726/1799/1144 727/1800/1144 729/1801/1144
f 733/1802/1094 731/1803/1094 666/1729/1093
f 670/1804/1145 676/1791/1094 732/1805/1094
f 676/1791/1094 673/1731/1094 734/1806/1094
f 732/1805/1094 676/1791/1094 734/1806/1094
f 673/1731/1094 735/1730/1094 734/1806/1094
f 733/1802/1094 666/1729/1093 670/1804/1145
f 732/1805/1094 733/1802/1094 670/1804/1145
f 666/1729/1093 731/1803/1094 735/1730/1094
f 707/1807/1146 703/1723/1147 668/1782/1148
f 678/1790/1128 667/1789/1149 681/1741/1100 692/1743/1130
f 674/1808/1150 675/1809/1150 708/1810/1150
f 672/1779/1150 704/1778/1150 709/1811/1150
f 672/1779/1150 709/1811/1150 675/1809/1150
f 709/1811/1150 708/1810/1150 675/1809/1150
f 672/1732/1095 675/1792/1095 744/1733/1095
f 675/1792/1095 746/1812/1095 745/1813/1095
f 745/1813/1095 744/1733/1095 675/1792/1095
f 736/1814/1095 676/1791/1095 670/1804/1095
f 743/1734/1095 736/1814/1095 670/1804/1095
f 743/1734/1095 670/1804/1095 672/1732/1095
f 736/1814/1095 746/1812/1095 676/1791/1095
f 746/1812/1095 675/1792/1095 676/1791/1095
f 724/1815/1151 734/1816/1152 735/1817/1153 725/1818/1153
f 680/1783/1137 669/1819/1154 720/1737/1098
f 669/1819/1154 671/1735/1096 720/1737/1098
f 671/1735/1096 679/1786/1140 722/1736/1097
f 742/1820/1125 740/1765/1125 745/1767/1125 746/1821/1125
f 674/1822/1155 668/1771/1127 666/1720/1085 673/1823/1155
f 667/1789/1149 665/1824/1101 681/1741/1100
f 665/1740/1101 677/1776/1132 694/1738/1099
f 677/1776/1132 688/1777/1133 694/1738/1099
f 677/1825/1156 665/1826/1157 669/1827/1157 680/1828/1158
f 688/1829/1159 689/1830/1160 682/1831/1161
f 682/1831/1161 694/1832/1162 688/1829/1159
f 686/1833/1163 687/1834/1164 682/1835/1165 685/1836/1163
f 724/1837/1166 728/1838/1167 723/1839/1119 732/1840/1121
f 691/1721/1168 683/1841/1168 685/1836/1168
f 698/1842/1169 699/1843/1169 701/1844/1169 700/1845/1169
f 699/1846/1170 698/1847/1170 696/1848/1170 697/1849/1170
f 666/1850/1093 677/1825/1156 680/1828/1158 670/1851/1145
f 686/1852/1171 684/1853/1171 690/1854/1171
f 687/1742/1103 693/1855/1172 692/1743/1104
f 703/1746/1107 695/1856/1173 702/1744/1105
f 702/1744/1105 705/1857/1174 706/1745/1106
f 685/1836/1168 682/1835/1168 689/1722/1168 691/1721/1168
f 701/1858/1175 702/1744/1105 695/1856/1173 700/1859/1175
f 701/1844/1176 699/1843/1176 697/1860/1176 702/1861/1176
f 739/1862/1177 740/1863/1177 742/1864/1177 741/1865/1177
f 739/1866/1178 737/1867/1178 738/1868/1178 740/1869/1178
f 715/1870/1179 710/1755/1179 711/1871/1179 713/1872/1179
f 702/1752/1112 697/1873/1180 704/1750/1111
f 697/1873/1180 709/1874/1181 704/1750/1111
f 722/1875/1182 710/1876/1183 717/1877/1184
f 717/1877/1184 720/1878/1185 722/1875/1182
f 711/1871/1186 710/1755/1115 718/1754/1114
f 721/1757/1117 719/1879/1187 712/1880/1187
f 712/1880/1187 711/1758/1118 721/1757/1117
f 729/1881/1188 730/1882/1189 723/1883/1190 728/1884/1188
f 714/1885/1191 713/1886/1191 711/1887/1191 712/1888/1191
f 742/1889/1192 746/1890/1192 736/1891/1192 741/1892/1192
f 716/1893/1193 714/1894/1193 712/1895/1193 717/1896/1193
f 729/1801/1194 727/1800/1194 725/1897/1194 730/1898/1194
f 733/1899/1195 723/1883/1190 730/1882/1189 731/1900/1195
f 687/1742/1164 681/1741/1100 694/1901/1099 682/1902/1165
f 708/1810/1150 707/1807/1146 668/1782/1148 674/1808/1150
f 697/1849/1196 696/1848/1196 708/1903/1196 709/1904/1196
f 724/1815/1151 732/1905/1197 734/1816/1152
f 741/1865/1198 736/1906/1199 737/1907/1200 739/1862/1198
f 724/1837/1166 726/1908/1201 728/1838/1167
f 683/1841/1202 684/1909/1202 686/1833/1202 685/1836/1202
f 727/1910/1203 726/1911/1203 724/1815/1203 725/1818/1203
f 700/1912/1204 695/1747/1204 696/1913/1204 698/1914/1204
f 730/1762/1122 725/1915/1205 735/1763/1123
f 736/1916/1199 743/1917/1206 737/1918/1200
f 743/1919/1207 744/1920/1208 737/1867/1209
f 744/1920/1208 738/1868/1210 737/1867/1209
f 716/1893/1211 717/1896/1184 710/1921/1183 715/1922/1211
f 707/1749/1110 708/1923/1212 696/1913/1212 695/1747/1108
f 715/1922/1213 713/1924/1213 714/1894/1213 716/1893/1213
f 690/1854/1171 693/1925/1171 687/1926/1171 686/1852/1171
f 720/1927/1214 717/1928/1214 712/1929/1214 719/1930/1214
f 665/1824/1215 667/1789/1215 671/1788/1215 669/1931/1215
usemtl trunk_color
f 747/1932/1216 749/1933/1216 750/1934/1216 748/1935/1216
f 755/1936/1217 810/1937/1218 811/1938/1219
f 750/1939/1220 749/1940/1220 751/1941/1221 754/1942/1222
f 747/1943/1223 748/1944/1223 753/1945/1224 752/1946/1225
f 748/1947/1226 750/1948/1226 754/1949/1227 753/1950/1228
f 749/1951/1229 747/1952/1229 752/1953/1230 751/1954/1231
f 761/1955/1232 817/1956/1233 815/1957/1234
f 752/1946/1225 753/1945/1224 757/1958/1235 756/1959/1236
f 754/1949/1227 812/1960/1237 818/1961/1238
f 751/1962/1231 752/1963/1230 756/1964/1239 755/1965/1240
f 758/1966/1241 759/1967/1242 763/1968/1243 762/1969/1244
f 792/1970/1245 759/1967/1242 758/1966/1241 755/1965/1240 756/1964/1239
f 761/1971/1246 814/1972/1247 819/1973/1248
f 757/1974/1249 753/1950/1228 818/1961/1238
f 820/1975/1250 792/1976/1250 756/1977/1250
f 765/1978/1251 762/1979/1252 766/1980/1253 769/1981/1254
f 761/1971/1246 758/1982/1255 762/1979/1252 765/1978/1251
f 759/1983/1256 760/1984/1257 764/1985/1258 763/1986/1259
f 760/1987/1260 761/1955/1232 765/1988/1261 764/1989/1262
f 768/1990/1263 769/1991/1264 773/1992/1265 772/1993/1266
f 763/1994/1259 764/1995/1258 768/1996/1267 767/1997/1268
f 764/1998/1262 765/1999/1261 769/2000/1264 768/2001/1263
f 762/2002/1244 763/1994/1243 767/1997/1269 766/2003/1270
f 773/2004/1271 770/2005/1272 774/2006/1273
f 766/2007/1270 767/2008/1269 771/2009/1274 770/2010/1275
f 769/1981/1254 766/1980/1253 770/2005/1272 773/2004/1271
f 767/1997/1268 768/1996/1267 772/2011/1276 771/2012/1277
f 771/2013/1277 772/2014/1276 774/2015/1278
f 772/1993/1266 773/1992/1265 774/2016/1279
f 770/2010/1275 771/2009/1274 774/2017/1280
f 775/2018/1281 776/2019/1282 819/2020/1283 814/2021/1283 813/2022/1283
f 819/2023/1284 776/2024/1285 778/2025/1286 811/2026/1284 810/2027/1284
f 811/2028/1287 778/2029/1288 777/2030/1289 818/2031/1287 812/2032/1287
f 818/1961/1290 777/2033/1291 775/2034/1292 813/2035/1290
f 777/2030/1289 778/2029/1288 781/2036/1293 782/2037/1294
f 780/2038/1295 779/2039/1296 783/2040/1297 784/2041/1298
f 776/2019/1282 775/2018/1281 779/2039/1296 780/2038/1295
f 775/2034/1292 777/2033/1291 782/2042/1299 779/2043/1300
f 778/2025/1286 776/2024/1285 780/2044/1301 781/2045/1302
f 783/2046/1303 786/2047/1304 790/2048/1305 787/2049/1305
f 779/2043/1300 782/2042/1299 786/2047/1304 783/2046/1303
f 781/2045/1302 780/2044/1301 784/2050/1306 785/2051/1307
f 782/2037/1294 781/2036/1293 785/2052/1308 786/2053/1309
f 789/2054/1310 788/2055/1310 791/2056/1310
f 785/2051/1307 784/2050/1306 788/2055/1311 789/2054/1311
f 786/2053/1309 785/2052/1308 789/2057/1312 790/2058/1312
f 784/2041/1298 783/2040/1297 787/2059/1313 788/2060/1313
f 790/2058/1314 789/2057/1314 791/2061/1314
f 788/2060/1315 787/2059/1315 791/2062/1315
f 787/2049/1316 790/2048/1316 791/2063/1316
f 794/2064/1317 796/2065/1318 815/2066/1319 817/2067/1319 822/2068/1319
f 816/2069/1320 815/1957/1234 796/2070/1321 795/2071/1322 821/2072/1323
f 821/2073/1324 795/2074/1325 793/2075/1326 792/2076/1324 820/2077/1324
f 795/2071/1322 796/2070/1321 799/2078/1327 800/2079/1328
f 798/2080/1329 797/2081/1330 801/2082/1331 802/2083/1332
f 794/2084/1333 793/2085/1334 797/2086/1330 798/2087/1329
f 793/2075/1326 795/2074/1325 800/2088/1335 797/2089/1335
f 796/2065/1318 794/2064/1317 798/2090/1336 799/2091/1336
f 801/2092/1337 804/2093/1338 808/2094/1339 805/2095/1340
f 797/2089/1341 800/2088/1341 804/2093/1338 801/2092/1337
f 799/2091/1342 798/2090/1342 802/2096/1343 803/2097/1344
f 800/2079/1328 799/2078/1327 803/2098/1345 804/2099/1346
f 807/2100/1347 806/2101/1348 809/2102/1349
f 803/2097/1344 802/2096/1343 806/2101/1348 807/2100/1347
f 804/2093/1346 803/2103/1345 807/2104/1350 808/2094/1351
f 802/2096/1332 801/2105/1331 805/2106/1352 806/2101/1352
f 808/2107/1351 807/2108/1350 809/2109/1353
f 806/2110/1354 805/2111/1354 809/2112/1354
f 805/2113/1340 808/2114/1339 809/2115/1355
f 792/2116/1356 793/2085/1334 794/2084/1333 822/2117/1356
f 757/1958/1235 816/2118/1357 821/2073/1357
f 759/1983/1256 792/2119/1358 822/2120/1359
f 818/1961/1238 813/2035/1360 757/1974/1249
f 753/1950/1228 754/1949/1227 818/1961/1238
f 756/1959/1236 757/1958/1235 821/2073/1357
f 821/2073/1357 820/2077/1357 756/1959/1236
f 817/2121/1361 760/1984/1257 822/2120/1359
f 760/1984/1257 759/1983/1256 822/2120/1359
f 816/2069/1320 757/1974/1249 813/2035/1360
f 813/2035/1360 814/2122/1362 816/2069/1320
f 814/2122/1362 761/1955/1232 815/1957/1234
f 761/1955/1232 760/1987/1260 817/1956/1233
f 815/1957/1234 816/2069/1320 814/2122/1362
f 819/1973/1248 810/1937/1218 755/1936/1217
f 755/1936/1217 758/1982/1255 819/1973/1248
f 758/1982/1255 761/1971/1246 819/1973/1248
f 812/2123/1219 754/1942/1222 811/1938/1219
f 754/1942/1222 751/1941/1221 811/1938/1219
f 751/1941/1221 755/1936/1217 811/1938/1219
